condition_id,work_mj_m3,polar_angle_rad,sigma11_mpa,sigma22_mpa
TS003,0.25,0.0,183.81335506945692,0.0
TS003,0.25,0.008726646259971648,184.33067083467392,1.6086293941560763
TS003,0.25,0.017453292519943295,184.8372659244889,3.2263464778661732
TS003,0.25,0.026179938779914945,185.333082998035,4.853117575562155
TS003,0.25,0.03490658503988659,185.8180759865023,6.48891019892471
TS003,0.25,0.04363323129985824,186.29221029717263,8.133693558085376
TS003,0.25,0.05235987755982989,186.75546297390582,9.787439083438631
TS003,0.25,0.061086523819801536,187.20782281250516,11.450120955880426
TS003,0.25,0.06981317007977318,187.64929042962848,13.121716643205799
TS003,0.25,0.07853981633974483,188.0798782841477,14.802207440328914
TS003,0.25,0.08726646259971647,188.49961065010004,16.49157901093428
TS003,0.25,0.09599310885968812,188.90852354060735,18.189821928127397
TS003,0.25,0.10471975511965978,189.30666458236328,19.896932211625213
TS003,0.25,0.11344640137963143,189.69409284049775,21.61291185901093
TS003,0.25,0.12217304763960307,190.07087859382372,23.337769368571934
TS003,0.25,0.1308996938995747,190.43710306063895,25.07152025124142
TS003,0.25,0.13962634015954636,190.7928580754023,26.814187529171946
TS003,0.25,0.14835298641951802,191.13824571671987,28.565802218479423
TS003,0.25,0.15707963267948966,191.4733778871572,30.326403793705836
TS003,0.25,0.16580627893946132,191.79837584544256,32.09604063155508
TS003,0.25,0.17453292519943295,192.11336969163068,33.87477043145436
TS003,0.25,0.1832595714594046,192.41849780576362,35.66266061048078
TS003,0.25,0.19198621771937624,192.71390624048436,37.459788670162645
TS003,0.25,0.2007128639793479,192.99974806793415,39.266242532615884
TS003,0.25,0.20943951023931956,193.27618268108955,41.08212084339947
TS003,0.25,0.2181661564992912,193.54337504947068,42.907533238368394
TS003,0.25,0.22689280275926285,193.80149492887617,44.742600571659636
TS003,0.25,0.23561944901923448,194.05071602447092,46.58745510176296
TS003,0.25,0.24434609527920614,194.29121510616932,48.442240632396015
TS003,0.25,0.2530727415391778,194.52317107481875,50.307112604617224
TS003,0.25,0.2617993877991494,194.74676397719082,52.18223813626273
TS003,0.25,0.27052603405912107,194.96217396723927,54.06779600437954
TS003,0.25,0.2792526803190927,195.16958021046864,55.96397656583543
TS003,0.25,0.2879793265790644,195.36915972759238,57.87098161071504
TS003,0.25,0.29670597283903605,195.56108617292688,59.789024142444745
TS003,0.25,0.30543261909900765,195.74552854218166,61.71832807782638
TS003,0.25,0.3141592653589793,195.9226498034536,63.65912785928422
TS003,0.25,0.32288591161895097,196.0926054443259,65.6116679706382
TS003,0.25,0.33161255787892263,196.2555419270034,67.57620234659491
TS003,0.25,0.34033920413889424,196.41159504238976,69.55299366488859
TS003,0.25,0.3490658503988659,196.5608881529325,71.54231250859563
TS003,0.25,0.35779249665883756,196.70353031293325,73.5444363845806
TS003,0.25,0.3665191429188092,196.83961425385178,75.5596485822983
TS003,0.25,0.3752457891787809,196.96921422092672,77.58823685526673
TS003,0.25,0.3839724354387525,197.0923836462208,79.63049190543737
TS003,0.25,0.39269908169872414,197.20915264198172,81.68670564841473
TS003,0.25,0.4014257279586958,197.31952529701766,83.75716923501803
TS003,0.25,0.41015237421866746,197.4234767576657,85.84217080204529
TS003,0.25,0.4188790204786391,197.5209500739064,87.94199292229835
TS003,0.25,0.4276056667386107,197.6118527903208,90.05690972098924
TS003,0.25,0.4363323129985824,197.69605326095686,92.18718362260267
TS003,0.25,0.44505895925855404,197.77337666686722,94.33306168919287
TS003,0.25,0.4537856055185257,197.84360071520132,96.49477150801584
TS003,0.25,0.4625122517784973,197.90645099942094,98.67251658343892
TS003,0.25,0.47123889803846897,197.96159600162434,100.86647118536216
TS003,0.25,0.4799655442984406,198.0086417203023,103.07677460409522
TS003,0.25,0.4886921905584123,198.04712591034738,105.30352475998012
TS003,0.25,0.49741883681838395,198.07651192707266,107.54677111530492
TS003,0.25,0.5061454830783556,198.09618217269062,109.80650683655905
TS003,0.25,0.5148721293383273,198.10543115251642,112.08266015724524
TS003,0.25,0.5235987755982988,198.103458159524,114.37508489579692
TS003,0.25,0.5323254218582705,198.08935962023247,116.68355009023625
TS003,0.25,0.5410520681182421,198.06212115274545,119.00772872175028
TS003,0.25,0.5497787143782138,198.02060940958913,121.34718551414582
TS003,0.25,0.5585053606381855,197.9635638043061,123.70136381605755
TS003,0.25,0.5672320068981571,197.88958825199452,126.06957159878557
TS003,0.25,0.5759586531581288,197.7971430904718,128.4509666357269
TS003,0.25,0.5846852994181004,197.6845373906569,130.8445409705256
TS003,0.25,0.5934119456780721,197.54992191198124,133.24910483118768
TS003,0.25,0.6021385919380436,197.391283010657,135.66327020716668
TS003,0.25,0.6108652381980153,197.20643786441744,138.0854343761498
TS003,0.25,0.619591884457987,196.99303143517255,140.51376374672546
TS003,0.25,0.6283185307179586,196.7485356483197,142.94617847128305
TS003,0.25,0.6370451769779303,196.4702513206178,145.38033837832148
TS003,0.25,0.6457718232379019,196.1553134128497,147.81363087143583
TS003,0.25,0.6544984694978736,195.80070021301097,150.24316153862108
TS003,0.25,0.6632251157578453,195.40324706340377,152.6657483033783
TS003,0.25,0.6719517620178169,194.95966522274563,155.07792001970765
TS003,0.25,0.6806784082777885,194.46656639371224,157.47592045588493
TS003,0.25,0.6894050545377601,193.92049333889753,159.85571861493256
TS003,0.25,0.6981317007977318,193.31795684688683,162.21302629016807
TS003,0.25,0.7068583470577035,192.6554790903675,164.54332363979364
TS003,0.25,0.7155849933176751,191.9296431393055,166.8418933747994
TS003,0.25,0.7243116395776468,191.13714805906494,169.10386388302484
TS003,0.25,0.7330382858376184,190.27486864771362,171.32426125864163
TS003,0.25,0.7417649320975901,189.33991846816892,173.49806977830042
TS003,0.25,0.7504915783575618,188.32971443661734,175.62029988014345
TS003,0.25,0.7592182246175333,187.24204087274214,177.6860621876115
TS003,0.25,0.767944870877505,186.07511063779424,179.69064561390223
TS003,0.25,0.7766715171374766,184.82762082171735,181.62959712968615
TS003,0.25,0.7853981633974483,183.49880042393113,183.49880042393113
TS003,0.25,0.7941248096574199,182.0884476273667,185.29455048042598
TS003,0.25,0.8028514559173916,180.5969546002696,187.01362106683845
TS003,0.25,0.8115781021773633,179.02531826496488,188.65332230971885
TS003,0.25,0.8203047484373349,177.37513611752217,190.21154590879974
TS003,0.25,0.8290313946973066,175.6485869197844,191.68679610636556
TS003,0.25,0.8377580409572782,173.8483968555134,193.07820523072527
TS003,0.25,0.8464846872172498,171.97779247993185,194.38553341895346
TS003,0.25,0.8552113334772214,170.04044243395674,195.60915292590659
TS003,0.25,0.8639379797371931,168.0403903889866,196.75001817632668
TS003,0.25,0.8726646259971648,165.981982000316,197.80962335478407
TS003,0.25,0.8813912722571364,163.86978876271806,198.789949809395
TS003,0.25,0.8901179185171081,161.70853158680933,199.6934058440094
TS003,0.25,0.8988445647770797,159.50300667386722,200.52276158467103
TS003,0.25,0.9075712110370514,157.25801589725114,201.28108154297274
TS003,0.25,0.9162978572970231,154.9783034449535,201.97165728934704
TS003,0.25,0.9250245035569946,152.66849998552468,202.59794233034614
TS003,0.25,0.9337511498169663,150.33307513001228,203.16349089609153
TS003,0.25,0.9424777960769379,147.9762985092493,203.6719019263762
TS003,0.25,0.9512044423369096,145.60220939285318,204.12676913029685
TS003,0.25,0.9599310885968813,143.214594457775,204.53163761125168
TS003,0.25,0.9686577348568529,140.81697307529942,204.88996721488525
TS003,0.25,0.9773843811168246,138.4125893238585,205.20510248233586
TS003,0.25,0.9861110273767962,136.00440984345047,205.48024887830985
TS003,0.25,0.9948376736367679,133.5951266151691,205.718454811072
TS003,0.25,1.0035643198967394,131.18716376423484,205.92259886366963
TS003,0.25,1.0122909661567112,128.78268753480125,206.09538160464695
TS003,0.25,1.0210176124166828,126.38361865846817,206.2393213332628
TS003,0.25,1.0297442586766545,123.99164642616185,206.35675312992112
TS003,0.25,1.038470904936626,121.60824386696945,206.44983061896704
TS003,0.25,1.0471975511965976,119.23468353156044,206.5205299010587
TS003,0.25,1.0559241974565694,116.8720534676641,206.57065517011551
TS003,0.25,1.064650843716541,114.52127305779241,206.60184559073613
TS003,0.25,1.0733774899765127,112.18310846334113,206.6155830725153
TS003,0.25,1.0821041362364843,109.85818748362618,206.61320063543485
TS003,0.25,1.090830782496456,107.5470136932575,206.59589111387092
TS003,0.25,1.0995574287564276,105.2499797669611,206.5647159948424
TS003,0.25,1.1082840750163994,102.96737993823957,206.5206142285234
TS003,0.25,1.117010721276371,100.69942156802742,206.46441088573965
TS003,0.25,1.1257373675363425,98.44623582269286,206.3968255683916
TS003,0.25,1.1344640137963142,96.20788747833767,206.31848050490004
TS003,0.25,1.1431906600562858,93.98438388124852,206.2299082843353
TS003,0.25,1.1519173063162575,91.77568310339382,206.13155920040234
TS003,0.25,1.160643952576229,89.58170133777827,206.02380819043356
TS003,0.25,1.1693705988362009,87.40231958190182,205.90696136550716
TS003,0.25,1.1780972450961724,85.23738965907418,205.78126213621704
TS003,0.25,1.1868238913561442,83.08673962736206,205.6468969449067
TS003,0.25,1.1955505376161157,80.95017862488324,205.50400061970961
TS003,0.25,1.2042771838760873,78.82750119830555,205.3526613688433
TS003,0.25,1.213003830136059,76.71849115902216,205.1929254355557
TS003,0.25,1.2217304763960306,74.62292500873983,205.02480143516823
TS003,0.25,1.2304571226560024,72.54057497329472,204.84826439597796
TS003,0.25,1.239183768915974,70.47121168052038,204.66325952556272
TS003,0.25,1.2479104151759457,68.41460651500975,204.46970572338165
TS003,0.25,1.2566370614359172,66.37053367972295,204.267498859619
TS003,0.25,1.265363707695889,64.33877199161665,204.05651483904327
TS003,0.25,1.2740903539558606,62.31910643586595,203.83661246734397
TS003,0.25,1.2828170002158321,60.311329500810956,203.60763613599605
TS003,0.25,1.2915436464758039,58.31524231352107,203.36941834025592
TS003,0.25,1.3002702927357754,56.33065559381591,203.12178204342922
TS003,0.25,1.3089969389957472,54.35739044272623,202.86454289911322
TS003,0.25,1.3177235852557188,52.395278979709346,202.59751134171464
TS003,0.25,1.3264502315156905,50.44416484144377,202.32049455420193
TS003,0.25,1.335176877775662,48.50390355371609,202.03329832078134
TS003,0.25,1.3439035240356338,46.57436278675647,201.7357287709935
TS003,0.25,1.3526301702956054,44.6554225033823,201.4275940206285
TS003,0.25,1.361356816555577,42.74697500844354,201.10870571384635
TS003,0.25,1.3700834628155487,40.84892490733435,200.7788804699841
TS003,0.25,1.3788101090755203,38.96118898071571,200.43794123771912
TS003,0.25,1.387536755335492,37.083695982082006,200.08571855855305
TS003,0.25,1.3962634015954636,35.21638636438667,199.72205174097905
TS003,0.25,1.4049900478554354,33.35921194160137,199.3467899461915
TS003,0.25,1.413716694115407,31.512135490818537,198.95979318580066
TS003,0.25,1.4224433403753787,29.675130300296622,198.56093323171183
TS003,0.25,1.4311699866353502,27.848179668691923,198.150094438126
TS003,0.25,1.4398966328953218,26.031276360598955,197.7271744755043
TS003,0.25,1.4486232791552935,24.224422023435274,197.29208497631413
TS003,0.25,1.457349925415265,22.427626570637475,196.84475209242856
TS003,0.25,1.4660765716752369,20.640907536080853,196.38511696418277
TS003,0.25,1.4748032179352084,18.86428940458777,195.91313610128685
TS003,0.25,1.4835298641951802,17.097802923337444,195.42878167605284
TS003,0.25,1.4922565104551517,15.341484398935231,194.93204172970104
TS003,0.25,1.5009831567151235,13.595374984827014,194.4229202928613
TS003,0.25,1.509709802975095,11.859519963660444,193.90143742176699
TS003,0.25,1.5184364492350666,10.133968029085462,193.36762915204685
TS003,0.25,1.5271630954950384,8.418770571358934,192.82154737243715
TS003,0.25,1.53588974175501,6.713980970962682,192.2632596211624
TS003,0.25,1.5446163880149817,5.019653904264238,191.69284880815064
TS003,0.25,1.5533430342749532,3.3358446650459244,191.1104128666536
TS003,0.25,1.562069680534925,1.662608505495408,190.5160643382285
TS003,0.25,1.5707963267948966,1.1628629388634227e-14,189.9099298953875
TS003,0.25,1.5795229730548683,-1.6519275651902363,189.29214980654493
TS003,0.25,1.5882496193148399,-3.293122773656573,188.6628773481655
TS003,0.25,1.5969762655748114,-4.9235366293998295,188.02227816925102
TS003,0.25,1.6057029118347832,-6.543123074179192,187.37052961348482
TS003,0.25,1.6144295580947547,-8.15183946978846,186.70782000448304
TS003,0.25,1.6231562043547265,-9.749647043791045,186.03434789968216
TS003,0.25,1.631882850614698,-11.336511297568396,185.35032131841473
TS003,0.25,1.6406094968746698,-12.912402375870544,184.65595694969875
TS003,0.25,1.6493361431346414,-14.47729539737987,183.95147934518852
TS003,0.25,1.6580627893946132,-16.031170746116324,183.23712010260704
TS003,0.25,1.6667894356545847,-17.574014323810793,182.51311704481088
TS003,0.25,1.6755160819145565,-19.10581776366031,181.7797133994239
TS003,0.25,1.684242728174528,-20.626578606141894,181.03715698373114
TS003,0.25,1.6929693744344996,-22.136300437808714,180.28569939924
TS003,0.25,1.7016960206944713,-23.634992994211665,179.52559524001336
TS003,0.25,1.710422666954443,-25.12267222828859,178.75710131854737
TS003,0.25,1.7191493132144147,-26.59936034573615,177.98047591262514
TS003,0.25,1.7278759594743862,-28.065085809025597,177.19597803622048
TS003,0.25,1.736602605734358,-29.519883311848083,176.40386673716404
TS003,0.25,1.7453292519943295,-30.96379372587072,175.60440042392355
TS003,0.25,1.7540558982543013,-32.39686402175975,174.79783622348643
TS003,0.25,1.7627825445142729,-33.81914716647544,173.98442937198215
TS003,0.25,1.7715091907742444,-35.2307019988738,173.16443263933903
TS003,0.25,1.7802358370342162,-36.63159308565572,172.33809578893866
TS003,0.25,1.7889624832941877,-38.0218905596944,171.5056650729217
TS003,0.25,1.7976891295541595,-39.4016699427436,170.66738276350105
TS003,0.25,1.806415775814131,-40.7710119544842,169.8234867203668
TS003,0.25,1.8151424220741028,-42.130002309811154,168.97420999401163
TS003,0.25,1.8238690683340744,-43.478731506191785,168.11978046457813
TS003,0.25,1.8325957145940461,-44.81729460285002,167.26042051561865
TS003,0.25,1.8413223608540177,-46.14579099344102,166.39634674197507
TS003,0.25,1.8500490071139892,-47.46432417379056,165.52776969082447
TS003,0.25,1.858775653373961,-48.773001506172115,164.65489363479466
TS003,0.25,1.8675022996339325,-50.07193398149506,163.7779163759382
TS003,0.25,1.8762289458939043,-51.36123598067301,162.89702907925292
TS003,0.25,1.8849555921538759,-52.641025036336245,162.01241613436247
TS003,0.25,1.8936822384138476,-53.911421595949804,161.12425504390762
TS003,0.25,1.9024088846738192,-55.17254878729393,160.23271633715908
TS003,0.25,1.911135530933791,-56.424532187165674,159.33796350733425
TS003,0.25,1.9198621771937625,-57.66749959406025,158.44015297108916
TS003,0.25,1.928588823453734,-58.90158080549951,157.53943404865672
TS003,0.25,1.9373154697137058,-60.126907400582695,156.6359489631148
TS003,0.25,1.9460421159736774,-61.34361252825059,155.72983285729003
TS003,0.25,1.9547687622336491,-62.55183070167366,154.82121382683428
TS003,0.25,1.9634954084936207,-63.7516975990975,153.91021296804948
TS003,0.25,1.9722220547535925,-64.9433498714105,152.9969444390821
TS003,0.25,1.980948701013564,-66.12692495663089,152.08151553315884
TS003,0.25,1.9896753472735358,-67.3025609014519,151.164026762589
TS003,0.25,1.9984019935335073,-68.4703961899265,150.24457195231938
TS003,0.25,2.007128639793479,-69.63056957932488,149.3232383418846
TS003,0.25,2.0158552860534504,-70.78321994314987,148.4001066946614
TS003,0.25,2.0245819323134224,-71.92848612125675,147.47525141339577
TS003,0.25,2.033308578573394,-73.0665067769854,146.54874066103753
TS003,0.25,2.0420352248333655,-74.19742026118176,145.62063648597606
TS003,0.25,2.050761871093337,-75.32136448295634,144.69099495083998
TS003,0.25,2.059488517353309,-76.43847678700268,143.75986626407715
TS003,0.25,2.0682151636132806,-77.54889383727773,142.82729491359757
TS003,0.25,2.076941809873252,-78.6527515068286,141.89331980181527
TS003,0.25,2.0856684561332237,-79.75018477353304,140.95797438148458
TS003,0.25,2.0943951023931953,-80.84132762151097,140.02128679177835
TS003,0.25,2.1031217486531673,-81.92631294795322,139.08327999410756
TS003,0.25,2.111848394913139,-83.00527247510522,138.1439719072318
TS003,0.25,2.1205750411731104,-84.07833666714035,137.20337554125538
TS003,0.25,2.129301687433082,-85.14563465165047,136.26149913015044
TS003,0.25,2.138028333693054,-86.20729414548195,135.318346262488
TS003,0.25,2.1467549799530254,-87.26344138464249,134.3739160100985
TS003,0.25,2.155481626212997,-88.31420105800724,133.4282030544197
TS003,0.25,2.1642082724729685,-89.35969624455095,132.48119781032577
TS003,0.25,2.17293491873294,-90.40004835383898,131.53288654726137
TS003,0.25,2.181661564992912,-91.43537706951167,130.58325150753672
TS003,0.25,2.1903882112528836,-92.46580029550042,129.6322710216663
TS003,0.25,2.199114857512855,-93.49143410472108,128.6799196206602
TS003,0.25,2.2078415037728267,-94.51239268999248,127.72616814520127
TS003,0.25,2.2165681500327987,-95.52878831693623,126.77098385166249
TS003,0.25,2.2252947962927703,-96.54073127861905,125.81433051494095
TS003,0.25,2.234021442552742,-97.54832985170556,124.85616852810085
TS003,0.25,2.2427480888127134,-98.55169025389598,123.8964549988392
TS003,0.25,2.251474735072685,-99.55091660243043,122.93514384279945
TS003,0.25,2.260201381332657,-100.54611087344821,121.97218587377584
TS003,0.25,2.2689280275926285,-101.53737286199748,121.00752889086333
TS003,0.25,2.2776546738526,-102.52480014249913,120.04111776261992
TS003,0.25,2.2863813201125716,-103.50848802947351,119.07289450832042
TS003,0.25,2.2951079663725436,-104.48852953834852,118.1027983763895
TS003,0.25,2.303834612632515,-105.46501534617317,117.13076592011281
TS003,0.25,2.3125612588924866,-106.43803375206963,116.15673107073164
TS003,0.25,2.321287905152458,-107.40767063726209,115.18062520803674
TS003,0.25,2.3300145514124297,-108.37400942453024,114.20237722858171
TS003,0.25,2.3387411976724017,-109.3371310369423,113.22191361164546
TS003,0.25,2.3474678439323733,-110.29711385572823,112.23915848307728
TS003,0.25,2.356194490192345,-111.25403367716534,111.25403367716535
TS003,0.25,2.3649211364523164,-112.20796366835171,110.26645879667406
TS003,0.25,2.3736477827122884,-113.15897432175451,109.27635127120021
TS003,0.25,2.38237442897226,-114.10713340842659,108.2836264140045
TS003,0.25,2.3911010752322315,-115.05250592979405,107.28819747747573
TS003,0.25,2.399827721492203,-115.99515406792479,106.28997570739345
TS003,0.25,2.4085543677521746,-116.93513713419898,105.28887039615532
TS003,0.25,2.4172810140121466,-117.87251151630973,104.28478893514063
TS003,0.25,2.426007660272118,-118.807330623533,103.27763686638488
TS003,0.25,2.4347343065320897,-119.73964483021595,102.2673179337429
TS003,0.25,2.443460952792061,-120.66950141744262,101.2537341337224
TS003,0.25,2.452187599052033,-121.59694451284797,100.23678576617164
TS003,0.25,2.4609142453120048,-122.52201502856198,99.21637148500818
TS003,0.25,2.4696408915719763,-123.44475059727912,98.1923883491782
TS003,0.25,2.478367537831948,-124.36518550645997,97.16473187403874
TS003,0.25,2.4870941840919194,-125.2833506306867,96.13329608335685
TS003,0.25,2.4958208303518914,-126.1992733622084,95.09797356212177
TS003,0.25,2.504547476611863,-127.11297753972663,94.05865551036813
TS003,0.25,2.5132741228718345,-128.02448337549015,93.01523179820894
TS003,0.25,2.522000769131806,-128.93380738078193,91.96759102227954
TS003,0.25,2.530727415391778,-129.84096228990256,90.9156205637924
TS003,0.25,2.5394540616517496,-130.74595698277145,89.85920664840444
TS003,0.25,2.548180707911721,-131.64879640628885,88.79823440809649
TS003,0.25,2.5569073541716927,-132.54948149462203,87.73258794526585
TS003,0.25,2.5656340004316642,-133.44800908860233,86.6621503992288
TS003,0.25,2.5743606466916362,-134.34437185444315,85.58680401532894
TS003,0.25,2.5830872929516078,-135.23855820201305,84.50643021684375
TS003,0.25,2.5918139392115793,-136.1305522029264,83.42090967987747
TS003,0.25,2.600540585471551,-137.02033350873722,82.33012241142266
TS003,0.25,2.609267231731523,-137.90787726955458,81.23394783076807
TS003,0.25,2.6179938779914944,-138.79315405342265,80.13226485442075
TS003,0.25,2.626720524251466,-139.67612976684373,79.02495198470267
TS003,0.25,2.6354471705114375,-140.55676557684828,77.911887402172
TS003,0.25,2.644173816771409,-141.43501783505235,76.7929490620057
TS003,0.25,2.652900463031381,-142.3108380041742,75.66801479446822
TS003,0.25,2.6616271092913526,-143.18417258751276,74.53696240957372
TS003,0.25,2.670353755551324,-144.05496306192936,73.3996698060329
TS003,0.25,2.6790804018112957,-144.9231458149019,72.25601508455576
TS003,0.25,2.6878070480712677,-145.78865208625928,71.105876665559
TS003,0.25,2.6965336943312392,-146.65140791523467,69.94913341130423
TS003,0.25,2.705260340591211,-147.51133409350996,68.78566475246424
TS003,0.25,2.7139869868511823,-148.36834612495502,67.61535081908825
TS003,0.25,2.722713633111154,-149.2223541927967,66.43807257590366
TS003,0.25,2.731440279371126,-150.0732631349811,65.25371196185824
TS003,0.25,2.7401669256310974,-150.92097242851833,64.06215203377015
TS003,0.25,2.748893571891069,-151.7653761836252,62.86327711391228
TS003,0.25,2.7576202181510405,-152.6063631484996,61.6569729413177
TS003,0.25,2.7663468644110125,-153.44381672558032,60.44312682654537
TS003,0.25,2.775073510670984,-154.2776150001564,59.22162780960042
TS003,0.25,2.7838001569309556,-155.10763078220157,57.99236682065087
TS003,0.25,2.792526803190927,-155.93373166230845,56.755236843133574
TS003,0.25,2.8012534494508987,-156.7557800825981,55.51013307878572
TS003,0.25,2.8099800957108707,-157.5736334234669,54.25695311408297
TS003,0.25,2.8187067419708423,-158.3871441070184,52.99559708750873
TS003,0.25,2.827433388230814,-159.19615971800138,51.72596785701827
TS003,0.25,2.8361600344907854,-160.0005231430425,50.447971167005115
TS003,0.25,2.8448866807507573,-160.80007272891825,49.161515814014294
TS003,0.25,2.853613327010729,-161.5946424605604,47.86651381039036
TS003,0.25,2.8623399732707004,-162.38406215942504,46.562880544986584
TS003,0.25,2.871066619530672,-163.168157702784,45.250534940008414
TS003,0.25,2.8797932657906435,-163.94675126441268,43.92939960300557
TS003,0.25,2.8885199120506155,-164.71966157705498,42.599400972977705
TS003,0.25,2.897246558310587,-165.4867042169387,41.260469459509494
TS003,0.25,2.9059732045705586,-166.24769191049998,39.912539573806306
TS003,0.25,2.91469985083053,-167.00243486334617,38.55555005046545
TS003,0.25,2.923426497090502,-167.75074111134867,37.18944395878356
TS003,0.25,2.9321531433504737,-168.49241689360926,35.81416880237753
TS003,0.25,2.9408797896104453,-169.2272670468865,34.429676605877496
TS003,0.25,2.949606435870417,-169.9550954209001,33.03592398744503
TS003,0.25,2.9583330821303884,-170.67570531376077,31.632872215868474
TS003,0.25,2.9670597283903604,-171.38889992659148,30.220487251001117
TS003,0.25,2.975786374650332,-172.09448283622095,28.798739766330787
TS003,0.25,2.9845130209103035,-172.7922584846455,27.367605152503202
TS003,0.25,2.993239667170275,-173.48203268376267,25.92706350067048
TS003,0.25,3.001966313430247,-174.16361313369552,24.477099564593935
TS003,0.25,3.0106929596902186,-174.83680995283913,23.017702700504138
TS003,0.25,3.01941960595019,-175.50143621758096,21.548866783804808
TS003,0.25,3.0281462522101616,-176.15730850947523,20.070590101807724
TS003,0.25,3.036872898470133,-176.80424746748653,18.582875221793635
TS003,0.25,3.045599544730105,-177.44207834276796,17.08572883381819
TS003,0.25,3.0543261909900767,-178.07063155330306,15.57916156781572
TS003,0.25,3.0630528372500483,-178.6897432356201,14.063187784696144
TS003,0.25,3.07177948351002,-179.29925579068674,12.537825341286764
TS003,0.25,3.080506129769992,-179.89901842101287,11.003095329129366
TS003,0.25,3.0892327760299634,-180.4888876559321,9.459021787313706
TS003,0.25,3.097959422289935,-181.068727861999,7.905631389699659
TS003,0.25,3.1066860685499065,-181.63841173543022,6.342953107060156
TS003,0.25,3.115412714809878,-182.19782077353517,4.771017844852619
TS003,0.25,3.12413936106985,-182.74684572212752,3.1898580575066844
TS003,0.25,3.1328660073298216,-183.28538699597658,1.5995073402919522
TS003,0.25,3.141592653589793,-183.81335506945692,2.2510643692634634e-14
TS003,0.25,3.1503192998497647,-184.33067083467392,-1.6086293941560355
TS003,0.25,3.1590459461097367,-184.8372659244889,-3.2263464778661963
TS003,0.25,3.167772592369708,-185.33308299803497,-4.85311757556216
TS003,0.25,3.1764992386296798,-185.81807598650227,-6.488910198924696
TS003,0.25,3.1852258848896513,-186.2922102971727,-8.133693558085348
TS003,0.25,3.193952531149623,-186.75546297390576,-9.787439083438576
TS003,0.25,3.202679177409595,-187.20782281250516,-11.450120955880438
TS003,0.25,3.2114058236695664,-187.64929042962848,-13.121716643205795
TS003,0.25,3.220132469929538,-188.07987828414775,-14.802207440328894
TS003,0.25,3.2288591161895095,-188.4996106501,-16.491579010934238
TS003,0.25,3.2375857624494815,-188.90852354060738,-18.189821928127426
TS003,0.25,3.246312408709453,-189.30666458236334,-19.896932211625224
TS003,0.25,3.2550390549694246,-189.6940928404977,-21.612911859010907
TS003,0.25,3.263765701229396,-190.07087859382375,-23.3377693685719
TS003,0.25,3.2724923474893677,-190.43710306063892,-25.071520251241367
TS003,0.25,3.2812189937493397,-190.79285807540234,-26.814187529171967
TS003,0.25,3.2899456400093112,-191.1382457167199,-28.565802218479423
TS003,0.25,3.2986722862692828,-191.47337788715726,-30.32640379370582
TS003,0.25,3.3073989325292543,-191.7983758454425,-32.09604063155503
TS003,0.25,3.3161255787892263,-192.11336969163068,-33.87477043145439
TS003,0.25,3.324852225049198,-192.4184978057636,-35.66266061048077
TS003,0.25,3.3335788713091694,-192.7139062404843,-37.45978867016262
TS003,0.25,3.342305517569141,-192.99974806793418,-39.26624253261585
TS003,0.25,3.351032163829113,-193.2761826810895,-41.0821208433995
TS003,0.25,3.3597588100890845,-193.54337504947068,-42.9075332383684
TS003,0.25,3.368485456349056,-193.80149492887617,-44.74260057165963
TS003,0.25,3.3772121026090276,-194.0507160244709,-46.587455101762934
TS003,0.25,3.385938748868999,-194.29121510616937,-48.442240632395986
TS003,0.25,3.394665395128971,-194.52317107481875,-50.307112604617245
TS003,0.25,3.4033920413889427,-194.74676397719085,-52.18223813626275
TS003,0.25,3.4121186876489142,-194.9621739672393,-54.067796004379524
TS003,0.25,3.420845333908886,-195.16958021046864,-55.9639765658354
TS003,0.25,3.429571980168858,-195.36915972759235,-57.870981610715056
TS003,0.25,3.4382986264288293,-195.56108617292688,-59.789024142444745
TS003,0.25,3.447025272688801,-195.74552854218166,-61.718328077826364
TS003,0.25,3.4557519189487724,-195.9226498034536,-63.65912785928419
TS003,0.25,3.464478565208744,-196.09260544432587,-65.61166797063814
TS003,0.25,3.473205211468716,-196.2555419270034,-67.57620234659494
TS003,0.25,3.4819318577286875,-196.41159504238982,-69.55299366488862
TS003,0.25,3.490658503988659,-196.56088815293248,-71.54231250859561
TS003,0.25,3.4993851502486306,-196.70353031293322,-73.54443638458056
TS003,0.25,3.5081117965086026,-196.8396142538518,-75.55964858229834
TS003,0.25,3.516838442768574,-196.96921422092672,-77.58823685526673
TS003,0.25,3.5255650890285457,-197.0923836462208,-79.63049190543737
TS003,0.25,3.5342917352885173,-197.20915264198175,-81.6867056484147
TS003,0.25,3.543018381548489,-197.31952529701766,-83.75716923501798
TS003,0.25,3.551745027808461,-197.4234767576657,-85.84217080204532
TS003,0.25,3.5604716740684323,-197.5209500739064,-87.94199292229835
TS003,0.25,3.569198320328404,-197.6118527903208,-90.05690972098922
TS003,0.25,3.5779249665883754,-197.69605326095683,-92.18718362260262
TS003,0.25,3.5866516128483474,-197.77337666686728,-94.33306168919295
TS003,0.25,3.595378259108319,-197.84360071520132,-96.49477150801587
TS003,0.25,3.6041049053682905,-197.90645099942094,-98.67251658343892
TS003,0.25,3.612831551628262,-197.96159600162432,-100.86647118536212
TS003,0.25,3.6215581978882336,-198.00864172030234,-103.07677460409518
TS003,0.25,3.6302848441482056,-198.04712591034738,-105.30352475998015
TS003,0.25,3.639011490408177,-198.07651192707266,-107.54677111530492
TS003,0.25,3.6477381366681487,-198.0961821726906,-109.80650683655901
TS003,0.25,3.6564647829281203,-198.10543115251645,-112.08266015724519
TS003,0.25,3.6651914291880923,-198.10345815952394,-114.37508489579695
TS003,0.25,3.673918075448064,-198.08935962023241,-116.68355009023627
TS003,0.25,3.6826447217080354,-198.06212115274545,-119.00772872175028
TS003,0.25,3.691371367968007,-198.0206094095891,-121.34718551414578
TS003,0.25,3.7000980142279785,-197.96356380430612,-123.70136381605752
TS003,0.25,3.7088246604879505,-197.8895882519945,-126.0695715987856
TS003,0.25,3.717551306747922,-197.7971430904718,-128.4509666357269
TS003,0.25,3.7262779530078936,-197.6845373906569,-130.8445409705256
TS003,0.25,3.735004599267865,-197.54992191198127,-133.24910483118765
TS003,0.25,3.743731245527837,-197.39128301065702,-135.66327020716673
TS003,0.25,3.7524578917878086,-197.20643786441738,-138.0854343761498
TS003,0.25,3.76118453804778,-196.99303143517255,-140.51376374672546
TS003,0.25,3.7699111843077517,-196.74853564831966,-142.94617847128302
TS003,0.25,3.7786378305677233,-196.47025132061773,-145.38033837832137
TS003,0.25,3.7873644768276953,-196.15531341284967,-147.81363087143583
TS003,0.25,3.796091123087667,-195.80070021301097,-150.24316153862108
TS003,0.25,3.8048177693476384,-195.40324706340377,-152.66574830337828
TS003,0.25,3.81354441560761,-194.95966522274568,-155.07792001970762
TS003,0.25,3.822271061867582,-194.4665663937122,-157.475920455885
TS003,0.25,3.8309977081275535,-193.92049333889753,-159.85571861493256
TS003,0.25,3.839724354387525,-193.31795684688683,-162.21302629016807
TS003,0.25,3.8484510006474966,-192.65547909036746,-164.54332363979356
TS003,0.25,3.857177646907468,-191.9296431393055,-166.84189337479933
TS003,0.25,3.86590429316744,-191.13714805906494,-169.10386388302484
TS003,0.25,3.8746309394274117,-190.27486864771362,-171.32426125864163
TS003,0.25,3.883357585687383,-189.33991846816895,-173.49806977830045
TS003,0.25,3.8920842319473548,-188.3297144366173,-175.62029988014336
TS003,0.25,3.9008108782073267,-187.24204087274217,-177.68606218761164
TS003,0.25,3.9095375244672983,-186.07511063779424,-179.6906456139023
TS003,0.25,3.91826417072727,-184.82762082171735,-181.62959712968615
TS003,0.25,3.9269908169872414,-183.49880042393116,-183.4988004239311
TS003,0.25,3.935717463247213,-182.08844762736672,-185.29455048042587
TS003,0.25,3.944444109507185,-180.5969546002696,-187.01362106683845
TS003,0.25,3.9531707557671565,-179.02531826496488,-188.65332230971885
TS003,0.25,3.961897402027128,-177.3751361175222,-190.21154590879974
TS003,0.25,3.9706240482870996,-175.6485869197844,-191.68679610636548
TS003,0.25,3.9793506945470716,-173.84839685551339,-193.07820523072533
TS003,0.25,3.988077340807043,-171.9777924799318,-194.38553341895343
TS003,0.25,3.9968039870670147,-170.04044243395674,-195.60915292590659
TS003,0.25,4.005530633326987,-168.0403903889865,-196.75001817632668
TS003,0.25,4.014257279586958,-165.98198200031604,-197.80962335478404
TS003,0.25,4.02298392584693,-163.86978876271803,-198.789949809395
TS003,0.25,4.031710572106901,-161.7085315868095,-199.6934058440094
TS003,0.25,4.040437218366873,-159.50300667386728,-200.52276158467106
TS003,0.25,4.049163864626845,-157.25801589725108,-201.28108154297277
TS003,0.25,4.057890510886816,-154.9783034449536,-201.97165728934706
TS003,0.25,4.066617157146788,-152.66849998552465,-202.59794233034614
TS003,0.25,4.075343803406759,-150.3330751300124,-203.1634908960915
TS003,0.25,4.084070449666731,-147.97629850924932,-203.67190192637617
TS003,0.25,4.092797095926703,-145.6022093928531,-204.12676913029685
TS003,0.25,4.101523742186674,-143.21459445777512,-204.53163761125165
TS003,0.25,4.110250388446646,-140.81697307529942,-204.88996721488525
TS003,0.25,4.118977034706618,-138.4125893238584,-205.20510248233583
TS003,0.25,4.127703680966589,-136.00440984345053,-205.48024887830985
TS003,0.25,4.136430327226561,-133.59512661516905,-205.71845481107195
TS003,0.25,4.145156973486532,-131.18716376423492,-205.92259886366963
TS003,0.25,4.153883619746504,-128.78268753480134,-206.095381604647
TS003,0.25,4.162610266006476,-126.38361865846807,-206.23932133326284
TS003,0.25,4.171336912266447,-123.99164642616192,-206.3567531299211
TS003,0.25,4.180063558526419,-121.60824386696942,-206.44983061896707
TS003,0.25,4.1887902047863905,-119.23468353156052,-206.5205299010587
TS003,0.25,4.1975168510463625,-116.87205346766417,-206.57065517011557
TS003,0.25,4.2062434973063345,-114.52127305779233,-206.60184559073613
TS003,0.25,4.214970143566306,-112.18310846334121,-206.61558307251534
TS003,0.25,4.223696789826278,-109.85818748362611,-206.61320063543482
TS003,0.25,4.232423436086249,-107.54701369325764,-206.59589111387092
TS003,0.25,4.241150082346221,-105.24997976696113,-206.5647159948424
TS003,0.25,4.249876728606193,-102.96737993823956,-206.5206142285234
TS003,0.25,4.258603374866164,-100.6994215680275,-206.46441088573962
TS003,0.25,4.267330021126136,-98.44623582269283,-206.3968255683916
TS003,0.25,4.276056667386108,-96.20788747833757,-206.3184805049
TS003,0.25,4.284783313646079,-93.98438388124855,-206.2299082843353
TS003,0.25,4.293509959906051,-91.77568310339377,-206.1315592004023
TS003,0.25,4.302236606166022,-89.58170133777836,-206.02380819043353
TS003,0.25,4.310963252425994,-87.40231958190185,-205.90696136550716
TS003,0.25,4.319689898685966,-85.23738965907407,-205.78126213621698
TS003,0.25,4.328416544945937,-83.08673962736214,-205.64689694490664
TS003,0.25,4.337143191205909,-80.95017862488322,-205.50400061970964
TS003,0.25,4.34586983746588,-78.82750119830564,-205.35266136884326
TS003,0.25,4.354596483725852,-76.71849115902222,-205.19292543555574
TS003,0.25,4.363323129985824,-74.62292500873977,-205.02480143516826
TS003,0.25,4.372049776245795,-72.54057497329481,-204.848264395978
TS003,0.25,4.380776422505767,-70.47121168052034,-204.6632595255627
TS003,0.25,4.389503068765738,-68.41460651500991,-204.4697057233817
TS003,0.25,4.39822971502571,-66.37053367972297,-204.26749885961897
TS003,0.25,4.406956361285682,-64.33877199161664,-204.05651483904327
TS003,0.25,4.4156830075456535,-62.31910643586602,-203.83661246734394
TS003,0.25,4.4244096538056255,-60.31132950081094,-203.60763613599607
TS003,0.25,4.4331363000655974,-58.315242313521,-203.36941834025592
TS003,0.25,4.4418629463255686,-56.33065559381592,-203.12178204342916
TS003,0.25,4.4505895925855405,-54.35739044272621,-202.86454289911322
TS003,0.25,4.459316238845512,-52.39527897970942,-202.59751134171464
TS003,0.25,4.468042885105484,-50.4441648414438,-202.32049455420193
TS003,0.25,4.476769531365456,-48.503903553716,-202.03329832078128
TS003,0.25,4.485496177625427,-46.574362786756545,-201.7357287709935
TS003,0.25,4.494222823885399,-44.65542250338226,-201.4275940206284
TS003,0.25,4.50294947014537,-42.74697500844361,-201.10870571384638
TS003,0.25,4.511676116405342,-40.84892490733438,-200.7788804699841
TS003,0.25,4.520402762665314,-38.961188980715654,-200.43794123771914
TS003,0.25,4.529129408925285,-37.083695982082084,-200.08571855855314
TS003,0.25,4.537856055185257,-35.21638636438666,-199.72205174097905
TS003,0.25,4.546582701445229,-33.35921194160131,-199.3467899461915
TS003,0.25,4.5553093477052,-31.51213549081857,-198.9597931858007
TS003,0.25,4.564035993965172,-29.675130300296605,-198.56093323171183
TS003,0.25,4.572762640225143,-27.84817966869199,-198.15009443812593
TS003,0.25,4.581489286485115,-26.03127636059894,-197.72717447550434
TS003,0.25,4.590215932745087,-24.224422023435203,-197.2920849763141
TS003,0.25,4.598942579005058,-22.427626570637496,-196.84475209242856
TS003,0.25,4.60766922526503,-20.640907536080835,-196.3851169641828
TS003,0.25,4.616395871525001,-18.86428940458784,-195.9131361012869
TS003,0.25,4.625122517784973,-17.097802923337465,-195.42878167605284
TS003,0.25,4.633849164044945,-15.34148439893517,-194.93204172970107
TS003,0.25,4.642575810304916,-13.595374984827084,-194.42292029286133
TS003,0.25,4.651302456564888,-11.859519963660425,-193.901437421767
TS003,0.25,4.6600291028248595,-10.13396802908553,-193.3676291520469
TS003,0.25,4.6687557490848315,-8.418770571358957,-192.82154737243715
TS003,0.25,4.6774823953448035,-6.713980970962621,-192.2632596211624
TS003,0.25,4.686209041604775,-5.019653904264303,-191.69284880815064
TS003,0.25,4.694935687864747,-3.335844665045906,-191.11041286665366
TS003,0.25,4.703662334124719,-1.662608505495347,-190.5160643382285
TS003,0.25,4.71238898038469,-3.488588816590269e-14,-189.90992989538756
TS003,0.25,4.721115626644662,1.6519275651902554,-189.29214980654498
TS003,0.25,4.729842272904633,3.2931227736565085,-188.66287734816555
TS003,0.25,4.738568919164605,4.923536629399849,-188.02227816925105
TS003,0.25,4.747295565424577,6.543123074179252,-187.37052961348476
TS003,0.25,4.756022211684548,8.151839469788436,-186.70782000448304
TS003,0.25,4.76474885794452,9.749647043791063,-186.03434789968213
TS003,0.25,4.773475504204491,11.336511297568332,-185.35032131841473
TS003,0.25,4.782202150464463,12.91240237587052,-184.6559569496987
TS003,0.25,4.790928796724435,14.477295397379926,-183.95147934518846
TS003,0.25,4.799655442984406,16.031170746116263,-183.23712010260707
TS003,0.25,4.808382089244378,17.57401432381081,-182.51311704481085
TS003,0.25,4.817108735504349,19.105817763660205,-181.77971339942397
TS003,0.25,4.825835381764321,20.626578606141873,-181.03715698373117
TS003,0.25,4.834562028024293,22.136300437808767,-180.28569939923997
TS003,0.25,4.843288674284264,23.634992994211604,-179.52559524001336
TS003,0.25,4.852015320544236,25.122672228288607,-178.75710131854737
TS003,0.25,4.860741966804208,26.59936034573621,-177.98047591262514
TS003,0.25,4.869468613064179,28.06508580902557,-177.19597803622048
TS003,0.25,4.878195259324151,29.519883311848098,-176.40386673716404
TS003,0.25,4.886921905584122,30.963793725870676,-175.60440042392366
TS003,0.25,4.895648551844094,32.39686402175973,-174.79783622348646
TS003,0.25,4.904375198104066,33.81914716647549,-173.98442937198212
TS003,0.25,4.9131018443640375,35.230701998873776,-173.16443263933903
TS003,0.25,4.9218284906240095,36.631593085655744,-172.33809578893866
TS003,0.25,4.930555136883981,38.021890559694334,-171.5056650729217
TS003,0.25,4.939281783143953,39.40166994274359,-170.66738276350108
TS003,0.25,4.948008429403925,40.771011954484266,-169.82348672036676
TS003,0.25,4.956735075663896,42.13000230981108,-168.9742099940116
TS003,0.25,4.965461721923868,43.4787315061918,-168.11978046457813
TS003,0.25,4.974188368183839,44.81729460284992,-167.26042051561865
TS003,0.25,4.982915014443811,46.145790993441,-166.39634674197507
TS003,0.25,4.991641660703783,47.464324173790594,-165.52776969082439
TS003,0.25,5.000368306963754,48.773001506172065,-164.65489363479472
TS003,0.25,5.009094953223726,50.07193398149508,-163.77791637593822
TS003,0.25,5.017821599483698,51.361235980673065,-162.89702907925292
TS003,0.25,5.026548245743669,52.641025036336224,-162.01241613436247
TS003,0.25,5.035274892003641,53.91142159594982,-161.12425504390762
TS003,0.25,5.044001538263612,55.172548787293884,-160.2327163371591
TS003,0.25,5.052728184523584,56.424532187165646,-159.33796350733422
TS003,0.25,5.061454830783556,57.66749959406029,-158.4401529710891
TS003,0.25,5.070181477043527,58.90158080549949,-157.53943404865672
TS003,0.25,5.078908123303499,60.1269074005827,-156.63594896311477
TS003,0.25,5.08763476956347,61.34361252825054,-155.7298328572901
TS003,0.25,5.096361415823442,62.55183070167365,-154.8212138268343
TS003,0.25,5.105088062083414,63.75169759909753,-153.91021296804942
TS003,0.25,5.113814708343385,64.94334987141045,-152.99694443908217
TS003,0.25,5.122541354603357,66.1269249566309,-152.0815155331588
TS003,0.25,5.1312680008633285,67.30256090145183,-151.1640267625891
TS003,0.25,5.1399946471233005,68.47039618992649,-150.2445719523194
TS003,0.25,5.1487212933832724,69.63056957932491,-149.32323834188455
TS003,0.25,5.1574479396432436,70.78321994314985,-148.40010669466136
TS003,0.25,5.1661745859032155,71.92848612125675,-147.47525141339582
TS003,0.25,5.1749012321631875,73.06650677698543,-146.5487406610375
TS003,0.25,5.183627878423159,74.19742026118173,-145.62063648597604
TS003,0.25,5.192354524683131,75.32136448295638,-144.6909949508399
TS003,0.25,5.201081170943102,76.4384767870026,-143.7598662640772
TS003,0.25,5.209807817203074,77.54889383727772,-142.82729491359757
TS003,0.25,5.218534463463046,78.65275150682864,-141.8933198018152
TS003,0.25,5.227261109723017,79.75018477353301,-140.9579743814846
TS003,0.25,5.235987755982989,80.84132762151101,-140.0212867917783
TS003,0.25,5.24471440224296,81.92631294795316,-139.08327999410764
TS003,0.25,5.253441048502932,83.00527247510522,-138.14397190723182
TS003,0.25,5.262167694762904,84.07833666714039,-137.20337554125535
TS003,0.25,5.270894341022875,85.14563465165045,-136.26149913015044
TS003,0.25,5.279620987282847,86.20729414548192,-135.31834626248803
TS003,0.25,5.288347633542818,87.26344138464242,-134.37391601009853
TS003,0.25,5.29707427980279,88.31420105800724,-133.4282030544197
TS003,0.25,5.305800926062762,89.35969624455099,-132.48119781032574
TS003,0.25,5.314527572322733,90.400048353839,-131.53288654726143
TS003,0.25,5.323254218582705,91.43537706951165,-130.58325150753672
TS003,0.25,5.331980864842677,92.46580029550046,-129.63227102166624
TS003,0.25,5.340707511102648,93.49143410472107,-128.67991962066023
TS003,0.25,5.34943415736262,94.5123926899925,-127.72616814520123
TS003,0.25,5.358160803622591,95.52878831693616,-126.77098385166255
TS003,0.25,5.366887449882563,96.54073127861902,-125.81433051494095
TS003,0.25,5.375614096142535,97.54832985170559,-124.85616852810081
TS003,0.25,5.3843407424025065,98.55169025389597,-123.8964549988392
TS003,0.25,5.3930673886624785,99.55091660243048,-122.9351438427994
TS003,0.25,5.40179403492245,100.54611087344814,-121.9721858737759
TS003,0.25,5.410520681182422,101.53737286199747,-121.00752889086334
TS003,0.25,5.419247327442394,102.52480014249917,-120.0411177626199
TS003,0.25,5.427973973702365,103.50848802947348,-119.07289450832043
TS003,0.25,5.436700619962337,104.4885295383485,-118.1027983763895
TS003,0.25,5.445427266222308,105.4650153461731,-117.13076592011286
TS003,0.25,5.45415391248228,106.43803375206964,-116.15673107073168
TS003,0.25,5.462880558742252,107.40767063726211,-115.18062520803672
TS003,0.25,5.471607205002223,108.37400942453023,-114.20237722858172
TS003,0.25,5.480333851262195,109.33713103694228,-113.22191361164546
TS003,0.25,5.489060497522167,110.29711385572824,-112.23915848307722
TS003,0.25,5.497787143782138,111.25403367716532,-111.25403367716538
TS003,0.25,5.50651379004211,112.20796366835172,-110.266458796674
TS003,0.25,5.515240436302081,113.15897432175444,-109.27635127120028
TS003,0.25,5.523967082562053,114.10713340842656,-108.28362641400453
TS003,0.25,5.532693728822025,115.05250592979407,-107.28819747747568
TS003,0.25,5.541420375081996,115.99515406792477,-106.28997570739347
TS003,0.25,5.550147021341968,116.93513713419901,-105.2888703961553
TS003,0.25,5.558873667601939,117.87251151630967,-104.2847889351407
TS003,0.25,5.567600313861911,118.80733062353299,-103.27763686638491
TS003,0.25,5.576326960121883,119.739644830216,-102.26731793374287
TS003,0.25,5.585053606381854,120.66950141744262,-101.25373413372245
TS003,0.25,5.593780252641826,121.59694451284797,-100.23678576617165
TS003,0.25,5.602506898901797,122.52201502856192,-99.21637148500825
TS003,0.25,5.611233545161769,123.44475059727911,-98.1923883491782
TS003,0.25,5.619960191421741,124.36518550645998,-97.1647318740387
TS003,0.25,5.6286868376817125,125.28335063068671,-96.1332960833569
TS003,0.25,5.6374134839416845,126.19927336220837,-95.0979735621218
TS003,0.25,5.6461401302016565,127.11297753972666,-94.05865551036808
TS003,0.25,5.654866776461628,128.02448337549012,-93.01523179820893
TS003,0.25,5.6635934227216,128.93380738078193,-91.96759102227948
TS003,0.25,5.672320068981571,129.8409622899025,-90.91562056379249
TS003,0.25,5.681046715241543,130.74595698277142,-89.85920664840445
TS003,0.25,5.689773361501515,131.6487964062889,-88.79823440809646
TS003,0.25,5.698500007761486,132.549481494622,-87.73258794526586
TS003,0.25,5.707226654021458,133.4480090886024,-86.66215039922878
TS003,0.25,5.715953300281429,134.3443718544431,-85.586804015329
TS003,0.25,5.724679946541401,135.23855820201302,-84.50643021684378
TS003,0.25,5.733406592801373,136.13055220292642,-83.42090967987743
TS003,0.25,5.742133239061344,137.02033350873722,-82.33012241142268
TS003,0.25,5.750859885321316,137.90787726955455,-81.23394783076809
TS003,0.25,5.759586531581287,138.7931540534226,-80.13226485442082
TS003,0.25,5.768313177841259,139.6761297668437,-79.02495198470268
TS003,0.25,5.777039824101231,140.55676557684828,-77.91188740217196
TS003,0.25,5.785766470361202,141.43501783505238,-76.79294906200573
TS003,0.25,5.794493116621174,142.3108380041742,-75.66801479446823
TS003,0.25,5.803219762881146,143.18417258751282,-74.53696240957369
TS003,0.25,5.811946409141117,144.05496306192933,-73.39966980603292
TS003,0.25,5.820673055401089,144.92314581490191,-72.2560150845557
TS003,0.25,5.82939970166106,145.78865208625922,-71.10587666555907
TS003,0.25,5.838126347921032,146.65140791523467,-69.94913341130426
TS003,0.25,5.846852994181004,147.51133409351002,-68.78566475246421
TS003,0.25,5.8555796404409755,148.368346124955,-67.61535081908826
TS003,0.25,5.8643062867009474,149.22235419279676,-66.4380725759036
TS003,0.25,5.8730329329609186,150.07326313498106,-65.25371196185831
TS003,0.25,5.8817595792208905,150.92097242851833,-64.06215203377016
TS003,0.25,5.8904862254808625,151.76537618362525,-62.863277113912254
TS003,0.25,5.899212871740834,152.6063631484996,-61.65697294131772
TS003,0.25,5.907939518000806,153.44381672558032,-60.44312682654538
TS003,0.25,5.916666164260777,154.27761500015637,-59.22162780960051
TS003,0.25,5.925392810520749,155.10763078220157,-57.992366820650886
TS003,0.25,5.934119456780721,155.93373166230847,-56.755236843133524
TS003,0.25,5.942846103040692,156.7557800825981,-55.510133078785735
TS003,0.25,5.951572749300664,157.5736334234669,-54.25695311408299
TS003,0.25,5.960299395560636,158.38714410701843,-52.995597087508685
TS003,0.25,5.969026041820607,159.19615971800135,-51.72596785701828
TS003,0.25,5.977752688080579,160.00052314304247,-50.44797116700505
TS003,0.25,5.98647933434055,160.8000727289182,-49.16151581401439
TS003,0.25,5.995205980600522,161.5946424605604,-47.86651381039038
TS003,0.25,6.003932626860494,162.38406215942504,-46.562880544986534
TS003,0.25,6.012659273120465,163.168157702784,-45.25053494000843
TS003,0.25,6.021385919380437,163.9467512644127,-43.92939960300552
TS003,0.25,6.030112565640408,164.71966157705495,-42.59940097297779
TS003,0.25,6.03883921190038,165.48670421693868,-41.260469459509515
TS003,0.25,6.047565858160352,166.2476919105,-39.91253957380625
TS003,0.25,6.056292504420323,167.0024348633461,-38.555550050465456
TS003,0.25,6.065019150680295,167.75074111134862,-37.18944395878358
TS003,0.25,6.073745796940266,168.4924168936092,-35.814168802377615
TS003,0.25,6.082472443200238,169.2272670468865,-34.42967660587752
TS003,0.25,6.09119908946021,169.9550954209001,-33.03592398744498
TS003,0.25,6.0999257357201815,170.6757053137608,-31.6328722158685
TS003,0.25,6.1086523819801535,171.38889992659148,-30.220487251001135
TS003,0.25,6.1173790282401255,172.094482836221,-28.798739766330744
TS003,0.25,6.126105674500097,172.7922584846455,-27.367605152503224
TS003,0.25,6.134832320760069,173.48203268376267,-25.927063500670428
TS003,0.25,6.14355896702004,174.16361313369552,-24.47709956459403
TS003,0.25,6.152285613280012,174.8368099528391,-23.017702700504156
TS003,0.25,6.161012259539984,175.50143621758096,-21.548866783804748
TS003,0.25,6.169738905799955,176.15730850947523,-20.070590101807745
TS003,0.25,6.178465552059927,176.8042474674866,-18.582875221793582
TS003,0.25,6.187192198319898,177.4420783427679,-17.08572883381829
TS003,0.25,6.19591884457987,178.07063155330306,-15.579161567815744
TS003,0.25,6.204645490839842,178.68974323562014,-14.063187784696089
TS003,0.25,6.213372137099813,179.29925579068671,-12.537825341286782
TS003,0.25,6.222098783359785,179.89901842101284,-11.003095329129387
TS003,0.25,6.230825429619756,180.48888765593205,-9.459021787313803
TS003,0.25,6.239552075879728,181.06872786199895,-7.905631389699678
TS003,0.25,6.2482787221397,181.63841173543022,-6.342953107060097
TS003,0.25,6.257005368399671,182.19782077353517,-4.771017844852641
TS003,0.25,6.265732014659643,182.74684572212752,-3.1898580575067066
TS003,0.25,6.274458660919615,183.28538699597664,-1.5995073402918936
TS003,0.25,6.283185307179586,183.81335506945692,-4.502128738526927e-14
TS003,1.0,0.0,198.00219807629207,0.0
TS003,1.0,0.008726646259971648,198.5141334332421,1.732406597068953
TS003,1.0,0.017453292519943295,199.01533602227192,3.4738256119797963
TS003,1.0,0.026179938779914945,199.50575943813138,5.224242169247983
TS003,1.0,0.03490658503988659,199.9853664505492,6.983642883542328
TS003,1.0,0.04363323129985824,200.45412919768432,8.752016290675597
TS003,1.0,0.05235987755982989,200.9120293502141,10.529353289493919
TS003,1.0,0.061086523819801536,201.35905824481242,12.315647593286707
TS003,1.0,0.06981317007977318,201.7952169858998,14.110896189272895
TS003,1.0,0.07853981633974483,202.2205165146733,15.915099804660732
TS003,1.0,0.08726646259971647,202.6349776445558,17.72826337772767
TS003,1.0,0.09599310885968812,203.03863106233254,19.550396532323198
TS003,1.0,0.10471975511965978,203.43151729436659,21.381514054160636
TS003,1.0,0.11344640137963143,203.81368663740236,23.221636367233394
TS003,1.0,0.12217304763960307,204.18519905357527,25.070790008665412
TS003,1.0,0.1308996938995747,204.54612402934322,26.92900810028428
TS003,1.0,0.13962634015954636,204.89654039813644,28.796330815186362
TS003,1.0,0.14835298641951802,205.23653612659157,30.672805837545557
TS003,1.0,0.15707963267948966,205.5662080642787,32.55848881389796
TS003,1.0,0.16580627893946132,205.88566165685842,34.45344379411307
TS003,1.0,0.17453292519943295,206.19501062260443,36.3577436602337
TS003,1.0,0.1832595714594046,206.49437659220192,38.27147054133129
TS003,1.0,0.19198621771937624,206.7838887116763,40.194716212475214
TS003,1.0,0.2007128639793479,207.06368320822205,42.127582475853224
TS003,1.0,0.20943951023931956,207.33390291857586,44.07018152199865
TS003,1.0,0.2181661564992912,207.59469677942883,46.02263626897888
TS003,1.0,0.22689280275926285,207.84621927917078,47.9850806772693
TS003,1.0,0.23561944901923448,208.08862987002652,49.95766003787753
TS003,1.0,0.24434609527920614,208.3220923393656,51.9405312310867
TS003,1.0,0.2530727415391778,208.54677413863809,53.93386295294804
TS003,1.0,0.2617993877991494,208.76284566801962,55.93783590636895
TS003,1.0,0.27052603405912107,208.9704795144197,57.95264295330225
TS003,1.0,0.2792526803190927,209.1698496400315,59.97848922414268
TS003,1.0,0.2879793265790644,209.3611305180614,62.01559217996721
TS003,1.0,0.29670597283903605,209.54449621168212,64.06418162270926
TS003,1.0,0.30543261909900765,209.72011939158915,66.12449964772388
TS003,1.0,0.3141592653589793,209.88817028681257,68.19680053247166
TS003,1.0,0.32288591161895097,210.04881556263283,70.28135055421117
TS003,1.0,0.33161255787892263,210.20221711857542,72.37842772863509
TS003,1.0,0.34033920413889424,210.3485307984992,74.4883214602941
TS003,1.0,0.3490658503988659,210.48790500375605,76.61133209441923
TS003,1.0,0.35779249665883756,210.6204791992741,78.74777035835656
TS003,1.0,0.3665191429188092,210.7463823011993,80.8979566792547
TS003,1.0,0.3752457891787809,210.8657309334295,83.06222036287967
TS003,1.0,0.3839724354387525,210.97862753897434,85.24089861645307
TS003,1.0,0.39269908169872414,211.08515833059664,87.43433539620524
TS003,1.0,0.4014257279586958,211.1853910636211,89.64288005788407
TS003,1.0,0.41015237421866746,211.27937261215698,91.866885785748
TS003,1.0,0.4188790204786391,211.36712632828616,94.10670777258613
TS003,1.0,0.4276056667386107,211.44864916202755,96.36270112003402
TS003,1.0,0.4363323129985824,211.52390851815093,98.63521842489112
TS003,1.0,0.44505895925855404,211.59283882420178,100.92460701328959
TS003,1.0,0.4537856055185257,211.65533778248303,103.2312057804322
TS003,1.0,0.4625122517784973,211.71126227728524,105.55534158923066
TS003,1.0,0.47123889803846897,211.7604239074634,107.89732517658106
TS003,1.0,0.4799655442984406,211.8025841136439,110.25744651127773
TS003,1.0,0.4886921905584123,211.83744886907107,112.63596954279134
TS003,1.0,0.49741883681838395,211.86466290355298,115.03312627546019
TS003,1.0,0.5061454830783556,211.88380343138968,117.44911009825857
TS003,1.0,0.5148721293383273,211.89437335685193,119.88406829646274
TS003,1.0,0.5235987755982988,211.89579393508203,122.33809366856906
TS003,1.0,0.5323254218582705,211.88739687263507,124.81121517014911
TS003,1.0,0.5410520681182421,211.8684158607783,127.30338750649582
TS003,1.0,0.5497787143782138,211.83797754668916,129.8144795985803
TS003,1.0,0.5585053606381855,211.79509196352691,132.34426185282547
TS003,1.0,0.5672320068981571,211.73864246072822,134.89239217548064
TS003,1.0,0.5759586531581288,211.66737520162073,137.45840068811896
TS003,1.0,0.5846852994181004,211.57988832740432,140.04167312330574
TS003,1.0,0.5934119456780721,211.47462092557873,142.64143291032653
TS003,1.0,0.6021385919380436,211.34984198777133,145.25672200165496
TS003,1.0,0.6108652381980153,211.2036395972629,147.8863805433302
TS003,1.0,0.619591884457987,211.03391065065242,150.5290255583064
TS003,1.0,0.6283185307179586,210.83835149089177,153.18302889267537
TS003,1.0,0.6370451769779303,210.61444990955107,155.84649477160497
TS003,1.0,0.6457718232379019,210.35947906286643,158.51723742533693
TS003,1.0,0.6544984694978736,210.07049393588912,161.19275937507825
TS003,1.0,0.6632251157578453,209.74433107733051,163.87023111198454
TS003,1.0,0.6719517620178169,209.37761240809803,166.54647305555676
TS003,1.0,0.6806784082777885,208.96675397056057,169.2179408339493
TS003,1.0,0.6894050545377601,208.50798052265017,171.88071507814624
TS003,1.0,0.6981317007977318,207.9973468783836,174.53049705150443
TS003,1.0,0.7068583470577035,207.43076684017458,177.16261152906884
TS003,1.0,0.7155849933176751,206.80405044381556,179.7720183774868
TS003,1.0,0.7243116395776468,206.11295003067406,182.35333424429413
TS003,1.0,0.7330382858376184,205.35321536306765,184.90086562247143
TS003,1.0,0.7417649320975901,204.5206576033127,187.408654292459
TS003,1.0,0.7504915783575618,203.61122148862606,189.87053574506064
TS003,1.0,0.7592182246175333,202.62106446838152,192.28021065054534
TS003,1.0,0.767944870877505,201.5466409561746,194.63132877144946
TS003,1.0,0.7766715171374766,200.3847892298784,196.9175839462159
TS003,1.0,0.7853981633974483,199.13281794416181,199.13281794416181
TS003,1.0,0.7941248096574199,197.78858876609718,201.27113017390394
TS003,1.0,0.8028514559173916,196.35059137142997,203.32698949582078
TS003,1.0,0.8115781021773633,194.81800700525167,205.2953438289815
TS003,1.0,0.8203047484373349,193.19075705701698,207.17172293392514
TS003,1.0,0.8290313946973066,191.4695336399732,208.9523297570716
TS003,1.0,0.8377580409572782,189.6558099796394,210.63411607345483
TS003,1.0,0.8464846872172498,187.7518294505808,212.2148388571407
TS003,1.0,0.8552113334772214,185.76057327020743,213.69309479731015
TS003,1.0,0.8639379797371931,183.68570805676572,215.0683315793387
TS003,1.0,0.8726646259971648,181.5315155735791,216.34083585388464
TS003,1.0,0.8813912722571364,179.30280790957684,217.51169910055827
TS003,1.0,0.8901179185171081,177.0048320074121,218.58276373891763
TS003,1.0,0.8988445647770797,174.6431677987874,219.55655275209034
TS003,1.0,0.9075712110370514,172.22362423355037,220.43618670369796
TS003,1.0,0.9162978572970231,169.75213722185384,221.22529232154199
TS003,1.0,0.9250245035569946,167.23467300256598,221.92790680343774
TS003,1.0,0.9337511498169663,164.67713977897276,222.548381714042
TS003,1.0,0.9424777960769379,162.08530970328735,223.0912898495756
TS003,1.0,0.9512044423369096,159.4647525185949,223.5613378225351
TS003,1.0,0.9599310885968813,156.8207814423003,223.96328643256197
TS003,1.0,0.9686577348568529,154.15841124381674,224.3018802055531
TS003,1.0,0.9773843811168246,151.4823279580957,224.58178685011896
TS003,1.0,0.9861110273767962,148.79686929604685,224.80754683218407
TS003,1.0,0.9948376736367679,146.10601455983348,224.9835328232709
TS003,1.0,1.0035643198967394,143.4133827326952,225.11391844114215
TS003,1.0,1.0122909661567112,140.72223737079165,225.2026554683888
TS003,1.0,1.0210176124166828,138.03549695756845,225.25345859386897
TS003,1.0,1.0297442586766545,135.35574946846634,225.26979665854557
TS003,1.0,1.038470904936626,132.68527001649136,225.25488938482107
TS003,1.0,1.0471975511965976,130.02604059121006,225.21170861098895
TS003,1.0,1.0559241974565694,127.37977105244545,225.14298312558674
TS003,1.0,1.064650843716541,124.74792068588873,225.05120628815513
TS003,1.0,1.0733774899765127,122.13171976453404,224.93864572351586
TS003,1.0,1.0821041362364843,119.53219068328794,224.80735447888384
TS003,1.0,1.090830782496456,116.95016834224822,224.65918313172793
TS003,1.0,1.0995574287564276,114.38631954642094,224.49579242787485
TS003,1.0,1.1082840750163994,111.84116126647318,224.31866611190264
TS003,1.0,1.117010721276371,109.31507766763193,224.12912368448485
TS003,1.0,1.1257373675363425,106.80833586349178,223.9283328838635
TS003,1.0,1.1344640137963142,104.32110038996547,223.71732174145333
TS003,1.0,1.1431906600562858,101.85344642355079,223.4969901054301
TS003,1.0,1.1519173063162575,99.40537178909733,223.26812056193333
TS003,1.0,1.160643952576229,96.9768078167968,223.0313887122229
TS003,1.0,1.1693705988362009,94.5676291174693,222.7873727867333
TS003,1.0,1.1780972450961724,92.17766235049908,222.53656259442266
TS003,1.0,1.1868238913561442,89.80669406092234,222.27936781896827
TS003,1.0,1.1955505376161157,87.45447766197086,222.0161256829835
TS003,1.0,1.2042771838760873,85.1207396374598,221.74710800819472
TS003,1.0,1.213003830136059,82.80518503529588,221.47252770399015
TS003,1.0,1.2217304763960306,80.50750231946819,221.1925447194294
TS003,1.0,1.2304571226560024,78.2273676434881,220.9072714950772
TS003,1.0,1.239183768915974,75.96444860360482,220.61677795123504
TS003,1.0,1.2479104151759457,73.71840752541499,220.32109604856035
TS003,1.0,1.2566370614359172,71.48890433284885,220.02022395590552
TS003,1.0,1.265363707695889,69.27559904402868,219.71412985863935
TS003,1.0,1.2740903539558606,67.07815393423876,219.40275543888708
TS003,1.0,1.2828170002158321,64.89623540224117,219.08601905712914
TS003,1.0,1.2915436464758039,62.72951557245647,218.7638186625279
TS003,1.0,1.3002702927357754,60.57767366209818,218.4360344572577
TS003,1.0,1.3089969389957472,58.440397139214305,218.10253133805068
TS003,1.0,1.3177235852557188,56.317382694736246,217.76316113616016
TS003,1.0,1.3264502315156905,54.20833704905199,217.4177646750225
TS003,1.0,1.335176877775662,52.112977611298035,217.06617366306668
TS003,1.0,1.3439035240356338,50.0310330074766,216.70821243739925
TS003,1.0,1.3526301702956054,47.96224349164692,216.3436995724819
TS003,1.0,1.361356816555577,45.906361252778645,215.97244936641732
TS003,1.0,1.3700834628155487,43.86315062839104,215.59427321607157
TS003,1.0,1.3788101090755203,41.8323882348031,215.20898089098532
TS003,1.0,1.387536755335492,39.81386302267771,214.81638171484724
TS003,1.0,1.3962634015954636,37.80737626554577,214.41628566223574
TS003,1.0,1.4049900478554354,35.812741488119265,214.00850437735676
TS003,1.0,1.413716694115407,33.82978434044613,213.59285212062176
TS003,1.0,1.4224433403753787,31.858342423299234,213.16914664811094
TS003,1.0,1.4311699866353502,29.898265069628614,212.73721002825283
TS003,1.0,1.4398966328953218,27.9494130864175,212.29686939940964
TS003,1.0,1.4486232791552935,26.01165846087147,211.84795767149365
TS003,1.0,1.457349925415265,24.084884034517856,211.39031417423863
TS003,1.0,1.4660765716752369,22.168983148496842,210.92378525431786
TS003,1.0,1.4748032179352084,20.26385926308028,210.44822482312435
TS003,1.0,1.4835298641951802,18.36942555424587,209.96349485671112
TS003,1.0,1.4922565104551517,16.485604489967177,209.46946584912374
TS003,1.0,1.5009831567151235,14.612327388737016,208.96601722013918
TS003,1.0,1.509709802975095,12.749533962729831,208.45303767825695
TS003,1.0,1.5184364492350666,10.897171847911139,207.93042553965572
TS003,1.0,1.5271630954950384,9.055196123326864,207.39808900374152
TS003,1.0,1.53588974175501,7.223568821737911,206.8559463858584
TS003,1.0,1.5446163880149817,5.402258433708999,206.30392630770953
TS003,1.0,1.5533430342749532,3.5912394072119684,205.74196784604388
TS003,1.0,1.562069680534925,1.7904916447542483,205.17002064019758
TS003,1.0,1.5707963267948966,1.2527404720150688e-14,204.58804495913034
TS003,1.0,1.5795229730548683,-1.7802462241982517,203.99601172867648
TS003,1.0,1.5882496193148399,-3.550253774486922,203.393902519815
TS003,1.0,1.5969762655748114,-5.310025940603032,202.78170949887007
TS003,1.0,1.6057029118347832,-7.059563042113164,202.15943534066287
TS003,1.0,1.6144295580947547,-8.798862906608829,201.527093105757
TS003,1.0,1.6231562043547265,-10.527921337739642,200.88470608306048
TS003,1.0,1.631882850614698,-12.246732571543145,200.2323075991732
TS003,1.0,1.6406094968746698,-13.955289719618609,199.5699407959886
TS003,1.0,1.6493361431346414,-15.653585197782482,198.8976583781782
TS003,1.0,1.6580627893946132,-17.34161113894571,198.21552233229804
TS003,1.0,1.6667894356545847,-19.019359789056068,197.52360361936007
TS003,1.0,1.6755160819145565,-20.68682388506272,196.82198184280332
TS003,1.0,1.684242728174528,-22.343997013973386,196.11074489388307
TS003,1.0,1.6929693744344996,-23.99087395219679,195.38998857656284
TS003,1.0,1.7016960206944713,-25.627450984483104,194.65981621404973
TS003,1.0,1.710422666954443,-27.25372620190066,193.92033823915327
TS003,1.0,1.7191493132144147,-28.869699778411952,193.17167177067182
TS003,1.0,1.7278759594743862,-30.475374225734804,192.41394017802196
TS003,1.0,1.736602605734358,-32.07075462629953,191.64727263631755
TS003,1.0,1.7453292519943295,-33.65584884423071,190.87180367408737
TS003,1.0,1.7540558982543013,-35.23066771440112,190.08767271578193
TS003,1.0,1.7627825445142729,-36.7952252097153,189.29502362117285
TS003,1.0,1.7715091907742444,-38.34953858688895,188.49400422368382
TS003,1.0,1.7802358370342162,-39.89362851108935,187.68476586961907
TS003,1.0,1.7889624832941877,-41.42751915989685,186.86746296016963
TS003,1.0,1.7976891295541595,-42.95123830713426,186.04225249798148
TS003,1.0,1.806415775814131,-44.464817387188106,185.2092936399671
TS003,1.0,1.8151424220741028,-45.968291540518905,184.36874725793024
TS003,1.0,1.8238690683340744,-47.46169964111725,183.52077550845883
TS003,1.0,1.8325957145940461,-48.94508430671885,182.6655414134168
TS003,1.0,1.8413223608540177,-50.41849189263461,181.803208452245
TS003,1.0,1.8500490071139892,-51.88197247009133,180.93394016715297
TS003,1.0,1.858775653373961,-53.33557979000484,180.05789978215742
TS003,1.0,1.8675022996339325,-54.779371233130114,179.1752498367985
TS003,1.0,1.8762289458939043,-56.21340774754506,178.2861518352379
TS003,1.0,1.8849555921538759,-57.63775377443002,177.39076591132414
TS003,1.0,1.8936822384138476,-59.05247716310521,176.4892505100906
TS003,1.0,1.9024088846738192,-60.457649076279274,175.58176208603794
TS003,1.0,1.911135530933791,-61.85334388645042,174.66845481844481
TS003,1.0,1.9198621771937625,-63.23963906438059,173.74948034384613
TS003,1.0,1.928588823453734,-64.61661506054259,172.824987505723
TS003,1.0,1.9373154697137058,-65.98435518040904,171.8951221213554
TS003,1.0,1.9460421159736774,-67.34294545442286,170.96002676570689
TS003,1.0,1.9547687622336491,-68.69247450345345,170.0198405721317
TS003,1.0,1.9634954084936207,-70.03303340050456,169.0746990496261
TS003,1.0,1.9722220547535925,-71.36471552940243,168.12473391628177
TS003,1.0,1.980948701013564,-72.68761644114879,167.1700729485437
TS003,1.0,1.9896753472735358,-74.00183370858389,166.210839845824
TS003,1.0,1.9984019935335073,-75.30746677995909,165.24715410998428
TS003,1.0,2.007128639793479,-76.60461683197698,164.27913093915774
TS003,1.0,2.0158552860534504,-77.89338662281219,163.30688113535743
TS003,1.0,2.0245819323134224,-79.17388034558343,162.33051102528918
TS003,1.0,2.033308578573394,-80.44620348270456,161.35012239377144
TS003,1.0,2.0420352248333655,-81.71046266150144,160.3658124291491
TS003,1.0,2.050761871093337,-82.96676551143909,159.3776736800823
TS003,1.0,2.059488517353309,-84.21522052326605,158.385794023084
TS003,1.0,2.0682151636132806,-85.45593691034396,157.39025664018348
TS003,1.0,2.076941809873252,-86.68902447239486,156.3911400060935
TS003,1.0,2.0856684561332237,-87.91459346186271,155.38851788426877
TS003,1.0,2.0943951023931953,-89.13275445305464,154.38245933125182
TS003,1.0,2.1031217486531673,-90.34361821419503,153.37302870871554
TS003,1.0,2.111848394913139,-91.5472955824964,152.36028570262695
TS003,1.0,2.1205750411731104,-92.74389734232577,151.34428534897359
TS003,1.0,2.129301687433082,-93.93353410651649,150.32507806551357
TS003,1.0,2.138028333693054,-95.11631620085502,149.30270968902875
TS003,1.0,2.1467549799530254,-96.29235355174876,148.27722151758465
TS003,1.0,2.155481626212997,-97.4617555770625,147.2486503573194
TS003,1.0,2.1642082724729685,-98.62463108009104,146.21702857331152
TS003,1.0,2.17293491873294,-99.78108814662127,145.1823841440951
TS003,1.0,2.181661564992912,-100.93123404502111,144.1447407194187
TS003,1.0,2.1903882112528836,-102.07517512927936,143.1041176808665
TS003,1.0,2.199114857512855,-103.21301674490982,142.0605302049824
TS003,1.0,2.2078415037728267,-104.34486313762189,141.01398932856674
TS003,1.0,2.2165681500327987,-105.47081736465144,139.96450201583266
TS003,1.0,2.2252947962927703,-106.59098120863794,138.91207122713715
TS003,1.0,2.234021442552742,-107.70545509392859,137.85669598902132
TS003,1.0,2.2427480888127134,-108.81433800518266,136.79837146531972
TS003,1.0,2.251474735072685,-109.91772740814791,135.73708902911682
TS003,1.0,2.260201381332657,-111.01571917247587,134.6728363353528
TS003,1.0,2.2689280275926285,-112.10840749644152,133.6055973938998
TS003,1.0,2.2776546738526,-113.19588483343193,132.53535264294877
TS003,1.0,2.2863813201125716,-114.27824182006718,131.46207902256808
TS003,1.0,2.2951079663725436,-115.35556720581758,130.3857500483115
TS003,1.0,2.303834612632515,-116.42794778398336,129.3063358847717
TS003,1.0,2.3125612588924866,-117.49546832390365,128.22380341899137
TS003,1.0,2.321287905152458,-118.55821150426395,127.13811633366106
TS003,1.0,2.3300145514124297,-119.6162578473762,126.04923518004803
TS003,1.0,2.3387411976724017,-120.669685654307,124.9571174506139
TS003,1.0,2.3474678439323733,-121.71857094073532,123.86171765129434
TS003,1.0,2.356194490192345,-122.76298737342616,122.76298737342617
TS003,1.0,2.3649211364523164,-123.8030062072102,121.66087536532031
TS003,1.0,2.3736477827122884,-124.83869622236767,120.55532760349068
TS003,1.0,2.38237442897226,-125.87012366231899,119.44628736356086
TS003,1.0,2.3911010752322315,-126.89735217153367,118.33369529087891
TS003,1.0,2.399827721492203,-127.92044273357456,117.21748947088498
TS003,1.0,2.4085543677521746,-128.93945360920313,116.09760549928026
TS003,1.0,2.4172810140121466,-129.95444027448025,114.9739765520591
TS003,1.0,2.426007660272118,-130.9654553588051,113.84653345547233
TS003,1.0,2.4347343065320897,-131.97254858284467,112.71520475599665
TS003,1.0,2.443460952792061,-132.97576669631584,111.5799167903947
TS003,1.0,2.452187599052033,-133.97515341559273,110.44059375595421
TS003,1.0,2.4609142453120048,-134.97074936112213,109.2971577810019
TS003,1.0,2.4696408915719763,-135.96259199464316,108.14952899579296
TS003,1.0,2.478367537831948,-136.9507155562166,106.99762560388197
TS003,1.0,2.4870941840919194,-137.9351510010841,105.84136395408501
TS003,1.0,2.4958208303518914,-138.9159259363896,104.68065861314615
TS003,1.0,2.504547476611863,-139.893064557809,103.51542243922597
TS003,1.0,2.5132741228718345,-140.86658758614925,102.34556665632951
TS003,1.0,2.522000769131806,-141.83651220399108,101.17100092979588
TS003,1.0,2.530727415391778,-142.80285199246774,99.99163344297133
TS003,1.0,2.5394540616517496,-143.76561686828495,98.80737097518714
TS003,1.0,2.548180707911721,-144.72481302110836,97.61811898116534
TS003,1.0,2.5569073541716927,-145.68044285145635,96.42378167197307
TS003,1.0,2.5656340004316642,-146.63250490925947,95.22426209764438
TS003,1.0,2.5743606466916362,-147.58099383326328,94.01946223158606
TS003,1.0,2.5830872929516078,-148.52590029146955,92.80928305687998
TS003,1.0,2.5918139392115793,-149.46721092283394,91.5936246545901
TS003,1.0,2.600540585471551,-150.40490828045304,90.37238629417651
TS003,1.0,2.609267231731523,-151.33897077649993,89.14546652611267
TS003,1.0,2.6179938779914944,-152.26937262918136,87.91276327679327
TS003,1.0,2.626720524251466,-153.19608381201806,86.67417394581193
TS003,1.0,2.6354471705114375,-154.11907000576414,85.42959550567805
TS003,1.0,2.644173816771409,-155.03829255330655,84.17892460402926
TS003,1.0,2.652900463031381,-155.9537084179067,82.92205766838514
TS003,1.0,2.6616271092913526,-156.8652701451655,81.6588910134717
TS003,1.0,2.670353755551324,-157.77292582911574,80.3893209511314
TS003,1.0,2.6790804018112957,-158.67661908286496,79.11324390281666
TS003,1.0,2.6878070480712677,-159.57628901423251,77.83055651464564
TS003,1.0,2.6965336943312392,-160.4718702068422,76.54115577497856
TS003,1.0,2.705260340591211,-161.36329270715214,75.2449391344517
TS003,1.0,2.7139869868511823,-162.2504820179166,73.94180462838213
TS003,1.0,2.722713633111154,-163.13335909859342,72.63165100143212
TS003,1.0,2.731440279371126,-164.01184037322204,71.3143778343942
TS003,1.0,2.7401669256310974,-164.88583774630845,69.98988567293098
TS003,1.0,2.748893571891069,-165.7552586272641,68.65807615807279
TS003,1.0,2.7576202181510405,-166.62000596395072,67.31885215824636
TS003,1.0,2.7663468644110125,-167.47997828588765,65.9721179025742
TS003,1.0,2.775073510670984,-168.33506975767904,64.61777911515085
TS003,1.0,2.7838001569309556,-169.1851702432139,63.25574314996616
TS003,1.0,2.792526803190927,-170.03016538118672,61.885919126111695
TS003,1.0,2.8012534494508987,-170.86993667247438,60.50821806286745
TS003,1.0,2.8099800957108707,-171.70436157988982,59.12255301422914
TS003,1.0,2.8187067419708423,-172.53331364081208,57.72883920239892
TS003,1.0,2.827433388230814,-173.3566625931687,56.32699414972282
TS003,1.0,2.8361600344907854,-174.17427451521263,54.91693780852219
TS003,1.0,2.8448866807507573,-174.98601197950325,53.4985926882268
TS003,1.0,2.853613327010729,-175.79173422145485,52.07188397918225
TS003,1.0,2.8623399732707004,-176.59129732277222,50.636739672466675
TS003,1.0,2.871066619530672,-177.38455441003472,49.193090675020514
TS003,1.0,2.8797932657906435,-178.17135586863236,47.740870919358265
TS003,1.0,2.8885199120506155,-178.95154957218986,46.28001746710308
TS003,1.0,2.897246558310587,-179.72498112754306,44.810470605558656
TS003,1.0,2.9059732045705586,-180.49149413525095,43.33217393650711
TS003,1.0,2.91469985083053,-181.25093046554534,41.84507445640571
TS003,1.0,2.923426497090502,-182.00313054952736,40.34912262713639
TS003,1.0,2.9321531433504737,-182.74793368532644,38.8442724364542
TS003,1.0,2.9408797896104453,-183.48517835883712,37.33048144727302
TS003,1.0,2.949606435870417,-184.2147025785455,35.807710834930575
TS003,1.0,2.9583330821303884,-184.93634422384832,34.27592541157758
TS003,1.0,2.9670597283903604,-185.64994140615948,32.73509363685152
TS003,1.0,2.975786374650332,-186.35533284198556,31.185187614014215
TS003,1.0,2.9845130209103035,-187.05235823703885,29.62618307075809
TS003,1.0,2.993239667170275,-187.7408586803438,28.05805932392251
TS003,1.0,3.001966313430247,-188.42067704718036,26.480799227400436
TS003,1.0,3.0106929596902186,-189.0916584095979,24.894389102566265
TS003,1.0,3.01941960595019,-189.7536504531281,23.29881865061059
TS003,1.0,3.0281462522101616,-190.4065038982204,21.69408084623341
TS003,1.0,3.036872898470133,-191.05007292483117,20.08017181221615
TS003,1.0,3.045599544730105,-191.68421559850512,18.457090674471825
TS003,1.0,3.0543261909900767,-192.3087942962086,16.82483939725713
TS003,1.0,3.0630528372500483,-192.92367613010217,15.183422598318964
TS003,1.0,3.07177948351002,-193.52873336737676,13.532847343846367
TS003,1.0,3.080506129769992,-194.1238438442313,11.873122923196624
TS003,1.0,3.0892327760299634,-194.70889137202659,10.204260603470809
TS003,1.0,3.097959422289935,-195.2837661336319,8.526273364119737
TS003,1.0,3.1066860685499065,-195.8483650679632,6.839175611874034
TS003,1.0,3.115412714809878,-196.4025922407184,5.142982876400507
TS003,1.0,3.12413936106985,-196.94635919933256,3.437711487200398
TS003,1.0,3.1328660073298216,-197.47958531020407,1.7233782323760272
TS003,1.0,3.141592653589793,-198.00219807629207,2.424827580982713e-14
TS003,1.0,3.1503192998497647,-198.5141334332421,-1.7324065970689089
TS003,1.0,3.1590459461097367,-199.01533602227192,-3.473825611979821
TS003,1.0,3.167772592369708,-199.50575943813138,-5.2242421692479875
TS003,1.0,3.1764992386296798,-199.98536645054915,-6.983642883542312
TS003,1.0,3.1852258848896513,-200.4541291976843,-8.75201629067556
TS003,1.0,3.193952531149623,-200.91202935021406,-10.52935328949386
TS003,1.0,3.202679177409595,-201.3590582448124,-12.31564759328672
TS003,1.0,3.2114058236695664,-201.79521698589983,-14.110896189272891
TS003,1.0,3.220132469929538,-202.2205165146733,-15.915099804660708
TS003,1.0,3.2288591161895095,-202.63497764455573,-17.72826337772762
TS003,1.0,3.2375857624494815,-203.03863106233254,-19.550396532323223
TS003,1.0,3.246312408709453,-203.43151729436659,-21.381514054160643
TS003,1.0,3.2550390549694246,-203.81368663740236,-23.221636367233376
TS003,1.0,3.263765701229396,-204.18519905357527,-25.070790008665373
TS003,1.0,3.2724923474893677,-204.5461240293432,-26.929008100284218
TS003,1.0,3.2812189937493397,-204.89654039813647,-28.796330815186383
TS003,1.0,3.2899456400093112,-205.23653612659155,-30.672805837545546
TS003,1.0,3.2986722862692828,-205.5662080642787,-32.55848881389793
TS003,1.0,3.3073989325292543,-205.88566165685842,-34.45344379411302
TS003,1.0,3.3161255787892263,-206.19501062260449,-36.35774366023374
TS003,1.0,3.324852225049198,-206.49437659220192,-38.27147054133129
TS003,1.0,3.3335788713091694,-206.78388871167633,-40.1947162124752
TS003,1.0,3.342305517569141,-207.063683208222,-42.12758247585317
TS003,1.0,3.351032163829113,-207.33390291857586,-44.070181521998684
TS003,1.0,3.3597588100890845,-207.59469677942883,-46.02263626897889
TS003,1.0,3.368485456349056,-207.84621927917078,-47.985080677269295
TS003,1.0,3.3772121026090276,-208.08862987002658,-49.95766003787752
TS003,1.0,3.385938748868999,-208.32209233936564,-51.94053123108666
TS003,1.0,3.394665395128971,-208.5467741386381,-53.933862952948076
TS003,1.0,3.4033920413889427,-208.76284566801962,-55.93783590636897
TS003,1.0,3.4121186876489142,-208.97047951441968,-57.95264295330223
TS003,1.0,3.420845333908886,-209.16984964003146,-59.97848922414263
TS003,1.0,3.429571980168858,-209.36113051806143,-62.01559217996724
TS003,1.0,3.4382986264288293,-209.54449621168212,-64.06418162270926
TS003,1.0,3.447025272688801,-209.72011939158918,-66.12449964772388
TS003,1.0,3.4557519189487724,-209.88817028681257,-68.19680053247161
TS003,1.0,3.464478565208744,-210.04881556263283,-70.28135055421112
TS003,1.0,3.473205211468716,-210.20221711857542,-72.37842772863512
TS003,1.0,3.4819318577286875,-210.34853079849918,-74.4883214602941
TS003,1.0,3.490658503988659,-210.48790500375605,-76.61133209441921
TS003,1.0,3.4993851502486306,-210.62047919927411,-78.74777035835652
TS003,1.0,3.5081117965086026,-210.7463823011993,-80.89795667925473
TS003,1.0,3.516838442768574,-210.86573093342952,-83.06222036287971
TS003,1.0,3.5255650890285457,-210.97862753897434,-85.24089861645307
TS003,1.0,3.5342917352885173,-211.08515833059664,-87.4343353962052
TS003,1.0,3.543018381548489,-211.1853910636211,-89.64288005788401
TS003,1.0,3.551745027808461,-211.27937261215703,-91.86688578574804
TS003,1.0,3.5604716740684323,-211.36712632828616,-94.10670777258613
TS003,1.0,3.569198320328404,-211.44864916202755,-96.362701120034
TS003,1.0,3.5779249665883754,-211.52390851815093,-98.63521842489108
TS003,1.0,3.5866516128483474,-211.59283882420183,-100.92460701328967
TS003,1.0,3.595378259108319,-211.65533778248306,-103.23120578043225
TS003,1.0,3.6041049053682905,-211.71126227728524,-105.55534158923066
TS003,1.0,3.612831551628262,-211.7604239074634,-107.89732517658105
TS003,1.0,3.6215581978882336,-211.8025841136439,-110.25744651127769
TS003,1.0,3.6302848441482056,-211.8374488690711,-112.63596954279139
TS003,1.0,3.639011490408177,-211.86466290355298,-115.03312627546019
TS003,1.0,3.6477381366681487,-211.88380343138968,-117.44911009825853
TS003,1.0,3.6564647829281203,-211.89437335685201,-119.88406829646271
TS003,1.0,3.6651914291880923,-211.895793935082,-122.3380936685691
TS003,1.0,3.673918075448064,-211.8873968726351,-124.81121517014917
TS003,1.0,3.6826447217080354,-211.8684158607783,-127.30338750649582
TS003,1.0,3.691371367968007,-211.83797754668913,-129.81447959858028
TS003,1.0,3.7000980142279785,-211.7950919635269,-132.3442618528254
TS003,1.0,3.7088246604879505,-211.73864246072824,-134.89239217548072
TS003,1.0,3.717551306747922,-211.66737520162073,-137.45840068811896
TS003,1.0,3.7262779530078936,-211.57988832740432,-140.04167312330574
TS003,1.0,3.735004599267865,-211.47462092557873,-142.64143291032647
TS003,1.0,3.743731245527837,-211.34984198777133,-145.25672200165502
TS003,1.0,3.7524578917878086,-211.2036395972629,-147.88638054333026
TS003,1.0,3.76118453804778,-211.03391065065242,-150.5290255583064
TS003,1.0,3.7699111843077517,-210.83835149089174,-153.18302889267528
TS003,1.0,3.7786378305677233,-210.61444990955113,-155.8464947716049
TS003,1.0,3.7873644768276953,-210.35947906286648,-158.517237425337
TS003,1.0,3.796091123087667,-210.07049393588912,-161.19275937507825
TS003,1.0,3.8048177693476384,-209.7443310773305,-163.87023111198448
TS003,1.0,3.81354441560761,-209.37761240809806,-166.5464730555567
TS003,1.0,3.822271061867582,-208.96675397056055,-169.21794083394937
TS003,1.0,3.8309977081275535,-208.5079805226502,-171.8807150781463
TS003,1.0,3.839724354387525,-207.9973468783836,-174.53049705150443
TS003,1.0,3.8484510006474966,-207.4307668401746,-177.1626115290688
TS003,1.0,3.857177646907468,-206.8040504438156,-179.77201837748677
TS003,1.0,3.86590429316744,-206.11295003067406,-182.35333424429413
TS003,1.0,3.8746309394274117,-205.35321536306765,-184.90086562247143
TS003,1.0,3.883357585687383,-204.52065760331266,-187.40865429245892
TS003,1.0,3.8920842319473548,-203.6112214886261,-189.8705357450606
TS003,1.0,3.9008108782073267,-202.6210644683815,-192.28021065054543
TS003,1.0,3.9095375244672983,-201.54664095617457,-194.63132877144946
TS003,1.0,3.91826417072727,-200.3847892298784,-196.9175839462159
TS003,1.0,3.9269908169872414,-199.1328179441619,-199.13281794416181
TS003,1.0,3.935717463247213,-197.78858876609718,-201.2711301739038
TS003,1.0,3.944444109507185,-196.35059137142997,-203.32698949582078
TS003,1.0,3.9531707557671565,-194.81800700525167,-205.2953438289815
TS003,1.0,3.961897402027128,-193.190757057017,-207.17172293392514
TS003,1.0,3.9706240482870996,-191.4695336399733,-208.95232975707162
TS003,1.0,3.9793506945470716,-189.65580997963937,-210.63411607345486
TS003,1.0,3.988077340807043,-187.75182945058074,-212.21483885714068
TS003,1.0,3.9968039870670147,-185.76057327020743,-213.69309479731015
TS003,1.0,4.005530633326987,-183.68570805676566,-215.06833157933875
TS003,1.0,4.014257279586958,-181.53151557357913,-216.3408358538846
TS003,1.0,4.02298392584693,-179.30280790957684,-217.5116991005583
TS003,1.0,4.031710572106901,-177.00483200741218,-218.58276373891755
TS003,1.0,4.040437218366873,-174.6431677987874,-219.55655275209025
TS003,1.0,4.049163864626845,-172.2236242335503,-220.43618670369798
TS003,1.0,4.057890510886816,-169.75213722185393,-221.22529232154196
TS003,1.0,4.066617157146788,-167.23467300256596,-221.92790680343774
TS003,1.0,4.075343803406759,-164.6771397789729,-222.54838171404197
TS003,1.0,4.084070449666731,-162.08530970328738,-223.09128984957556
TS003,1.0,4.092797095926703,-159.46475251859476,-223.56133782253505
TS003,1.0,4.101523742186674,-156.8207814423004,-223.96328643256192
TS003,1.0,4.110250388446646,-154.15841124381674,-224.3018802055531
TS003,1.0,4.118977034706618,-151.48232795809565,-224.58178685011902
TS003,1.0,4.127703680966589,-148.79686929604696,-224.80754683218413
TS003,1.0,4.136430327226561,-146.10601455983345,-224.98353282327093
TS003,1.0,4.145156973486532,-143.41338273269534,-225.1139184411422
TS003,1.0,4.153883619746504,-140.72223737079173,-225.20265546838888
TS003,1.0,4.162610266006476,-138.03549695756837,-225.25345859386903
TS003,1.0,4.171336912266447,-135.3557494684664,-225.26979665854552
TS003,1.0,4.180063558526419,-132.6852700164913,-225.25488938482104
TS003,1.0,4.1887902047863905,-130.02604059121015,-225.21170861098892
TS003,1.0,4.1975168510463625,-127.37977105244548,-225.1429831255867
TS003,1.0,4.2062434973063345,-124.74792068588863,-225.05120628815513
TS003,1.0,4.214970143566306,-122.13171976453414,-224.9386457235159
TS003,1.0,4.223696789826278,-119.53219068328791,-224.80735447888384
TS003,1.0,4.232423436086249,-116.95016834224842,-224.659183131728
TS003,1.0,4.241150082346221,-114.38631954642096,-224.49579242787485
TS003,1.0,4.249876728606193,-111.84116126647315,-224.31866611190262
TS003,1.0,4.258603374866164,-109.31507766763205,-224.12912368448494
TS003,1.0,4.267330021126136,-106.8083358634917,-223.92833288386345
TS003,1.0,4.276056667386108,-104.32110038996535,-223.71732174145333
TS003,1.0,4.284783313646079,-101.85344642355088,-223.49699010543014
TS003,1.0,4.293509959906051,-99.40537178909727,-223.2681205619333
TS003,1.0,4.302236606166022,-96.97680781679692,-223.0313887122229
TS003,1.0,4.310963252425994,-94.56762911746935,-222.78737278673333
TS003,1.0,4.319689898685966,-92.17766235049898,-222.53656259442263
TS003,1.0,4.328416544945937,-89.80669406092241,-222.27936781896824
TS003,1.0,4.337143191205909,-87.45447766197083,-222.0161256829835
TS003,1.0,4.34586983746588,-85.1207396374599,-221.74710800819474
TS003,1.0,4.354596483725852,-82.80518503529592,-221.47252770399018
TS003,1.0,4.363323129985824,-80.5075023194681,-221.19254471942938
TS003,1.0,4.372049776245795,-78.22736764348822,-220.9072714950773
TS003,1.0,4.380776422505767,-75.96444860360478,-220.616777951235
TS003,1.0,4.389503068765738,-73.71840752541515,-220.3210960485604
TS003,1.0,4.39822971502571,-71.48890433284889,-220.02022395590555
TS003,1.0,4.406956361285682,-69.27559904402867,-219.71412985863938
TS003,1.0,4.4156830075456535,-67.07815393423886,-219.4027554388871
TS003,1.0,4.4244096538056255,-64.89623540224115,-219.08601905712914
TS003,1.0,4.4331363000655974,-62.72951557245638,-218.76381866252785
TS003,1.0,4.4418629463255686,-60.5776736620982,-218.43603445725768
TS003,1.0,4.4505895925855405,-58.44039713921429,-218.1025313380507
TS003,1.0,4.459316238845512,-56.31738269473635,-217.76316113616025
TS003,1.0,4.468042885105484,-54.20833704905202,-217.4177646750225
TS003,1.0,4.476769531365456,-52.11297761129795,-217.06617366306668
TS003,1.0,4.485496177625427,-50.03103300747669,-216.70821243739925
TS003,1.0,4.494222823885399,-47.96224349164691,-216.3436995724819
TS003,1.0,4.50294947014537,-45.906361252778716,-215.97244936641732
TS003,1.0,4.511676116405342,-43.86315062839106,-215.59427321607154
TS003,1.0,4.520402762665314,-41.83238823480303,-215.20898089098532
TS003,1.0,4.529129408925285,-39.81386302267779,-214.8163817148473
TS003,1.0,4.537856055185257,-37.80737626554575,-214.4162856622357
TS003,1.0,4.546582701445229,-35.812741488119194,-214.0085043773567
TS003,1.0,4.5553093477052,-33.82978434044616,-213.59285212062179
TS003,1.0,4.564035993965172,-31.858342423299217,-213.16914664811094
TS003,1.0,4.572762640225143,-29.8982650696287,-212.73721002825286
TS003,1.0,4.581489286485115,-27.94941308641748,-212.29686939940962
TS003,1.0,4.590215932745087,-26.011658460871395,-211.84795767149362
TS003,1.0,4.598942579005058,-24.084884034517884,-211.39031417423865
TS003,1.0,4.60766922526503,-22.16898314849682,-210.9237852543179
TS003,1.0,4.616395871525001,-20.263859263080356,-210.44822482312438
TS003,1.0,4.625122517784973,-18.369425554245893,-209.96349485671115
TS003,1.0,4.633849164044945,-16.4856044899671,-209.46946584912362
TS003,1.0,4.642575810304916,-14.612327388737087,-208.96601722013915
TS003,1.0,4.651302456564888,-12.74953396272981,-208.45303767825698
TS003,1.0,4.6600291028248595,-10.897171847911212,-207.93042553965577
TS003,1.0,4.6687557490848315,-9.055196123326889,-207.39808900374152
TS003,1.0,4.6774823953448035,-7.223568821737844,-206.8559463858584
TS003,1.0,4.686209041604775,-5.402258433709069,-206.3039263077095
TS003,1.0,4.694935687864747,-3.5912394072119476,-205.74196784604388
TS003,1.0,4.703662334124719,-1.7904916447541819,-205.17002064019752
TS003,1.0,4.71238898038469,-3.758221416045206e-14,-204.58804495913034
TS003,1.0,4.721115626644662,1.780246224198272,-203.99601172867648
TS003,1.0,4.729842272904633,3.550253774486852,-203.39390251981504
TS003,1.0,4.738568919164605,5.310025940603051,-202.78170949887004
TS003,1.0,4.747295565424577,7.059563042113231,-202.1594353406629
TS003,1.0,4.756022211684548,8.798862906608802,-201.527093105757
TS003,1.0,4.76474885794452,10.527921337739663,-200.8847060830605
TS003,1.0,4.773475504204491,12.24673257154308,-200.23230759917325
TS003,1.0,4.782202150464463,13.955289719618584,-199.5699407959886
TS003,1.0,4.790928796724435,15.653585197782544,-198.89765837817814
TS003,1.0,4.799655442984406,17.341611138945645,-198.21552233229806
TS003,1.0,4.808382089244378,19.019359789056086,-197.52360361936005
TS003,1.0,4.817108735504349,20.68682388506261,-196.82198184280338
TS003,1.0,4.825835381764321,22.34399701397336,-196.1107448938831
TS003,1.0,4.834562028024293,23.990873952196846,-195.38998857656279
TS003,1.0,4.843288674284264,25.62745098448304,-194.65981621404975
TS003,1.0,4.852015320544236,27.25372620190068,-193.92033823915327
TS003,1.0,4.860741966804208,28.86969977841201,-193.1716717706718
TS003,1.0,4.869468613064179,30.475374225734775,-192.41394017802196
TS003,1.0,4.878195259324151,32.07075462629956,-191.6472726363176
TS003,1.0,4.886921905584122,33.65584884423065,-190.8718036740874
TS003,1.0,4.895648551844094,35.2306677144011,-190.08767271578193
TS003,1.0,4.904375198104066,36.79522520971537,-189.29502362117287
TS003,1.0,4.9131018443640375,38.349538586888926,-188.49400422368385
TS003,1.0,4.9218284906240095,39.89362851108936,-187.68476586961904
TS003,1.0,4.930555136883981,41.4275191598968,-186.86746296016966
TS003,1.0,4.939281783143953,42.95123830713424,-186.04225249798148
TS003,1.0,4.948008429403925,44.464817387188155,-185.209293639967
TS003,1.0,4.956735075663896,45.968291540518834,-184.36874725793027
TS003,1.0,4.965461721923868,47.46169964111726,-183.52077550845883
TS003,1.0,4.974188368183839,48.94508430671875,-182.66554141341686
TS003,1.0,4.982915014443811,50.41849189263459,-181.80320845224503
TS003,1.0,4.991641660703783,51.88197247009136,-180.93394016715285
TS003,1.0,5.000368306963754,53.33557979000478,-180.05789978215745
TS003,1.0,5.009094953223726,54.77937123313013,-179.17524983679849
TS003,1.0,5.017821599483698,56.213407747545126,-178.28615183523786
TS003,1.0,5.026548245743669,57.637753774429996,-177.39076591132414
TS003,1.0,5.035274892003641,59.052477163105216,-176.4892505100906
TS003,1.0,5.044001538263612,60.45764907627923,-175.58176208603803
TS003,1.0,5.052728184523584,61.8533438864504,-174.66845481844481
TS003,1.0,5.061454830783556,63.239639064380626,-173.74948034384607
TS003,1.0,5.070181477043527,64.61661506054257,-172.82498750572302
TS003,1.0,5.078908123303499,65.98435518040907,-171.8951221213554
TS003,1.0,5.08763476956347,67.34294545442283,-170.96002676570697
TS003,1.0,5.096361415823442,68.69247450345343,-170.0198405721317
TS003,1.0,5.105088062083414,70.0330334005046,-169.07469904962605
TS003,1.0,5.113814708343385,71.36471552940237,-168.12473391628183
TS003,1.0,5.122541354603357,72.68761644114879,-167.17007294854363
TS003,1.0,5.1312680008633285,74.0018337085838,-166.21083984582404
TS003,1.0,5.1399946471233005,75.30746677995907,-165.24715410998428
TS003,1.0,5.1487212933832724,76.60461683197704,-164.27913093915768
TS003,1.0,5.1574479396432436,77.89338662281217,-163.30688113535743
TS003,1.0,5.1661745859032155,79.17388034558341,-162.33051102528924
TS003,1.0,5.1749012321631875,80.4462034827046,-161.3501223937714
TS003,1.0,5.183627878423159,81.71046266150142,-160.36581242914912
TS003,1.0,5.192354524683131,82.96676551143915,-159.37767368008227
TS003,1.0,5.201081170943102,84.21522052326598,-158.38579402308406
TS003,1.0,5.209807817203074,85.45593691034396,-157.39025664018354
TS003,1.0,5.218534463463046,86.68902447239489,-156.39114000609342
TS003,1.0,5.227261109723017,87.91459346186268,-155.38851788426877
TS003,1.0,5.235987755982989,89.13275445305472,-154.38245933125182
TS003,1.0,5.24471440224296,90.34361821419495,-153.37302870871562
TS003,1.0,5.253441048502932,91.54729558249639,-152.36028570262695
TS003,1.0,5.262167694762904,92.74389734232581,-151.34428534897356
TS003,1.0,5.270894341022875,93.93353410651646,-150.32507806551357
TS003,1.0,5.279620987282847,95.116316200855,-149.30270968902877
TS003,1.0,5.288347633542818,96.2923535517487,-148.2772215175847
TS003,1.0,5.29707427980279,97.46175557706252,-147.24865035731946
TS003,1.0,5.305800926062762,98.62463108009108,-146.21702857331147
TS003,1.0,5.314527572322733,99.78108814662124,-145.1823841440951
TS003,1.0,5.323254218582705,100.9312340450211,-144.14474071941873
TS003,1.0,5.331980864842677,102.0751751292794,-143.10411768086647
TS003,1.0,5.340707511102648,103.21301674490981,-142.06053020498243
TS003,1.0,5.34943415736262,104.34486313762191,-141.01398932856668
TS003,1.0,5.358160803622591,105.47081736465137,-139.96450201583275
TS003,1.0,5.366887449882563,106.59098120863794,-138.91207122713715
TS003,1.0,5.375614096142535,107.70545509392862,-137.85669598902126
TS003,1.0,5.3843407424025065,108.81433800518265,-136.79837146531972
TS003,1.0,5.3930673886624785,109.91772740814797,-135.7370890291168
TS003,1.0,5.40179403492245,111.01571917247581,-134.67283633535288
TS003,1.0,5.410520681182422,112.1084074964415,-133.60559739389984
TS003,1.0,5.419247327442394,113.19588483343199,-132.53535264294874
TS003,1.0,5.427973973702365,114.27824182006712,-131.46207902256805
TS003,1.0,5.436700619962337,115.35556720581756,-130.3857500483115
TS003,1.0,5.445427266222308,116.4279477839833,-129.30633588477178
TS003,1.0,5.45415391248228,117.49546832390364,-128.2238034189914
TS003,1.0,5.462880558742252,118.558211504264,-127.13811633366102
TS003,1.0,5.471607205002223,119.61625784737619,-126.04923518004804
TS003,1.0,5.480333851262195,120.66968565430699,-124.9571174506139
TS003,1.0,5.489060497522167,121.71857094073535,-123.86171765129431
TS003,1.0,5.497787143782138,122.76298737342614,-122.7629873734262
TS003,1.0,5.50651379004211,123.80300620721025,-121.66087536532027
TS003,1.0,5.515240436302081,124.83869622236759,-120.55532760349077
TS003,1.0,5.523967082562053,125.87012366231896,-119.44628736356087
TS003,1.0,5.532693728822025,126.89735217153371,-118.33369529087888
TS003,1.0,5.541420375081996,127.92044273357455,-117.217489470885
TS003,1.0,5.550147021341968,128.93945360920318,-116.09760549928023
TS003,1.0,5.558873667601939,129.9544402744802,-114.97397655205918
TS003,1.0,5.567600313861911,130.96545535880506,-113.84653345547234
TS003,1.0,5.576326960121883,131.9725485828447,-112.7152047559966
TS003,1.0,5.585053606381854,132.97576669631582,-111.57991679039472
TS003,1.0,5.593780252641826,133.97515341559273,-110.44059375595424
TS003,1.0,5.602506898901797,134.97074936112207,-109.29715778100197
TS003,1.0,5.611233545161769,135.96259199464316,-108.14952899579298
TS003,1.0,5.619960191421741,136.95071555621664,-106.99762560388194
TS003,1.0,5.6286868376817125,137.9351510010841,-105.84136395408503
TS003,1.0,5.6374134839416845,138.91592593638958,-104.68065861314616
TS003,1.0,5.6461401302016565,139.89306455780905,-103.51542243922594
TS003,1.0,5.654866776461628,140.86658758614922,-102.3455666563295
TS003,1.0,5.6635934227216,141.83651220399113,-101.17100092979585
TS003,1.0,5.672320068981571,142.80285199246765,-99.99163344297143
TS003,1.0,5.681046715241543,143.76561686828495,-98.80737097518715
TS003,1.0,5.689773361501515,144.72481302110842,-97.61811898116528
TS003,1.0,5.698500007761486,145.68044285145632,-96.42378167197309
TS003,1.0,5.707226654021458,146.6325049092595,-95.22426209764434
TS003,1.0,5.715953300281429,147.58099383326322,-94.01946223158613
TS003,1.0,5.724679946541401,148.52590029146955,-92.80928305687999
TS003,1.0,5.733406592801373,149.46721092283394,-91.59362465459006
TS003,1.0,5.742133239061344,150.40490828045304,-90.37238629417654
TS003,1.0,5.750859885321316,151.33897077649993,-89.14546652611268
TS003,1.0,5.759586531581287,152.2693726291813,-87.91276327679336
TS003,1.0,5.768313177841259,153.1960838120181,-86.67417394581199
TS003,1.0,5.777039824101231,154.11907000576417,-85.429595505678
TS003,1.0,5.785766470361202,155.03829255330655,-84.17892460402929
TS003,1.0,5.794493116621174,155.95370841790674,-82.92205766838516
TS003,1.0,5.803219762881146,156.86527014516557,-81.65889101347169
TS003,1.0,5.811946409141117,157.7729258291157,-80.3893209511314
TS003,1.0,5.820673055401089,158.67661908286502,-79.11324390281662
TS003,1.0,5.82939970166106,159.57628901423243,-77.83055651464569
TS003,1.0,5.838126347921032,160.4718702068422,-76.54115577497858
TS003,1.0,5.846852994181004,161.36329270715217,-75.24493913445164
TS003,1.0,5.8555796404409755,162.25048201791657,-73.94180462838214
TS003,1.0,5.8643062867009474,163.13335909859344,-72.63165100143206
TS003,1.0,5.8730329329609186,164.01184037322204,-71.3143778343943
TS003,1.0,5.8817595792208905,164.88583774630845,-69.98988567293102
TS003,1.0,5.8904862254808625,165.75525862726417,-68.65807615807273
TS003,1.0,5.899212871740834,166.62000596395066,-67.31885215824636
TS003,1.0,5.907939518000806,167.47997828588765,-65.97211790257423
TS003,1.0,5.916666164260777,168.33506975767898,-64.61777911515095
TS003,1.0,5.925392810520749,169.1851702432139,-63.25574314996618
TS003,1.0,5.934119456780721,170.03016538118675,-61.885919126111645
TS003,1.0,5.942846103040692,170.86993667247438,-60.50821806286747
TS003,1.0,5.951572749300664,171.70436157988982,-59.12255301422916
TS003,1.0,5.960299395560636,172.5333136408121,-57.72883920239887
TS003,1.0,5.969026041820607,173.35666259316864,-56.326994149722836
TS003,1.0,5.977752688080579,174.1742745152127,-54.91693780852214
TS003,1.0,5.98647933434055,174.98601197950316,-53.4985926882269
TS003,1.0,5.995205980600522,175.79173422145482,-52.07188397918227
TS003,1.0,6.003932626860494,176.59129732277225,-50.636739672466625
TS003,1.0,6.012659273120465,177.38455441003475,-49.19309067502054
TS003,1.0,6.021385919380437,178.1713558686324,-47.74087091935821
TS003,1.0,6.030112565640408,178.95154957218983,-46.28001746710318
TS003,1.0,6.03883921190038,179.72498112754303,-44.81047060555868
TS003,1.0,6.047565858160352,180.491494135251,-43.332173936507054
TS003,1.0,6.056292504420323,181.25093046554534,-41.84507445640573
TS003,1.0,6.065019150680295,182.00313054952736,-40.34912262713642
TS003,1.0,6.073745796940266,182.74793368532633,-38.84427243645428
TS003,1.0,6.082472443200238,183.48517835883712,-37.330481447273044
TS003,1.0,6.09119908946021,184.21470257854554,-35.807710834930525
TS003,1.0,6.0999257357201815,184.93634422384832,-34.2759254115776
TS003,1.0,6.1086523819801535,185.64994140615943,-32.73509363685153
TS003,1.0,6.1173790282401255,186.35533284198561,-31.185187614014165
TS003,1.0,6.126105674500097,187.05235823703885,-29.626183070758106
TS003,1.0,6.134832320760069,187.74085868034385,-28.05805932392246
TS003,1.0,6.14355896702004,188.4206770471803,-26.480799227400535
TS003,1.0,6.152285613280012,189.09165840959795,-24.894389102566294
TS003,1.0,6.161012259539984,189.7536504531281,-23.298818650610528
TS003,1.0,6.169738905799955,190.4065038982204,-21.694080846233433
TS003,1.0,6.178465552059927,191.05007292483117,-20.08017181221609
TS003,1.0,6.187192198319898,191.684215598505,-18.457090674471928
TS003,1.0,6.19591884457987,192.30879429620853,-16.82483939725715
TS003,1.0,6.204645490839842,192.92367613010217,-15.183422598318902
TS003,1.0,6.213372137099813,193.52873336737676,-13.532847343846388
TS003,1.0,6.222098783359785,194.12384384423126,-11.873122923196647
TS003,1.0,6.230825429619756,194.70889137202656,-10.204260603470917
TS003,1.0,6.239552075879728,195.2837661336319,-8.526273364119762
TS003,1.0,6.2482787221397,195.8483650679632,-6.839175611873971
TS003,1.0,6.257005368399671,196.4025922407184,-5.142982876400531
TS003,1.0,6.265732014659643,196.94635919933256,-3.4377114872004215
TS003,1.0,6.274458660919615,197.4795853102041,-1.7233782323759637
TS003,1.0,6.283185307179586,198.00219807629205,-4.849655161965425e-14
TS003,2.0,0.0,211.79714432453082,0.0
TS003,2.0,0.008726646259971648,212.31366296237348,1.8528332668443543
TS003,2.0,0.017453292519943295,212.8193014856042,3.7147747254091343
TS003,2.0,0.026179938779914945,213.3140427599383,5.585824793317931
TS003,2.0,0.03490658503988659,213.79787812303613,7.465986419759318
TS003,2.0,0.04363323129985824,214.27080750184024,9.355265493298624
TS003,2.0,0.05235987755982989,214.7328395049223,11.25367125759468
TS003,2.0,0.061086523819801536,215.18399148909253,13.161216733912415
TS003,2.0,0.06981317007977318,215.62428959961025,15.077919149284977
TS003,2.0,0.07853981633974483,216.05376878342608,17.0038003691471
TS003,2.0,0.08726646259971647,216.47247277496348,18.938887333233524
TS003,2.0,0.09599310885968812,216.88045405403182,20.883212493512726
TS003,2.0,0.10471975511965978,217.27777377552994,22.83681425290573
TS003,2.0,0.11344640137963143,217.66450167066597,24.79973740352186
TS003,2.0,0.12217304763960307,218.04071591946712,26.772033563126726
TS003,2.0,0.1308996938995747,218.40650299439764,28.7537616085415
TS003,2.0,0.13962634015954636,218.76195747492633,30.744988104655206
TS003,2.0,0.14835298641951802,219.10718183289475,32.745787727711544
TS003,2.0,0.15707963267948966,219.44228618853094,34.75624368150719
TS003,2.0,0.16580627893946132,219.76738803692425,36.776448105107654
TS003,2.0,0.17453292519943295,220.08261194472692,38.80650247064644
TS003,2.0,0.1832595714594046,220.38808921677781,40.84651796972339
TS003,2.0,0.19198621771937624,220.68395753224115,42.89661588685217
TS003,2.0,0.2007128639793479,220.9703605497295,44.956927958326375
TS003,2.0,0.20943951023931956,221.24744748072538,47.02759671477178
TS003,2.0,0.2181661564992912,221.51537263042417,49.10877580552701
TS003,2.0,0.22689280275926285,221.7742949049049,51.20063030284258
TS003,2.0,0.23561944901923448,222.0243772832733,53.30333698370376
TS003,2.0,0.24434609527920614,222.26578625312558,55.41708458686109
TS003,2.0,0.2530727415391778,222.49869120734328,57.54207404239029
TS003,2.0,0.2617993877991494,222.7232637998464,59.67851867079274
TS003,2.0,0.27052603405912107,222.9396772574963,61.8266443482827
TS003,2.0,0.2792526803190927,223.14810564486245,63.986689634483305
TS003,2.0,0.2879793265790644,223.3487230780237,66.15890585825923
TS003,2.0,0.29670597283903605,223.54170288297897,68.34355715684255
TS003,2.0,0.30543261909900765,223.72721669357904,70.54092046275137
TS003,2.0,0.3141592653589793,223.9054334831619,72.75128543224616
TS003,2.0,0.32288591161895097,224.0765185232673,74.97495430820484
TS003,2.0,0.33161255787892263,224.24063226192638,77.21224170931463
TS003,2.0,0.34033920413889424,224.39792911305088,79.46347433635835
TS003,2.0,0.3490658503988659,224.54855614739262,81.72899058510397
TS003,2.0,0.35779249665883756,224.6926516743902,84.00914005387024
TS003,2.0,0.3665191429188092,224.83034370296915,86.30428293222111
TS003,2.0,0.3752457891787809,224.96174826800518,88.61478925541887
TS003,2.0,0.3839724354387525,225.08696760769968,90.94103800721908
TS003,2.0,0.39269908169872414,225.20608817554492,93.28341605130183
TS003,2.0,0.4014257279586958,225.31917846888211,95.64231686907787
TS003,2.0,0.41015237421866746,225.42628665427247,98.01813907876843
TS003,2.0,0.4188790204786391,225.52743796803614,100.41128470751117
TS003,2.0,0.4276056667386107,225.62263186835784,102.82215718477352
TS003,2.0,0.4363323129985824,225.71183891336153,105.2511590215479
TS003,2.0,0.44505895925855404,225.79499733752724,107.69868913564672
TS003,2.0,0.4537856055185257,225.87200929682825,110.16513977891435
TS003,2.0,0.4625122517784973,225.94273675105734,112.6508930173353
TS003,2.0,0.47123889803846897,226.0069969500737,115.15631670987229
TS003,2.0,0.4799655442984406,226.06455748925114,117.68175992646515
TS003,2.0,0.4886921905584123,226.11513089837675,120.22754774003677
TS003,2.0,0.49741883681838395,226.1583687278259,122.79397532170428
TS003,2.0,0.5061454830783556,226.1938550962436,125.38130126284386
TS003,2.0,0.5148721293383273,226.2210996654787,127.98974004243031
TS003,2.0,0.5235987755982988,226.23953001149238,130.6194535534695
TS003,2.0,0.5323254218582705,226.24848336481818,133.27054159875408
TS003,2.0,0.5410520681182421,226.24719770138768,135.94303126410662
TS003,2.0,0.5497787143782138,226.23480217476367,138.63686507737674
TS003,2.0,0.5585053606381855,226.21030689473469,141.35188786452295
TS003,2.0,0.5672320068981571,226.1725920756238,144.08783222112442
TS003,2.0,0.5759586531581288,226.1203966014575,146.84430252981906
TS003,2.0,0.5846852994181004,226.05230608530488,149.62075747285223
TS003,2.0,0.5934119456780721,225.966740537669,152.41649101578057
TS003,2.0,0.6021385919380436,225.86194180482266,155.2306118752403
TS003,2.0,0.6108652381980153,225.73596099338403,158.06202153258047
TS003,2.0,0.619591884457987,225.58664616296457,160.90939091817722
TS003,2.0,0.6283185307179586,225.4116306447932,163.77113597047872
TS003,2.0,0.6370451769779303,225.20832243062142,166.6453923711249
TS003,2.0,0.6457718232379019,224.9738951719292,169.5299898742087
TS003,2.0,0.6544984694978736,224.7052814322628,172.42242678438282
TS003,2.0,0.6632251157578453,224.39916894170287,175.31984529420507
TS003,2.0,0.6719517620178169,224.052000706314,178.21900856308787
TS003,2.0,0.6806784082777885,223.6599799189992,181.11628060312145
TS003,2.0,0.6894050545377601,223.2190806909489,184.00761022228076
TS003,2.0,0.6981317007977318,222.7250656616824,186.88852045065317
TS003,2.0,0.7068583470577035,222.1735115349782,189.7541050236196
TS003,2.0,0.7155849933176751,221.55984351054957,192.5990335963593
TS003,2.0,0.7243116395776468,220.87937941953766,195.41756739190316
TS003,2.0,0.7330382858376184,220.12738410977968,198.2035869131497
TS003,2.0,0.7417649320975901,219.2991342527904,200.95063315086395
TS003,2.0,0.7504915783575618,218.38999325455728,203.65196337137684
TS003,2.0,0.7592182246175333,217.39549535407156,206.30062205444312
TS003,2.0,0.767944870877505,216.31143730905362,208.88952687173716
TS003,2.0,0.7766715171374766,215.13397533660373,211.41156876647884
TS003,2.0,0.7853981633974483,213.85972425362624,213.85972425362624
TS003,2.0,0.7941248096574199,212.48585511853193,216.227177070622
TS003,2.0,0.8028514559173916,211.01018719113748,218.50744535504543
TS003,2.0,0.8115781021773633,209.43126978024296,220.69450970677542
TS003,2.0,0.8203047484373349,207.74844960382035,222.78293691127658
TS003,2.0,0.8290313946973066,205.96191968567922,224.76799384952827
TS003,2.0,0.8377580409572782,204.0727465596018,226.64574626465986
TS003,2.0,0.8464846872172498,202.08287360982922,228.41313762104159
TS003,2.0,0.8552113334772214,199.99509966613456,230.0680442549383
TS003,2.0,0.8639379797371931,197.81303337913747,231.60930430336833
TS003,2.0,0.8726646259971648,195.54102529393182,233.03671939359853
TS003,2.0,0.8813912722571364,193.18408078349051,234.35102963689943
TS003,2.0,0.8901179185171081,190.74775798195367,235.55386394735072
TS003,2.0,0.8988445647770797,188.23805549048177,236.64766896500274
TS003,2.0,0.9075712110370514,185.66129487763033,237.63562080075465
TS003,2.0,0.9162978572970231,183.02400287093727,238.52152438036714
TS003,2.0,0.9250245035569946,180.33279768568067,239.30970533710354
TS003,2.0,0.9337511498169663,177.59428323860254,240.00489921955062
TS003,2.0,0.9424777960769379,174.8149541417284,240.61214230867228
TS003,2.0,0.9512044423369096,172.00111345800406,241.13666766047953
TS003,2.0,0.9599310885968813,169.15880430945342,241.58380919742532
TS003,2.0,0.9686577348568529,166.29375562479592,241.95891584592724
TS003,2.0,0.9773843811168246,163.4113416401298,242.26727692795714
TS003,2.0,0.9861110273767962,160.51655424517853,242.51405931141107
TS003,2.0,0.9948376736367679,157.61398690204132,242.704256237584
TS003,2.0,1.0035643198967394,154.7078286426958,242.84264728760374
TS003,2.0,1.0122909661567112,151.80186655582244,242.93376862216454
TS003,2.0,1.0210176124166828,148.89949517831687,242.9818924193614
TS003,2.0,1.0297442586766545,146.00373128655133,242.9910143268258
TS003,2.0,1.038470904936626,143.1172327130384,242.9648477169345
TS003,2.0,1.0471975511965976,140.24231997479583,242.90682356767795
TS003,2.0,1.0559241974565694,137.38099967355126,242.8200948684684
TS003,2.0,1.064650843716541,134.53498880211922,242.70754455392924
TS003,2.0,1.0733774899765127,131.70573925681077,242.571796086708
TS003,2.0,1.0821041362364843,128.89446200679174,242.41522593275047
TS003,2.0,1.090830782496456,126.10215050469337,242.23997729214398
TS003,2.0,1.0995574287564276,123.32960303730738,242.04797456079936
TS003,2.0,1.1082840750163994,120.57744381104145,241.84093809998615
TS003,2.0,1.117010721276371,117.84614264513974,241.6203989806317
TS003,2.0,1.1257373675363425,115.1360332081423,241.38771344693413
TS003,2.0,1.1344640137963142,112.44732978165625,241.14407690958242
TS003,2.0,1.1431906600562858,109.78014257224005,240.89053733352583
TS003,2.0,1.1519173063162575,107.13449161903029,240.62800792987505
TS003,2.0,1.160643952576229,104.51031936346376,240.3572790973432
TS003,2.0,1.1693705988362009,101.90750195966505,240.0790295868657
TS003,2.0,1.1780972450961724,99.32585941117947,239.79383688483276
TS003,2.0,1.1868238913561442,96.76516462289965,239.5021868268026
TS003,2.0,1.1955505376161157,94.22515145725072,239.20448246560017
TS003,2.0,1.2042771838760873,91.70552188174406,238.9010522261695
TS003,2.0,1.213003830136059,89.20595229154532,238.59215738517793
TS003,2.0,1.2217304763960306,86.72609908621367,238.2779989167561
TS003,2.0,1.2304571226560024,84.26560357466043,237.9587237474125
TS003,2.0,1.239183768915974,81.82409627694665,237.63443046350216
TS003,2.0,1.2479104151759457,79.40120068600329,237.30517451398876
TS003,2.0,1.2566370614359172,76.9965365468947,236.97097294989052
TS003,2.0,1.265363707695889,74.60972270595227,236.6318087399588
TS003,2.0,1.2740903539558606,72.24037957707776,236.287634699973
TS003,2.0,1.2828170002158321,69.88813126778481,235.93837707067163
TS003,2.0,1.2915436464758039,67.55260740315806,235.58393877688772
TS003,2.0,1.3002702927357754,65.23344468185789,235.22420239797603
TS003,2.0,1.3089969389957472,62.930288194595676,234.859032877183
TS003,2.0,1.3177235852557188,60.64279253213647,234.48827999523942
TS003,2.0,1.3264502315156905,58.37062270683577,234.11178063119138
TS003,2.0,1.335176877775662,56.11345490897602,233.72936083133672
TS003,2.0,1.3439035240356338,53.87097711670326,233.34083770511407
TS003,2.0,1.3526301702956054,51.64288957616924,232.94602116490717
TS003,2.0,1.361356816555577,49.42890516652224,232.54471552497552
TS003,2.0,1.3700834628155487,47.22874966265619,232.13672097310635
TS003,2.0,1.3788101090755203,45.042161907087454,231.72183492709158
TS003,2.0,1.387536755335492,42.868893900974115,231.2998532867708
TS003,2.0,1.3962634015954636,40.708710823102244,230.87057159113436
TS003,2.0,1.4049900478554354,38.56139098461678,230.4337860888435
TS003,2.0,1.413716694115407,36.426725726366165,229.9892947294967
TS003,2.0,1.4224433403753787,34.304519264933056,229.53689808203669
TS003,2.0,1.4311699866353502,32.19458849273917,229.0764001858553
TS003,2.0,1.4398966328953218,30.096762737015258,228.6076093393965
TS003,2.0,1.4486232791552935,28.010883481919763,228.13033883038574
TS003,2.0,1.457349925415265,25.936804057651504,227.64440761121463
TS003,2.0,1.4660765716752369,23.874389300030018,227.14964092247766
TS003,2.0,1.4748032179352084,21.823515183704565,226.64587086719598
TS003,2.0,1.4835298641951802,19.784068431884993,226.13293693785516
TS003,2.0,1.4922565104551517,17.755946105269484,225.61068649803775
TS003,2.0,1.5009831567151235,15.73905517265616,225.07897522013147
TS003,2.0,1.509709802975095,13.733312065576378,224.53766748034948
TS003,2.0,1.5184364492350666,11.738642219158002,223.9866367120905
TS003,2.0,1.5271630954950384,9.754979601326408,223.42576571850887
TS003,2.0,1.53588974175501,7.782266232363335,222.85494694503709
TS003,2.0,1.5446163880149817,5.820451696772875,222.27408271251468
TS003,2.0,1.5533430342749532,3.8694926493457054,221.68308541152
TS003,2.0,1.562069680534925,1.9293523172581781,221.08187765847111
TS003,2.0,1.5707963267948966,1.3499918018832072e-14,220.4703924140616
TS003,2.0,1.5795229730548683,-1.9185894311218508,219.84857306461134
TS003,2.0,1.5882496193148399,-3.8264360321941253,219.21637346695724
TS003,2.0,1.5969762655748114,-5.723555282959095,218.57375795756042
TS003,2.0,1.6057029118347832,-7.609958578505535,217.920701326581
TS003,2.0,1.6144295580947547,-9.485653714815898,217.25718875774933
TS003,2.0,1.6231562043547265,-11.350645366648997,216.58321573495837
TS003,2.0,1.631882850614698,-13.204935556292552,215.8987879165934
TS003,2.0,1.6406094968746698,-15.048524111785175,215.203920978722
TS003,2.0,1.6493361431346414,-16.881409113272458,214.49864042836552
TS003,2.0,1.6580627893946132,-18.703587326239074,213.78298138817664
TS003,2.0,1.6667894356545847,-20.515054620435606,213.0569883539469
TS003,2.0,1.6755160819145565,-22.315806373407455,212.32071492646153
TS003,2.0,1.684242728174528,-24.105837857620664,211.57422351930796
TS003,2.0,1.6929693744344996,-25.88514461027787,210.81758504432258
TS003,2.0,1.7016960206944713,-27.653722785014345,210.0508785764339
TS003,2.0,1.710422666954443,-29.41156948476808,209.27419099971826
TS003,2.0,1.7191493132144147,-31.15868307522328,208.48761663653528
TS003,2.0,1.7278759594743862,-32.89506347833146,207.691256861647
TS003,2.0,1.736602605734358,-34.62071244552443,206.88521970324913
TS003,2.0,1.7453292519943295,-36.33563381033837,206.06961943285862
TS003,2.0,1.7540558982543013,-38.039833720276455,205.2445761459958
TS003,2.0,1.7627825445142729,-39.73332084784035,204.41021533559396
TS003,2.0,1.7715091907742444,-41.416106580764094,203.56666746003717
TS003,2.0,1.7802358370342162,-43.08820519158074,202.7140675076966
TS003,2.0,1.7889624832941877,-44.749633986746886,201.85255455978387
TS003,2.0,1.7976891295541595,-46.40041343563946,200.98227135328267
TS003,2.0,1.806415775814131,-48.04056727982154,200.10336384565394
TS003,2.0,1.8151424220741028,-49.6701226230534,199.21598078292996
TS003,2.0,1.8238690683340744,-51.289110002594114,198.32027327273252
TS003,2.0,1.8325957145940461,-52.89756344240558,197.4163943636556
TS003,2.0,1.8413223608540177,-54.495520488926324,196.5044986323598
TS003,2.0,1.8500490071139892,-56.08302223013505,195.58474177962384
TS003,2.0,1.858775653373961,-57.660113298664875,194.6572802364937
TS003,2.0,1.8675022996339325,-59.226841859766814,193.72227078156448
TS003,2.0,1.8762289458939043,-60.78325958495002,192.7798701703214
TS003,2.0,1.8849555921538759,-62.32942161214703,191.83023477736043
TS003,2.0,1.8936822384138476,-63.86538649326941,190.87352025219732
TS003,2.0,1.9024088846738192,-65.39121613002656,189.9098811892739
TS003,2.0,1.911135530933791,-66.90697569888506,188.93947081266109
TS003,2.0,1.9198621771937625,-68.41273356604053,187.96244067586167
TS003,2.0,1.928588823453734,-69.90856119326912,186.97894037701633
TS003,2.0,1.9373154697137058,-71.39453303550918,185.98911728972533
TS003,2.0,1.9460421159736774,-72.87072643100844,184.99311630960906
TS003,2.0,1.9547687622336491,-74.33722148484999,183.99107961664762
TS003,2.0,1.9634954084936207,-75.79410094664384,182.98314645326303
TS003,2.0,1.9722220547535925,-77.24145008314467,181.96945291803362
TS003,2.0,1.980948701013564,-78.67935654652332,180.95013177486592
TS003,2.0,1.9896753472735358,-80.1079102389883,179.92531227738576
TS003,2.0,1.9984019935335073,-81.52720317441663,178.89512000825985
TS003,2.0,2.007128639793479,-82.93732933761936,177.85967673310523
TS003,2.0,2.0158552860534504,-84.33838454182703,176.81910026860461
TS003,2.0,2.0245819323134224,-85.73046628494457,175.77350436440614
TS003,2.0,2.033308578573394,-87.11367360508491,174.7229985983542
TS003,2.0,2.0420352248333655,-88.4881069358544,173.66768828457106
TS003,2.0,2.050761871093337,-89.85386796182182,172.60767439388687
TS003,2.0,2.059488517353309,-91.21105947456859,171.54305348609938
TS003,2.0,2.0682151636132806,-92.55978522967747,170.47391765352964
TS003,2.0,2.076941809873252,-93.90014980498461,169.40035447533293
TS003,2.0,2.0856684561332237,-95.23225846038133,168.32244698202047
TS003,2.0,2.0943951023931953,-96.5562169994207,167.24027362964247
TS003,2.0,2.1031217486531673,-97.87213163295138,166.15390828308978
TS003,2.0,2.111848394913139,-99.18010884496853,165.06342020797223
TS003,2.0,2.1205750411731104,-100.48025526084584,163.96887407054274
TS003,2.0,2.129301687433082,-101.77267751808022,162.87032994514368
TS003,2.0,2.138028333693054,-103.05748213965936,161.7678433286666
TS003,2.0,2.1467549799530254,-104.33477541013379,160.6614651615283
TS003,2.0,2.155481626212997,-105.60466325445641,159.55124185468307
TS003,2.0,2.1642082724729685,-106.86725111962664,158.43721532220795
TS003,2.0,2.17293491873294,-108.12264385916129,157.31942301901503
TS003,2.0,2.181661564992912,-109.37094562039357,156.19789798326525
TS003,2.0,2.1903882112528836,-110.61225973458586,155.07266888307612
TS003,2.0,2.199114857512855,-111.84668860982922,153.9437600671381
TS003,2.0,2.2078415037728267,-113.0743336266855,152.81119161887307
TS003,2.0,2.2165681500327987,-114.29529503652023,151.67497941379108
TS003,2.0,2.2252947962927703,-115.50967186246116,150.53513517972127
TS003,2.0,2.234021442552742,-116.71756180291061,149.39166655961395
TS003,2.0,2.2427480888127134,-117.91906113752977,148.24457717663313
TS003,2.0,2.251474735072685,-119.11426463560872,147.0938667012769
TS003,2.0,2.260201381332657,-120.30326546672951,145.9395309202863
TS003,2.0,2.2689280275926285,-121.48615511362556,144.7815618071207
TS003,2.0,2.2776546738526,-122.66302328713846,143.61994759379837
TS003,2.0,2.2863813201125716,-123.83395784316997,142.45467284392114
TS003,2.0,2.2951079663725436,-124.99904470152644,141.28571852671712
TS003,2.0,2.303834612632515,-126.15836776655323,140.11306209195786
TS003,2.0,2.3125612588924866,-127.31200884945676,138.9366775456185
TS003,2.0,2.321287905152458,-128.46004759221344,137.7565355261713
TS003,2.0,2.3300145514124297,-129.60256139296726,136.57260338141467
TS003,2.0,2.3387411976724017,-130.73962533282085,135.38484524575745
TS003,2.0,2.3474678439323733,-131.8713121039284,134.19322211789205
TS003,2.0,2.356194490192345,-132.997691938804,132.99769193880402
TS003,2.0,2.3649211364523164,-134.11883254076292,131.7982096700793
TS003,2.0,2.3736477827122884,-135.23479901542024,130.59472737248203
TS003,2.0,2.38237442897226,-136.34565380317696,129.38719428478882
TS003,2.0,2.3911010752322315,-137.45145661263135,128.175556902875
TS003,2.0,2.399827721492203,-138.55226435485974,126.95975905906107
TS003,2.0,2.4085543677521746,-139.6481310785205,125.73974200173475
TS003,2.0,2.4172810140121466,-140.7391079057418,124.51544447527492
TS003,2.0,2.426007660272118,-141.82524296876545,123.28680280031185
TS003,2.0,2.4347343065320897,-142.9065813473255,122.05375095436445
TS003,2.0,2.443460952792061,-143.98316500675415,120.8162206529049
TS003,2.0,2.452187599052033,-145.05503273681484,119.57414143090443
TS003,2.0,2.4609142453120048,-146.1222200912755,118.32744072492157
TS003,2.0,2.4696408915719763,-147.1847593282471,117.07604395579797
TS003,2.0,2.478367537831948,-148.24267935132272,115.8198746120326
TS003,2.0,2.4870941840919194,-149.29600565156616,114.55885433390617
TS003,2.0,2.4958208303518914,-150.34476025041343,113.29290299843258
TS003,2.0,2.504547476611863,-151.38896164356044,112.02193880521546
TS003,2.0,2.5132741228718345,-152.4286247459286,110.7458783632875
TS003,2.0,2.522000769131806,-153.46376083781018,109.46463677901399
TS003,2.0,2.530727415391778,-154.49437751231244,108.17812774513779
TS003,2.0,2.5394540616517496,-155.5204786242338,106.8862636310451
TS003,2.0,2.548180707911721,-156.5420642405212,105.58895557432584
TS003,2.0,2.5569073541716927,-157.55913059247158,104.28611357370332
TS003,2.0,2.5656340004316642,-158.5716700298585,102.97764658340027
TS003,2.0,2.5743606466916362,-159.57967097718037,101.66346260900623
TS003,2.0,2.5830872929516078,-160.58311789224075,100.34346880490361
TS003,2.0,2.5918139392115793,-161.58199122729127,99.01757157330368
TS003,2.0,2.600540585471551,-162.57626739298024,97.68567666493634
TS003,2.0,2.609267231731523,-163.56591872536833,96.34768928142707
TS003,2.0,2.6179938779914944,-164.55091345628784,95.00351417938658
TS003,2.0,2.626720524251466,-165.53121568733837,93.65305577622443
TS003,2.0,2.6354471705114375,-166.50678536782578,92.29621825768933
TS003,2.0,2.644173816771409,-167.47757827696805,90.93290568712231
TS003,2.0,2.652900463031381,-168.44354601070384,89.56302211639547
TS003,2.0,2.6616271092913526,-169.40463597345433,88.18647169849336
TS003,2.0,2.670353755551324,-170.36079137520184,86.80315880167635
TS003,2.0,2.6790804018112957,-171.31195123425803,85.41298812514745
TS003,2.0,2.6878070480712677,-172.25805038610827,84.01586481612514
TS003,2.0,2.6965336943312392,-173.19901949872337,82.6116945882026
TS003,2.0,2.705260340591211,-174.13478509474228,81.20038384085325
TS003,2.0,2.7139869868511823,-175.06526958092934,79.78183977991947
TS003,2.0,2.722713633111154,-175.99039128531865,78.35597053889734
TS003,2.0,2.731440279371126,-176.9100645024553,76.92268530080453
TS003,2.0,2.7401669256310974,-177.82419954714487,75.4818944203944
TS003,2.0,2.748893571891069,-178.73270281711797,74.03350954645019
TS003,2.0,2.7576202181510405,-179.6354768650112,72.57744374386915
TS003,2.0,2.7663468644110125,-180.53242048005492,71.11361161521516
TS003,2.0,2.775073510670984,-181.42342877984763,69.64192942139267
TS003,2.0,2.7838001569309556,-182.308393312581,68.16231520106408
TS003,2.0,2.792526803190927,-183.18720217005745,66.67468888840602
TS003,2.0,2.8012534494508987,-184.05974011182298,65.17897242877007
TS003,2.0,2.8099800957108707,-184.92588870070813,63.675089891785085
TS003,2.0,2.8187067419708423,-185.7855264500395,62.162967581411834
TS003,2.0,2.827433388230814,-186.6385289827514,60.64253414243209
TS003,2.0,2.8361600344907854,-187.48476920258375,59.11372066283045
TS003,2.0,2.8448866807507573,-188.32411747751365,57.576460771501026
TS003,2.0,2.853613327010729,-189.15644183551663,56.03069073068983
TS003,2.0,2.8623399732707004,-189.98160817270485,54.47634952256095
TS003,2.0,2.871066619530672,-190.79948047383047,52.91337892925911
TS003,2.0,2.8797932657906435,-191.60992104508549,51.34172360582189
TS003,2.0,2.8885199120506155,-192.41279075906516,49.761331145284785
TS003,2.0,2.897246558310587,-193.20794931169277,48.17215213531085
TS003,2.0,2.9059732045705586,-193.99525549083668,46.57414020567016
TS003,2.0,2.91469985083053,-194.77456745627484,44.967252065894186
TS003,2.0,2.923426497090502,-195.54574303058726,43.351447532429034
TS003,2.0,2.9321531433504737,-196.30864000047916,41.726689544620015
TS003,2.0,2.9408797896104453,-197.06311642795828,40.092944168868314
TS003,2.0,2.949606435870417,-197.8090309707094,38.45018059031905
TS003,2.0,2.9583330821303884,-198.54624321092882,36.798371091457746
TS003,2.0,2.9670597283903604,-199.27461399180237,35.13749101701933
TS003,2.0,2.975786374650332,-199.99400576072887,33.467518724644826
TS003,2.0,2.9845130209103035,-200.70428291831675,31.788435520755016
TS003,2.0,2.993239667170275,-201.40531217210435,30.100225581154714
TS003,2.0,3.001966313430247,-202.0969628938845,28.402875855924734
TS003,2.0,3.0106929596902186,-202.77910747944463,26.696375958211867
TS003,2.0,3.01941960595019,-203.45162170947435,24.980718036581674
TS003,2.0,3.0281462522101616,-204.1143851103311,23.255896630661944
TS003,2.0,3.036872898470133,-204.76728131330756,21.521908509866886
TS003,2.0,3.045599544730105,-205.41019841099958,19.778752495062694
TS003,2.0,3.0543261909900767,-206.0430293093364,18.026429263106632
TS003,2.0,3.0630528372500483,-206.66567207380925,16.264941134265698
TS003,2.0,3.07177948351002,-207.27803026841306,14.494291842600626
TS003,2.0,3.080506129769992,-207.88001328580847,12.714486289477508
TS003,2.0,3.0892327760299634,-208.47153666720868,10.925530280451499
TS003,2.0,3.097959422289935,-209.05252241050601,9.127430245845556
TS003,2.0,3.1066860685499065,-209.62289926517093,7.320192945430924
TS003,2.0,3.115412714809878,-210.18260301248523,5.503825157692548
TS003,2.0,3.12413936106985,-210.73157672970748,3.6783333542426946
TS003,2.0,3.1328660073298216,-211.26977103681617,1.8437233600221803
TS003,2.0,3.141592653589793,-211.7971443245308,2.5937669486558663e-14
TS003,2.0,3.1503192998497647,-212.31366296237348,-1.8528332668443073
TS003,2.0,3.1590459461097367,-212.81930148560426,-3.714774725409162
TS003,2.0,3.167772592369708,-213.3140427599383,-5.585824793317936
TS003,2.0,3.1764992386296798,-213.79787812303613,-7.465986419759304
TS003,2.0,3.1852258848896513,-214.27080750184024,-9.355265493298587
TS003,2.0,3.193952531149623,-214.73283950492228,-11.25367125759462
TS003,2.0,3.202679177409595,-215.1839914890925,-13.161216733912427
TS003,2.0,3.2114058236695664,-215.6242895996102,-15.077919149284966
TS003,2.0,3.220132469929538,-216.05376878342608,-17.003800369147076
TS003,2.0,3.2288591161895095,-216.47247277496348,-18.938887333233474
TS003,2.0,3.2375857624494815,-216.8804540540318,-20.88321249351275
TS003,2.0,3.246312408709453,-217.27777377552994,-22.836814252905732
TS003,2.0,3.2550390549694246,-217.66450167066597,-24.799737403521842
TS003,2.0,3.263765701229396,-218.04071591946712,-26.77203356312669
TS003,2.0,3.2724923474893677,-218.40650299439758,-28.75376160854143
TS003,2.0,3.2812189937493397,-218.76195747492636,-30.744988104655235
TS003,2.0,3.2899456400093112,-219.10718183289475,-32.74578772771154
TS003,2.0,3.2986722862692828,-219.44228618853094,-34.756243681507165
TS003,2.0,3.3073989325292543,-219.76738803692425,-36.776448105107605
TS003,2.0,3.3161255787892263,-220.08261194472692,-38.80650247064648
TS003,2.0,3.324852225049198,-220.38808921677781,-40.84651796972339
TS003,2.0,3.3335788713091694,-220.6839575322411,-42.89661588685214
TS003,2.0,3.342305517569141,-220.97036054972952,-44.95692795832633
TS003,2.0,3.351032163829113,-221.24744748072538,-47.027596714771825
TS003,2.0,3.3597588100890845,-221.51537263042417,-49.10877580552702
TS003,2.0,3.368485456349056,-221.7742949049049,-51.20063030284258
TS003,2.0,3.3772121026090276,-222.02437728327337,-53.303336983703744
TS003,2.0,3.385938748868999,-222.26578625312558,-55.41708458686104
TS003,2.0,3.394665395128971,-222.49869120734328,-57.54207404239032
TS003,2.0,3.4033920413889427,-222.72326379984642,-59.67851867079276
TS003,2.0,3.4121186876489142,-222.93967725749627,-61.82664434828267
TS003,2.0,3.420845333908886,-223.14810564486245,-63.98668963448326
TS003,2.0,3.429571980168858,-223.3487230780237,-66.15890585825926
TS003,2.0,3.4382986264288293,-223.54170288297897,-68.34355715684255
TS003,2.0,3.447025272688801,-223.72721669357904,-70.54092046275136
TS003,2.0,3.4557519189487724,-223.9054334831619,-72.75128543224614
TS003,2.0,3.464478565208744,-224.07651852326734,-74.97495430820479
TS003,2.0,3.473205211468716,-224.2406322619264,-77.21224170931465
TS003,2.0,3.4819318577286875,-224.39792911305085,-79.46347433635835
TS003,2.0,3.490658503988659,-224.54855614739262,-81.72899058510396
TS003,2.0,3.4993851502486306,-224.69265167439013,-84.00914005387017
TS003,2.0,3.5081117965086026,-224.83034370296917,-86.30428293222117
TS003,2.0,3.516838442768574,-224.96174826800512,-88.61478925541886
TS003,2.0,3.5255650890285457,-225.08696760769968,-90.94103800721908
TS003,2.0,3.5342917352885173,-225.206088175545,-93.28341605130181
TS003,2.0,3.543018381548489,-225.31917846888211,-95.64231686907782
TS003,2.0,3.551745027808461,-225.42628665427253,-98.01813907876847
TS003,2.0,3.5604716740684323,-225.52743796803614,-100.41128470751117
TS003,2.0,3.569198320328404,-225.62263186835784,-102.8221571847735
TS003,2.0,3.5779249665883754,-225.71183891336148,-105.25115902154782
TS003,2.0,3.5866516128483474,-225.7949973375272,-107.69868913564676
TS003,2.0,3.595378259108319,-225.87200929682825,-110.16513977891438
TS003,2.0,3.6041049053682905,-225.94273675105734,-112.6508930173353
TS003,2.0,3.612831551628262,-226.0069969500737,-115.15631670987226
TS003,2.0,3.6215581978882336,-226.06455748925111,-117.68175992646506
TS003,2.0,3.6302848441482056,-226.11513089837666,-120.22754774003675
TS003,2.0,3.639011490408177,-226.1583687278259,-122.79397532170428
TS003,2.0,3.6477381366681487,-226.19385509624368,-125.38130126284386
TS003,2.0,3.6564647829281203,-226.22109966547868,-127.98974004243023
TS003,2.0,3.6651914291880923,-226.23953001149238,-130.61945355346958
TS003,2.0,3.673918075448064,-226.24848336481824,-133.27054159875416
TS003,2.0,3.6826447217080354,-226.24719770138768,-135.94303126410662
TS003,2.0,3.691371367968007,-226.23480217476367,-138.6368650773767
TS003,2.0,3.7000980142279785,-226.21030689473469,-141.3518878645229
TS003,2.0,3.7088246604879505,-226.17259207562384,-144.08783222112447
TS003,2.0,3.717551306747922,-226.1203966014575,-146.84430252981906
TS003,2.0,3.7262779530078936,-226.05230608530488,-149.62075747285223
TS003,2.0,3.735004599267865,-225.96674053766904,-152.41649101578054
TS003,2.0,3.743731245527837,-225.86194180482275,-155.23061187524038
TS003,2.0,3.7524578917878086,-225.73596099338403,-158.0620215325805
TS003,2.0,3.76118453804778,-225.58664616296457,-160.90939091817722
TS003,2.0,3.7699111843077517,-225.4116306447932,-163.7711359704787
TS003,2.0,3.7786378305677233,-225.20832243062145,-166.6453923711248
TS003,2.0,3.7873644768276953,-224.97389517192923,-169.52998987420875
TS003,2.0,3.796091123087667,-224.7052814322628,-172.42242678438282
TS003,2.0,3.8048177693476384,-224.39916894170295,-175.31984529420507
TS003,2.0,3.81354441560761,-224.05200070631403,-178.21900856308778
TS003,2.0,3.822271061867582,-223.6599799189992,-181.11628060312154
TS003,2.0,3.8309977081275535,-223.21908069094889,-184.00761022228076
TS003,2.0,3.839724354387525,-222.7250656616824,-186.88852045065317
TS003,2.0,3.8484510006474966,-222.1735115349782,-189.75410502361953
TS003,2.0,3.857177646907468,-221.55984351054965,-192.59903359635928
TS003,2.0,3.86590429316744,-220.87937941953766,-195.41756739190316
TS003,2.0,3.8746309394274117,-220.12738410977968,-198.2035869131497
TS003,2.0,3.883357585687383,-219.29913425279037,-200.9506331508639
TS003,2.0,3.8920842319473548,-218.3899932545573,-203.6519633713768
TS003,2.0,3.9008108782073267,-217.39549535407158,-206.30062205444327
TS003,2.0,3.9095375244672983,-216.31143730905362,-208.8895268717372
TS003,2.0,3.91826417072727,-215.13397533660373,-211.41156876647884
TS003,2.0,3.9269908169872414,-213.8597242536262,-213.85972425362615
TS003,2.0,3.935717463247213,-212.485855118532,-216.2271770706219
TS003,2.0,3.944444109507185,-211.01018719113748,-218.50744535504543
TS003,2.0,3.9531707557671565,-209.43126978024296,-220.69450970677542
TS003,2.0,3.961897402027128,-207.74844960382032,-222.78293691127655
TS003,2.0,3.9706240482870996,-205.96191968567922,-224.76799384952815
TS003,2.0,3.9793506945470716,-204.07274655960177,-226.64574626465992
TS003,2.0,3.988077340807043,-202.0828736098292,-228.4131376210416
TS003,2.0,3.9968039870670147,-199.99509966613456,-230.0680442549383
TS003,2.0,4.005530633326987,-197.81303337913732,-231.6093043033683
TS003,2.0,4.014257279586958,-195.54102529393182,-233.03671939359845
TS003,2.0,4.02298392584693,-193.1840807834905,-234.35102963689943
TS003,2.0,4.031710572106901,-190.74775798195378,-235.55386394735066
TS003,2.0,4.040437218366873,-188.23805549048186,-236.64766896500277
TS003,2.0,4.049163864626845,-185.6612948776303,-237.63562080075474
TS003,2.0,4.057890510886816,-183.02400287093735,-238.52152438036705
TS003,2.0,4.066617157146788,-180.3327976856806,-239.3097053371035
TS003,2.0,4.075343803406759,-177.59428323860263,-240.0048992195505
TS003,2.0,4.084070449666731,-174.81495414172844,-240.61214230867225
TS003,2.0,4.092797095926703,-172.00111345800394,-241.13666766047947
TS003,2.0,4.101523742186674,-169.1588043094535,-241.58380919742524
TS003,2.0,4.110250388446646,-166.29375562479592,-241.95891584592724
TS003,2.0,4.118977034706618,-163.41134164012968,-242.26727692795708
TS003,2.0,4.127703680966589,-160.51655424517867,-242.51405931141113
TS003,2.0,4.136430327226561,-157.6139869020413,-242.70425623758402
TS003,2.0,4.145156973486532,-154.70782864269592,-242.8426472876037
TS003,2.0,4.153883619746504,-151.8018665558225,-242.93376862216456
TS003,2.0,4.162610266006476,-148.89949517831673,-242.98189241936143
TS003,2.0,4.171336912266447,-146.00373128655144,-242.99101432682585
TS003,2.0,4.180063558526419,-143.11723271303836,-242.96484771693454
TS003,2.0,4.1887902047863905,-140.24231997479598,-242.90682356767803
TS003,2.0,4.1975168510463625,-137.3809996735513,-242.82009486846837
TS003,2.0,4.2062434973063345,-134.53498880211916,-242.70754455392932
TS003,2.0,4.214970143566306,-131.70573925681092,-242.57179608670808
TS003,2.0,4.223696789826278,-128.89446200679166,-242.4152259327504
TS003,2.0,4.232423436086249,-126.10215050469355,-242.239977292144
TS003,2.0,4.241150082346221,-123.32960303730741,-242.04797456079936
TS003,2.0,4.249876728606193,-120.57744381104146,-241.8409380999862
TS003,2.0,4.258603374866164,-117.84614264513984,-241.6203989806317
TS003,2.0,4.267330021126136,-115.13603320814225,-241.38771344693416
TS003,2.0,4.276056667386108,-112.44732978165614,-241.1440769095824
TS003,2.0,4.284783313646079,-109.78014257224008,-240.8905373335258
TS003,2.0,4.293509959906051,-107.13449161903023,-240.62800792987503
TS003,2.0,4.302236606166022,-104.51031936346388,-240.3572790973432
TS003,2.0,4.310963252425994,-101.90750195966513,-240.07902958686577
TS003,2.0,4.319689898685966,-99.32585941117937,-239.79383688483273
TS003,2.0,4.328416544945937,-96.76516462289976,-239.50218682680264
TS003,2.0,4.337143191205909,-94.22515145725069,-239.20448246560017
TS003,2.0,4.34586983746588,-91.70552188174415,-238.9010522261695
TS003,2.0,4.354596483725852,-89.20595229154537,-238.59215738517796
TS003,2.0,4.363323129985824,-86.72609908621358,-238.2779989167561
TS003,2.0,4.372049776245795,-84.26560357466053,-237.95872374741253
TS003,2.0,4.380776422505767,-81.82409627694659,-237.6344304635021
TS003,2.0,4.389503068765738,-79.40120068600345,-237.3051745139888
TS003,2.0,4.39822971502571,-76.99653654689475,-236.97097294989055
TS003,2.0,4.406956361285682,-74.60972270595222,-236.63180873995876
TS003,2.0,4.4156830075456535,-72.24037957707785,-236.28763469997298
TS003,2.0,4.4244096538056255,-69.8881312677848,-235.93837707067166
TS003,2.0,4.4331363000655974,-67.55260740315796,-235.58393877688766
TS003,2.0,4.4418629463255686,-65.23344468185792,-235.22420239797606
TS003,2.0,4.4505895925855405,-62.930288194595654,-234.85903287718304
TS003,2.0,4.459316238845512,-60.64279253213656,-234.48827999523942
TS003,2.0,4.468042885105484,-58.37062270683579,-234.11178063119138
TS003,2.0,4.476769531365456,-56.113454908975925,-233.7293608313367
TS003,2.0,4.485496177625427,-53.87097711670336,-233.34083770511413
TS003,2.0,4.494222823885399,-51.64288957616921,-232.94602116490714
TS003,2.0,4.50294947014537,-49.42890516652232,-232.54471552497552
TS003,2.0,4.511676116405342,-47.22874966265622,-232.13672097310635
TS003,2.0,4.520402762665314,-45.04216190708738,-231.72183492709158
TS003,2.0,4.529129408925285,-42.86889390097419,-231.29985328677074
TS003,2.0,4.537856055185257,-40.70871082310222,-230.87057159113434
TS003,2.0,4.546582701445229,-38.56139098461671,-230.43378608884348
TS003,2.0,4.5553093477052,-36.4267257263662,-229.9892947294967
TS003,2.0,4.564035993965172,-34.304519264933035,-229.53689808203669
TS003,2.0,4.572762640225143,-32.194588492739264,-229.07640018585536
TS003,2.0,4.581489286485115,-30.096762737015236,-228.60760933939648
TS003,2.0,4.590215932745087,-28.010883481919684,-228.13033883038574
TS003,2.0,4.598942579005058,-25.936804057651532,-227.64440761121466
TS003,2.0,4.60766922526503,-23.874389300029996,-227.14964092247766
TS003,2.0,4.616395871525001,-21.82351518370465,-226.64587086719604
TS003,2.0,4.625122517784973,-19.78406843188502,-226.13293693785522
TS003,2.0,4.633849164044945,-17.75594610526941,-225.61068649803775
TS003,2.0,4.642575810304916,-15.739055172656245,-225.07897522013158
TS003,2.0,4.651302456564888,-13.733312065576351,-224.53766748034948
TS003,2.0,4.6600291028248595,-11.73864221915808,-223.98663671209053
TS003,2.0,4.6687557490848315,-9.754979601326436,-223.42576571850887
TS003,2.0,4.6774823953448035,-7.782266232363262,-222.85494694503706
TS003,2.0,4.686209041604775,-5.8204516967729525,-222.27408271251474
TS003,2.0,4.694935687864747,-3.869492649345683,-221.68308541152
TS003,2.0,4.703662334124719,-1.9293523172581075,-221.08187765847114
TS003,2.0,4.71238898038469,-4.049975405649621e-14,-220.4703924140616
TS003,2.0,4.721115626644662,1.9185894311218725,-219.84857306461134
TS003,2.0,4.729842272904633,3.8264360321940494,-219.21637346695724
TS003,2.0,4.738568919164605,5.723555282959117,-218.57375795756042
TS003,2.0,4.747295565424577,7.609958578505605,-217.92070132658097
TS003,2.0,4.756022211684548,9.485653714815875,-217.25718875774942
TS003,2.0,4.76474885794452,11.35064536664902,-216.58321573495837
TS003,2.0,4.773475504204491,13.204935556292481,-215.89878791659342
TS003,2.0,4.782202150464463,15.04852411178515,-215.203920978722
TS003,2.0,4.790928796724435,16.881409113272525,-214.4986404283655
TS003,2.0,4.799655442984406,18.703587326239,-213.78298138817667
TS003,2.0,4.808382089244378,20.515054620435627,-213.0569883539469
TS003,2.0,4.817108735504349,22.31580637340734,-212.32071492646162
TS003,2.0,4.825835381764321,24.10583785762064,-211.57422351930802
TS003,2.0,4.834562028024293,25.885144610277933,-210.81758504432253
TS003,2.0,4.843288674284264,27.653722785014267,-210.05087857643386
TS003,2.0,4.852015320544236,29.411569484768094,-209.2741909997182
TS003,2.0,4.860741966804208,31.158683075223337,-208.48761663653522
TS003,2.0,4.869468613064179,32.89506347833143,-207.691256861647
TS003,2.0,4.878195259324151,34.62071244552445,-206.88521970324913
TS003,2.0,4.886921905584122,36.3356338103383,-206.06961943285864
TS003,2.0,4.895648551844094,38.039833720276434,-205.2445761459958
TS003,2.0,4.904375198104066,39.73332084784041,-204.4102153355939
TS003,2.0,4.9131018443640375,41.41610658076406,-203.56666746003714
TS003,2.0,4.9218284906240095,43.088205191580755,-202.71406750769657
TS003,2.0,4.930555136883981,44.74963398674683,-201.85255455978393
TS003,2.0,4.939281783143953,46.400413435639436,-200.98227135328267
TS003,2.0,4.948008429403925,48.04056727982158,-200.10336384565383
TS003,2.0,4.956735075663896,49.67012262305333,-199.21598078293
TS003,2.0,4.965461721923868,51.28911000259414,-198.32027327273258
TS003,2.0,4.974188368183839,52.89756344240548,-197.41639436365568
TS003,2.0,4.982915014443811,54.4955204889263,-196.50449863235983
TS003,2.0,4.991641660703783,56.083022230135114,-195.5847417796238
TS003,2.0,5.000368306963754,57.6601132986648,-194.6572802364937
TS003,2.0,5.009094953223726,59.22684185976682,-193.72227078156445
TS003,2.0,5.017821599483698,60.78325958495009,-192.77987017032137
TS003,2.0,5.026548245743669,62.32942161214701,-191.83023477736043
TS003,2.0,5.035274892003641,63.86538649326942,-190.87352025219732
TS003,2.0,5.044001538263612,65.3912161300265,-189.90988118927396
TS003,2.0,5.052728184523584,66.90697569888503,-188.9394708126611
TS003,2.0,5.061454830783556,68.41273356604056,-187.9624406758616
TS003,2.0,5.070181477043527,69.90856119326911,-186.97894037701636
TS003,2.0,5.078908123303499,71.3945330355092,-185.98911728972533
TS003,2.0,5.08763476956347,72.87072643100839,-184.99311630960912
TS003,2.0,5.096361415823442,74.33722148484998,-183.99107961664762
TS003,2.0,5.105088062083414,75.7941009466439,-182.983146453263
TS003,2.0,5.113814708343385,77.2414500831446,-181.96945291803368
TS003,2.0,5.122541354603357,78.67935654652334,-180.9501317748659
TS003,2.0,5.1312680008633285,80.1079102389882,-179.92531227738579
TS003,2.0,5.1399946471233005,81.5272031744166,-178.89512000825985
TS003,2.0,5.1487212933832724,82.93732933761942,-177.85967673310518
TS003,2.0,5.1574479396432436,84.33838454182701,-176.81910026860461
TS003,2.0,5.1661745859032155,85.73046628494455,-175.77350436440616
TS003,2.0,5.1749012321631875,87.11367360508497,-174.7229985983542
TS003,2.0,5.183627878423159,88.48810693585436,-173.66768828457103
TS003,2.0,5.192354524683131,89.85386796182188,-172.6076743938868
TS003,2.0,5.201081170943102,91.21105947456853,-171.5430534860995
TS003,2.0,5.209807817203074,92.55978522967746,-170.47391765352967
TS003,2.0,5.218534463463046,93.9001498049847,-169.40035447533293
TS003,2.0,5.227261109723017,95.2322584603813,-168.3224469820205
TS003,2.0,5.235987755982989,96.55621699942077,-167.24027362964245
TS003,2.0,5.24471440224296,97.87213163295128,-166.1539082830898
TS003,2.0,5.253441048502932,99.18010884496852,-165.06342020797226
TS003,2.0,5.262167694762904,100.48025526084588,-163.9688740705427
TS003,2.0,5.270894341022875,101.77267751808022,-162.87032994514368
TS003,2.0,5.279620987282847,103.05748213965931,-161.76784332866657
TS003,2.0,5.288347633542818,104.33477541013372,-160.66146516152838
TS003,2.0,5.29707427980279,105.60466325445637,-159.55124185468304
TS003,2.0,5.305800926062762,106.86725111962667,-158.43721532220786
TS003,2.0,5.314527572322733,108.12264385916127,-157.31942301901503
TS003,2.0,5.323254218582705,109.37094562039356,-156.19789798326528
TS003,2.0,5.331980864842677,110.6122597345859,-155.0726688830761
TS003,2.0,5.340707511102648,111.84668860982922,-153.94376006713816
TS003,2.0,5.34943415736262,113.07433362668554,-152.81119161887304
TS003,2.0,5.358160803622591,114.29529503652016,-151.67497941379116
TS003,2.0,5.366887449882563,115.50967186246113,-150.53513517972127
TS003,2.0,5.375614096142535,116.71756180291065,-149.3916665596139
TS003,2.0,5.3843407424025065,117.91906113752974,-148.24457717663313
TS003,2.0,5.3930673886624785,119.11426463560876,-147.09386670127685
TS003,2.0,5.40179403492245,120.30326546672946,-145.93953092028642
TS003,2.0,5.410520681182422,121.4861551136255,-144.78156180712068
TS003,2.0,5.419247327442394,122.66302328713851,-143.61994759379834
TS003,2.0,5.427973973702365,123.83395784316996,-142.45467284392114
TS003,2.0,5.436700619962337,124.99904470152646,-141.28571852671715
TS003,2.0,5.445427266222308,126.15836776655314,-140.11306209195791
TS003,2.0,5.45415391248228,127.31200884945676,-138.93667754561852
TS003,2.0,5.462880558742252,128.4600475922135,-137.75653552617126
TS003,2.0,5.471607205002223,129.60256139296723,-136.5726033814147
TS003,2.0,5.480333851262195,130.73962533282085,-135.38484524575745
TS003,2.0,5.489060497522167,131.87131210392843,-134.193222117892
TS003,2.0,5.497787143782138,132.99769193880397,-132.99769193880402
TS003,2.0,5.50651379004211,134.11883254076295,-131.79820967007927
TS003,2.0,5.515240436302081,135.23479901542015,-130.5947273724821
TS003,2.0,5.523967082562053,136.34565380317693,-129.38719428478882
TS003,2.0,5.532693728822025,137.45145661263138,-128.17555690287494
TS003,2.0,5.541420375081996,138.55226435485974,-126.9597590590611
TS003,2.0,5.550147021341968,139.64813107852052,-125.73974200173473
TS003,2.0,5.558873667601939,140.73910790574175,-124.515444475275
TS003,2.0,5.567600313861911,141.8252429687654,-123.28680280031185
TS003,2.0,5.576326960121883,142.90658134732553,-122.05375095436439
TS003,2.0,5.585053606381854,143.98316500675412,-120.81622065290493
TS003,2.0,5.593780252641826,145.05503273681484,-119.57414143090446
TS003,2.0,5.602506898901797,146.1222200912754,-118.32744072492164
TS003,2.0,5.611233545161769,147.1847593282471,-117.07604395579799
TS003,2.0,5.619960191421741,148.24267935132272,-115.81987461203258
TS003,2.0,5.6286868376817125,149.2960056515662,-114.55885433390623
TS003,2.0,5.6374134839416845,150.3447602504134,-113.2929029984326
TS003,2.0,5.6461401302016565,151.38896164356046,-112.02193880521541
TS003,2.0,5.654866776461628,152.4286247459286,-110.74587836328753
TS003,2.0,5.6635934227216,153.46376083781024,-109.46463677901394
TS003,2.0,5.672320068981571,154.49437751231235,-108.17812774513789
TS003,2.0,5.681046715241543,155.52047862423376,-106.88626363104511
TS003,2.0,5.689773361501515,156.54206424052123,-105.58895557432578
TS003,2.0,5.698500007761486,157.55913059247155,-104.28611357370333
TS003,2.0,5.707226654021458,158.57167002985852,-102.97764658340023
TS003,2.0,5.715953300281429,159.5796709771803,-101.66346260900632
TS003,2.0,5.724679946541401,160.58311789224075,-100.34346880490364
TS003,2.0,5.733406592801373,161.5819912272913,-99.01757157330364
TS003,2.0,5.742133239061344,162.57626739298024,-97.68567666493637
TS003,2.0,5.750859885321316,163.5659187253683,-96.3476892814271
TS003,2.0,5.759586531581287,164.5509134562878,-95.00351417938668
TS003,2.0,5.768313177841259,165.53121568733835,-93.65305577622445
TS003,2.0,5.777039824101231,166.5067853678258,-92.29621825768928
TS003,2.0,5.785766470361202,167.47757827696805,-90.93290568712236
TS003,2.0,5.794493116621174,168.44354601070384,-89.56302211639549
TS003,2.0,5.803219762881146,169.4046359734544,-88.18647169849334
TS003,2.0,5.811946409141117,170.36079137520184,-86.80315880167636
TS003,2.0,5.820673055401089,171.31195123425803,-85.41298812514738
TS003,2.0,5.82939970166106,172.2580503861082,-84.01586481612523
TS003,2.0,5.838126347921032,173.19901949872337,-82.61169458820262
TS003,2.0,5.846852994181004,174.1347850947423,-81.20038384085319
TS003,2.0,5.8555796404409755,175.06526958092934,-79.78183977991948
TS003,2.0,5.8643062867009474,175.9903912853187,-78.35597053889728
TS003,2.0,5.8730329329609186,176.91006450245527,-76.92268530080463
TS003,2.0,5.8817595792208905,177.82419954714484,-75.48189442039441
TS003,2.0,5.8904862254808625,178.73270281711805,-74.03350954645015
TS003,2.0,5.899212871740834,179.6354768650112,-72.57744374386918
TS003,2.0,5.907939518000806,180.53242048005492,-71.11361161521519
TS003,2.0,5.916666164260777,181.4234287798476,-69.64192942139279
TS003,2.0,5.925392810520749,182.308393312581,-68.16231520106409
TS003,2.0,5.934119456780721,183.18720217005742,-66.67468888840595
TS003,2.0,5.942846103040692,184.05974011182298,-65.1789724287701
TS003,2.0,5.951572749300664,184.92588870070807,-63.675089891785085
TS003,2.0,5.960299395560636,185.78552645003958,-62.1629675814118
TS003,2.0,5.969026041820607,186.6385289827514,-60.642534142432126
TS003,2.0,5.977752688080579,187.48476920258378,-59.11372066283039
TS003,2.0,5.98647933434055,188.3241174775136,-57.57646077150114
TS003,2.0,5.995205980600522,189.1564418355166,-56.03069073068984
TS003,2.0,6.003932626860494,189.98160817270488,-54.476349522560916
TS003,2.0,6.012659273120465,190.7994804738304,-52.91337892925912
TS003,2.0,6.021385919380437,191.60992104508549,-51.34172360582183
TS003,2.0,6.030112565640408,192.41279075906508,-49.76133114528488
TS003,2.0,6.03883921190038,193.20794931169277,-48.17215213531088
TS003,2.0,6.047565858160352,193.9952554908367,-46.5741402056701
TS003,2.0,6.056292504420323,194.77456745627484,-44.967252065894215
TS003,2.0,6.065019150680295,195.54574303058723,-43.351447532429056
TS003,2.0,6.073745796940266,196.30864000047913,-41.72668954462012
TS003,2.0,6.082472443200238,197.06311642795828,-40.092944168868335
TS003,2.0,6.09119908946021,197.8090309707094,-38.450180590318986
TS003,2.0,6.0999257357201815,198.54624321092876,-36.79837109145775
TS003,2.0,6.1086523819801535,199.2746139918024,-35.13749101701936
TS003,2.0,6.1173790282401255,199.99400576072887,-33.46751872464476
TS003,2.0,6.126105674500097,200.7042829183167,-31.78843552075503
TS003,2.0,6.134832320760069,201.4053121721044,-30.10022558115466
TS003,2.0,6.14355896702004,202.0969628938844,-28.402875855924837
TS003,2.0,6.152285613280012,202.77910747944463,-26.69637595821189
TS003,2.0,6.161012259539984,203.45162170947444,-24.980718036581617
TS003,2.0,6.169738905799955,204.11438511033106,-23.25589663066196
TS003,2.0,6.178465552059927,204.7672813133076,-21.521908509866826
TS003,2.0,6.187192198319898,205.4101984109995,-19.778752495062804
TS003,2.0,6.19591884457987,206.04302930933633,-18.026429263106653
TS003,2.0,6.204645490839842,206.66567207380925,-16.26494113426563
TS003,2.0,6.213372137099813,207.278030268413,-14.494291842600646
TS003,2.0,6.222098783359785,207.8800132858085,-12.714486289477536
TS003,2.0,6.230825429619756,208.47153666720868,-10.925530280451618
TS003,2.0,6.239552075879728,209.05252241050601,-9.127430245845582
TS003,2.0,6.2482787221397,209.62289926517093,-7.320192945430858
TS003,2.0,6.257005368399671,210.18260301248523,-5.503825157692574
TS003,2.0,6.265732014659643,210.73157672970748,-3.6783333542427203
TS003,2.0,6.274458660919615,211.26977103681617,-1.8437233600221121
TS003,2.0,6.283185307179586,211.7971443245308,-5.1875338973117326e-14
TS003,5.0,0.0,239.35876776809818,0.0
TS003,5.0,0.008726646259971648,239.8990321671588,2.093567136853785
TS003,5.0,0.017453292519943295,240.42799295472352,4.196686227585739
TS003,5.0,0.026179938779914945,240.94567452402814,6.309384535521042
TS003,5.0,0.03490658503988659,241.45210887010978,8.43169343714948
TS003,5.0,0.04363323129985824,241.94733562193505,10.563648807455913
TS003,5.0,0.05235987755982989,242.43140205480321,12.70529141016635
TS003,5.0,0.061086523819801536,242.90436308270972,14.856667292123099
TS003,5.0,0.06981317007977318,243.36628123040083,17.01782818098971
TS003,5.0,0.07853981633974483,243.8172265848838,19.188831885475093
TS003,5.0,0.08726646259971647,244.25727672618893,21.36974269725605
TS003,5.0,0.09599310885968812,244.6865166372016,23.56063179376734
TS003,5.0,0.10471975511965978,245.10503859239725,25.761577641018032
TS003,5.0,0.11344640137963143,245.51294202531295,27.972666395580656
TS003,5.0,0.12217304763960307,245.9103333745849,30.193992304885292
TS003,5.0,0.1308996938995747,246.29732590835823,32.42565810493218
TS003,5.0,0.13962634015954636,246.67403952684236,34.66777541451312
TS003,5.0,0.14835298641951802,247.04060054273452,36.92046512500156
TS003,5.0,0.15707963267948966,247.39714143917084,39.18385778473321
TS003,5.0,0.16580627893946132,247.7438006047752,41.45809397695005
TS003,5.0,0.17453292519943295,248.08072204527878,43.74332469021993
TS003,5.0,0.1832595714594046,248.40805507105077,46.039711680168544
TS003,5.0,0.19198621771937624,248.7259539597394,48.34742782126808
TS003,5.0,0.2007128639793479,249.03457759304368,50.666657447314414
TS003,5.0,0.20943951023931956,249.33408906644055,52.99759667908966
TS003,5.0,0.2181661564992912,249.6246552704585,55.340453737544465
TS003,5.0,0.22689280275926285,249.9064464418315,57.69544924064306
TS003,5.0,0.23561944901923448,250.1796356825679,60.06281648178642
TS003,5.0,0.24434609527920614,250.44439844463963,62.442801687463785
TS003,5.0,0.2530727415391778,250.70091197761909,64.83566425147053
TS003,5.0,0.2617993877991494,250.949354736178,67.24167694267022
TS003,5.0,0.27052603405912107,251.18990574389238,69.66112608285874
TS003,5.0,0.2792526803190927,251.422743909283,72.09431169080533
TS003,5.0,0.2879793265790644,251.6480472894415,74.54154758798832
TS003,5.0,0.29670597283903605,251.86599229595714,77.00316146090469
TS003,5.0,0.30543261909900765,252.07675283715196,79.47949487410088
TS003,5.0,0.3141592653589793,252.28049938985168,81.97090322723652
TS003,5.0,0.32288591161895097,252.4773979930595,84.47775564853983
TS003,5.0,0.33161255787892263,252.6676091549517,87.00043481593049
TS003,5.0,0.34033920413889424,252.8512866635723,89.53933669585454
TS003,5.0,0.3490658503988659,253.02857629045658,92.09487018848112
TS003,5.0,0.35779249665883756,253.19961437516363,94.66745666633419
TS003,5.0,0.3665191429188092,253.3645262773223,97.25752939164958
TS003,5.0,0.3752457891787809,253.5234246813055,99.86553279574208
TS003,5.0,0.3839724354387525,253.6764077370197,102.49192160140844
TS003,5.0,0.39269908169872414,253.82355701854294,105.13715976686109
TS003,5.0,0.4014257279586958,253.96493528044633,107.80171922685162
TS003,5.0,0.41015237421866746,254.10058398960803,110.48607840348164
TS003,5.0,0.4188790204786391,254.23052060816613,113.19072045567852
TS003,5.0,0.4276056667386107,254.35473560097597,115.91613123241338
TS003,5.0,0.4363323129985824,254.47318913855773,118.66279689043489
TS003,5.0,0.44505895925855404,254.58580746406048,121.4312011325615
TS003,5.0,0.4537856055185257,254.69247889028352,124.22182201741398
TS003,5.0,0.4625122517784973,254.79304939033423,127.03512828587023
TS003,5.0,0.47123889803846897,254.88731774314272,129.87157514350406
TS003,5.0,0.4799655442984406,254.97503019290644,132.73159943186374
TS003,5.0,0.4886921905584123,255.05587457974352,135.61561411471683
TS003,5.0,0.49741883681838395,255.12947389756107,138.52400199843657
TS003,5.0,0.5061454830783556,255.19537923463238,141.45710859867873
TS003,5.0,0.5148721293383273,255.2530620529113,144.4152340586109
TS003,5.0,0.5235987755982988,255.30190576404812,147.3986240174976
TS003,5.0,0.5323254218582705,255.3411965638619,150.40745932280316
TS003,5.0,0.5410520681182421,255.37011349319633,153.4418444746603
TS003,5.0,0.5497787143782138,255.38771770230844,156.50179468923304
TS003,5.0,0.5585053606381855,255.39294090896868,159.58722146800443
TS003,5.0,0.5672320068981571,255.38457305819452,162.69791656439426
TS003,5.0,0.5759586531581288,255.36124921503549,165.8335342486459
TS003,5.0,0.5846852994181004,255.32143575222804,168.99357178815313
TS003,5.0,0.5934119456780721,255.26341593310607,172.17734808517085
TS003,5.0,0.6021385919380436,255.18527503821014,175.38398044927737
TS003,5.0,0.6108652381980153,255.08488524288444,178.6123595304264
TS003,5.0,0.619591884457987,254.95989052397735,181.86112250253245
TS003,5.0,0.6283185307179586,254.80769195744713,185.1286246699749
TS003,5.0,0.6370451769779303,254.6254338656216,188.41290977280045
TS003,5.0,0.6457718232379019,254.4099913826488,191.71167939301196
TS003,5.0,0.6544984694978736,254.1579601277326,195.02226201568976
TS003,5.0,0.6632251157578453,253.8656488049013,198.34158247507162
TS003,5.0,0.6719517620178169,253.52907568004784,201.66613271550614
TS003,5.0,0.6806784082777885,253.1439700129577,204.9919450160888
TS003,5.0,0.6894050545377601,252.70577963311462,208.3145690579542
TS003,5.0,0.6981317007977318,252.20968592901303,211.62905444237245
TS003,5.0,0.7068583470577035,251.6506275539332,214.92994047857482
TS003,5.0,0.7155849933176751,251.02333411619475,218.21125522961964
TS003,5.0,0.7243116395776468,250.32237099657073,221.46652590421218
TS003,5.0,0.7330382858376184,249.54219619778547,224.6888026794511
TS003,5.0,0.7417649320975901,248.67722976191868,227.87069789913946
TS003,5.0,0.7504915783575618,247.7219357790756,231.004442281213
TS003,5.0,0.7592182246175333,246.67091635432794,234.0819592593471
TS003,5.0,0.767944870877505,245.51901611517965,237.09495786410608
TS003,5.0,0.7766715171374766,244.26143496425675,240.0350436240862
TS003,5.0,0.7853981633974483,242.89384586923586,242.89384586923586
TS003,5.0,0.7941248096574199,241.41251361311004,245.66315860868463
TS003,5.0,0.8028514559173916,239.81440969778473,248.33509092584723
TS003,5.0,0.8115781021773633,238.09731810430912,250.90222170102
TS003,5.0,0.8203047484373349,236.2599264583297,253.35775256664536
TS003,5.0,0.8290313946973066,234.30189740105118,255.6956524504274
TS003,5.0,0.8377580409572782,232.22391565685842,257.9107869711459
TS003,5.0,0.8464846872172498,230.0277074011115,259.9990263831402
TS003,5.0,0.8552113334772214,227.71602999284912,261.9573267215655
TS003,5.0,0.8639379797371931,225.29263182450347,263.78378022007195
TS003,5.0,0.8726646259971648,222.76218379585293,265.47763283283945
TS003,5.0,0.8813912722571364,220.13018557016562,267.0392686255893
TS003,5.0,0.8901179185171081,217.40285115605104,268.47016271522045
TS003,5.0,0.8988445647770797,214.58697935302598,269.772806151318
TS003,5.0,0.9075712110370514,211.6898151279769,270.9506074935539
TS003,5.0,0.9162978572970231,208.71890803833946,272.00777674727425
TS003,5.0,0.9250245035569946,205.68197342656813,272.94919773639396
TS003,5.0,0.9337511498169663,202.58676136414329,273.7802949382762
TS003,5.0,0.9424777960769379,199.44093733371537,274.50690034795014
TS003,5.0,0.9512044423369096,196.25197752515228,275.13512517899545
TS003,5.0,0.9599310885968813,193.02708049724234,275.67124025938637
TS003,5.0,0.9686577348568529,189.7730959134998,276.12156795326405
TS003,5.0,0.9773843811168246,186.49647016317044,276.4923874293174
TS003,5.0,0.9861110273767962,183.20320796444344,276.7898541758309
TS003,5.0,0.9948376736367679,179.89884852806597,277.01993387895544
TS003,5.0,1.0035643198967394,176.5884545280353,277.18835015812476
TS003,5.0,1.0122909661567112,173.2766119599503,277.30054519475595
TS003,5.0,1.0210176124166828,169.96743893733642,277.36165198685194
TS003,5.0,1.0297442586766545,166.66460154946688,277.3764767929021
TS003,5.0,1.038470904936626,163.37133504971655,277.34949026896936
TS003,5.0,1.0471975511965976,160.09046883362407,277.2848258273587
TS003,5.0,1.0559241974565694,156.82445387785575,277.18628382966926
TS003,5.0,1.064650843716541,153.5753915275545,277.0573403502147
TS003,5.0,1.0733774899765127,150.34506272752793,276.901159390435
TS003,5.0,1.0821041362364843,147.13495698409562,276.7206075775827
TS003,5.0,1.090830782496456,143.94630051441757,276.51827053181654
TS003,5.0,1.0995574287564276,140.78008318674637,276.2964702281974
TS003,5.0,1.1082840750163994,137.63708397818002,276.0572828098181
TS003,5.0,1.117010721276371,134.51789477739663,275.80255642325585
TS003,5.0,1.1257373675363425,131.4229424405251,275.5339287470164
TS003,5.0,1.1344640137963142,128.3525090712043,275.25284396796354
TS003,5.0,1.1431906600562858,125.30675054353873,274.96056903085145
TS003,5.0,1.1519173063162575,122.28571332157102,274.6582090433572
TS003,5.0,1.160643952576229,119.28934965337038,274.34672176496383
TS003,5.0,1.1693705988362009,116.31753123392868,274.0269311442292
TS003,5.0,1.1780972450961724,113.37006144056632,273.6995398968862
TS003,5.0,1.1868238913561442,110.44668624898156,273.3651411382487
TS003,5.0,1.1955505376161157,107.54710393870008,273.0242290987715
TS003,5.0,1.2042771838760873,104.6709736945125,272.67720896242696
TS003,5.0,1.213003830136059,101.81792320636534,272.3244058747355
TS003,5.0,1.2217304763960306,98.98755536472812,271.96607317160465
TS003,5.0,1.2304571226560024,96.17945414221616,271.60239988225555
TS003,5.0,1.239183768915974,93.39318974557949,271.23351755995395
TS003,5.0,1.2479104151759457,90.62832311536033,270.8595064934816
TS003,5.0,1.2566370614359172,87.88440984379004,270.48040135059534
TS003,5.0,1.265363707695889,85.1610035749758,270.09619630242827
TS003,5.0,1.2740903539558606,82.45765894523126,269.70684967508186
TS003,5.0,1.2828170002158321,79.77393411558043,269.31228817172104
TS003,5.0,1.2915436464758039,77.10939294305997,268.9124107054316
TS003,5.0,1.3002702927357754,74.46360683246199,268.50709188002816
TS003,5.0,1.3089969389957472,71.83615630560652,268.09618515298297
TS003,5.0,1.3177235852557188,69.22663232109502,267.67952571171827
TS003,5.0,1.3264502315156905,66.63463737375135,267.256933091717
TS003,5.0,1.335176877775662,64.05978639959243,266.8282135622635
TS003,5.0,1.3439035240356338,61.50170750914749,266.39316230315313
TS003,5.0,1.3526301702956054,58.960042569250646,265.95156539339575
TS003,5.0,1.361356816555577,56.434447651027156,265.50320163080784
TS003,5.0,1.3700834628155487,53.92459335966416,265.04784419940887
TS003,5.0,1.3788101090755203,51.43016505966806,264.5852621997311
TS003,5.0,1.387536755335492,48.95086300764431,264.11522205548823
TS003,5.0,1.3962634015954636,46.486402403171354,263.6374888085386
TS003,5.0,1.4049900478554354,44.03651336704971,263.15182731269607
TS003,5.0,1.413716694115407,41.600940855084396,262.6580033356959
TS003,5.0,1.4224433403753787,39.179444514571244,262.1557845774843
TS003,5.0,1.4311699866353502,36.771798489806514,261.64494161198263
TS003,5.0,1.4398966328953218,34.37779118219367,261.1252487585537
TS003,5.0,1.4486232791552935,31.997224969883785,260.59648488857243
TS003,5.0,1.457349925415265,29.62991589133332,260.05843417176334
TS003,5.0,1.4660765716752369,27.27569329669035,259.5108867663079
TS003,5.0,1.4748032179352084,24.93439947052069,258.95363945614383
TS003,5.0,1.4835298641951802,22.60588922904024,258.3864962383593
TS003,5.0,1.4922565104551517,20.290029494735926,257.8092688631379
TS003,5.0,1.5009831567151235,17.98669885101247,257.22177732831346
TS003,5.0,1.509709802975095,15.69578707930455,256.6238503302618
TS003,5.0,1.5184364492350666,13.41719468092363,256.015325672563
TS003,5.0,1.5271630954950384,11.150832385774489,255.39605063363257
TS003,5.0,1.53588974175501,8.896620649961639,254.76588229431795
TS003,5.0,1.5446163880149817,6.654489144213635,254.1246878263013
TS003,5.0,1.5533430342749532,4.424376234979651,253.47234474202685
TS003,5.0,1.562069680534925,2.206228459987023,252.80874110677962
TS003,5.0,1.5707963267948966,1.543874106922305e-14,252.13377571348903
TS003,5.0,1.5795229730548683,-2.194347851528441,251.44735822079295
TS003,5.0,1.5882496193148399,-4.37684721925639,250.74940925489517
TS003,5.0,1.5969762655748114,-6.5475241755886815,250.0398604757608
TS003,5.0,1.6057029118347832,-8.706399267566642,249.3186546082294
TS003,5.0,1.6144295580947547,-10.853488039467742,248.58574543867198
TS003,5.0,1.6231562043547265,-12.988801549609983,247.84109777788404
TS003,5.0,1.631882850614698,-15.112346879895606,247.08468739097933
TS003,5.0,1.6406094968746698,-17.22412763667735,246.31650089513099
TS003,5.0,1.6493361431346414,-19.324144441577708,245.53653562609898
TS003,5.0,1.6580627893946132,-21.412395410950502,244.74479947457104
TS003,5.0,1.6667894356545847,-23.488876622731865,243.94131069344508
TS003,5.0,1.6755160819145565,-25.55358256949778,243.12609767727133
TS003,5.0,1.684242728174528,-27.606506596614146,242.29919871516975
TS003,5.0,1.6929693744344996,-29.64764132444603,241.46066171862424
TS003,5.0,1.7016960206944713,-31.676979053672653,240.61054392564247
TS003,5.0,1.710422666954443,-33.69451215284305,239.7489115828464
TS003,5.0,1.7191493132144147,-35.70023342739887,238.87583960712763
TS003,5.0,1.7278759594743862,-37.694136469482956,237.9914112285659
TS003,5.0,1.736602605734358,-39.676215987952354,237.09571761635505
TS003,5.0,1.7453292519943295,-41.646468118110114,236.18885748952653
TS003,5.0,1.7540558982543013,-43.604890710773255,235.27093671428602
TS003,5.0,1.7627825445142729,-45.55148360039161,234.3420678898004
TS003,5.0,1.7715091907742444,-47.48624885203459,233.40236992427492
TS003,5.0,1.7802358370342162,-49.4091909871593,232.45196760316114
TS003,5.0,1.7889624832941877,-51.32031718817069,231.49099115131565
TS003,5.0,1.7976891295541595,-53.21963748187825,230.51957579090438
TS003,5.0,1.806415775814131,-55.10716490204217,229.53786129681103
TS003,5.0,1.8151424220741028,-56.98291563128988,228.54599155125902
TS003,5.0,1.8238690683340744,-58.846909122762504,227.54411409930182
TS003,5.0,1.8325957145940461,-60.69916820192932,226.53237970676938
TS003,5.0,1.8413223608540177,-62.53971914907562,225.51094192218847
TS003,5.0,1.8500490071139892,-64.3685917630366,224.47995664411292
TS003,5.0,1.858775653373961,-66.18581940680534,223.43958169521648
TS003,5.0,1.8675022996339325,-67.99143903569598,222.3899764044111
TS003,5.0,1.8762289458939043,-69.78549120878857,221.3313011981575
TS003,5.0,1.8849555921538759,-71.56802008441824,220.26371720204196
TS003,5.0,1.8936822384138476,-73.33907340050652,219.18738585359108
TS003,5.0,1.9024088846738192,-75.09870244055462,218.10246852719862
TS003,5.0,1.911135530933791,-76.8469619861406,217.00912617193728
TS003,5.0,1.9198621771937625,-78.58391025677246,215.90751896293082
TS003,5.0,1.928588823453734,-80.30960883795917,214.79780596686135
TS003,5.0,1.9373154697137058,-82.02412259836056,213.6801448220928
TS003,5.0,1.9460421159736774,-83.72751959687479,212.5546914337983
TS003,5.0,1.9547687622336491,-85.41987098051398,211.42159968438628
TS003,5.0,1.9634954084936207,-87.10125087390351,210.28102115943926
TS003,5.0,1.9722220547535925,-88.77173626122624,209.13310488929199
TS003,5.0,1.980948701013564,-90.43140686140877,207.9779971063007
TS003,5.0,1.9896753472735358,-92.08034499732666,206.8158410177828
TS003,5.0,1.9984019935335073,-93.71863545977443,205.64677659453724
TS003,5.0,2.007128639793479,-95.34636536692055,204.47094037479408
TS003,5.0,2.0158552860534504,-96.96362401993376,203.28846528338462
TS003,5.0,2.0245819323134224,-98.57050275543482,202.09948046587056
TS003,5.0,2.033308578573394,-100.16709479539308,200.9041111373255
TS003,5.0,2.0420352248333655,-101.75349509505347,199.7024784454188
TS003,5.0,2.050761871093337,-103.3298001894402,198.4946993474165
TS003,5.0,2.059488517353309,-104.89610803895091,197.28088650068304
TS003,5.0,2.0682151636132806,-106.45251787451578,196.06114816623943
TS003,5.0,2.076941809873252,-107.99913004276226,194.83558812491188
TS003,5.0,2.0856684561332237,-109.53604585158844,193.60430560558956
TS003,5.0,2.0943951023931953,-111.06336741651421,192.36739522509245
TS003,5.0,2.1031217486531673,-112.58119750814575,191.12494693914516
TS003,5.0,2.111848394913139,-114.08963940105335,189.8770460039423
TS003,5.0,2.1205750411731104,-115.58879672433471,188.62377294779236
TS003,5.0,2.129301687433082,-117.07877331410056,187.36520355232508
TS003,5.0,2.138028333693054,-118.55967306809355,186.1014088427513
TS003,5.0,2.1467549799530254,-120.0315998026216,184.83245508667042
TS003,5.0,2.155481626212997,-121.49465711196271,183.5584038009282
TS003,5.0,2.1642082724729685,-122.94894823036992,182.27931176604005
TS003,5.0,2.17293491873294,-124.39457589678578,180.9952310477031
TS003,5.0,2.181661564992912,-125.83164222235186,179.70620902493866
TS003,5.0,2.1903882112528836,-127.26024856077869,178.41228842441825
TS003,5.0,2.199114857512855,-128.680495381626,177.11350736054442
TS003,5.0,2.2078415037728267,-130.09248214652158,175.8098993808738
TS003,5.0,2.2165681500327987,-131.49630718833706,174.50149351648935
TS003,5.0,2.2252947962927703,-132.8920675933215,173.18831433694515
TS003,5.0,2.234021442552742,-134.27985908618393,171.8703820094269
TS003,5.0,2.2427480888127134,-135.65977591810338,170.54771236179235
TS003,5.0,2.251474735072685,-137.03191075763783,169.22031694917194
TS003,5.0,2.260201381332657,-138.3963545844939,167.8882031238327
TS003,5.0,2.2689280275926285,-139.75319658611295,166.55137410802496
TS003,5.0,2.2776546738526,-141.10252405702573,165.2098290695527
TS003,5.0,2.2863813201125716,-142.4444223009202,163.8635631998265
TS003,5.0,2.2951079663725436,-143.7789745353685,162.5125677941764
TS003,5.0,2.303834612632515,-145.10626179915246,161.15683033421996
TS003,5.0,2.3125612588924866,-146.42636286213258,159.79633457209914
TS003,5.0,2.321287905152458,-147.73935413759827,158.43106061641603
TS003,5.0,2.3300145514124297,-149.04530959704525,157.0609850197142
TS003,5.0,2.3387411976724017,-150.3443006873236,155.68608086736793
TS003,5.0,2.3474678439323733,-151.63639625010518,154.30631786775766
TS003,5.0,2.356194490192345,-152.92166244362244,152.92166244362247
TS003,5.0,2.3649211364523164,-154.20016266663526,151.53207782449675
TS003,5.0,2.3736477827122884,-155.47195748458765,150.13752414014888
TS003,5.0,2.38237442897226,-156.73710455792198,148.73795851495322
TS003,5.0,2.3911010752322315,-157.9956585725271,147.33333516313672
TS003,5.0,2.399827721492203,-159.2476711723002,145.92360548485448
TS003,5.0,2.4085543677521746,-160.49319089381362,144.5087181630551
TS003,5.0,2.4172810140121466,-161.73226310308513,143.08861926110845
TS003,5.0,2.426007660272118,-162.9649299344575,141.6632523211745
TS003,5.0,2.4347343065320897,-164.19123023160566,140.23255846329965
TS003,5.0,2.443460952792061,-165.41119949069642,138.7964764852349
TS003,5.0,2.452187599052033,-166.62486980573752,137.35494296297242
TS003,5.0,2.4609142453120048,-167.8322698161629,135.90789235200504
TS003,5.0,2.4696408915719763,-169.03342465671273,134.4552570893146
TS003,5.0,2.478367537831948,-170.22835590967546,132.9969676960993
TS003,5.0,2.4870941840919194,-171.4170815595729,131.53295288125094
TS003,5.0,2.4958208303518914,-172.59961595037998,130.06313964559564
TS003,5.0,2.504547476611863,-173.77596974538122,128.58745338691023
TS003,5.0,2.5132741228718345,-174.94614988978032,127.10581800572581
TS003,5.0,2.522000769131806,-176.11015957618736,125.61815601192991
TS003,5.0,2.530727415391778,-177.26799821312355,124.12438863217443
TS003,5.0,2.5394540616517496,-178.41966139669182,122.6244359180936
TS003,5.0,2.548180707911721,-179.5651408855757,121.11821685533107
TS003,5.0,2.5569073541716927,-180.70442457953777,119.6056494733719
TS003,5.0,2.5656340004316642,-181.8374965016022,118.08665095616631
TS003,5.0,2.5743606466916362,-182.9643367841147,116.56113775352595
TS003,5.0,2.5830872929516078,-184.0849216588839,115.02902569326609
TS003,5.0,2.5918139392115793,-185.19922345161962,113.49023009405589
TS003,5.0,2.600540585471551,-186.30721058088875,111.94466587893092
TS003,5.0,2.609267231731523,-187.40884756182214,110.39224768941003
TS003,5.0,2.6179938779914944,-188.50409501481022,108.83289000014746
TS003,5.0,2.626720524251466,-189.59290967943394,107.26650723403631
TS003,5.0,2.6354471705114375,-190.67524443388183,105.69301387766994
TS003,5.0,2.644173816771409,-191.75104832010888,104.11232459704848
TS003,5.0,2.652900463031381,-192.8202665749984,102.52435435340722
TS003,5.0,2.6616271092913526,-193.88284066778618,100.92901851902361
TS003,5.0,2.670353755551324,-194.93870834401042,99.32623299284529
TS003,5.0,2.6790804018112957,-195.98780367624883,97.71591431576444
TS003,5.0,2.6878070480712677,-197.03005712190105,96.09797978534431
TS003,5.0,2.6965336943312392,-198.06539558827072,94.47234756978725
TS003,5.0,2.705260340591211,-199.0937425051963,92.83893682091241
TS003,5.0,2.7139869868511823,-200.11501790546947,91.19766778589579
TS003,5.0,2.722713633111154,-201.12913851327187,89.54846191750256
TS003,5.0,2.731440279371126,-202.13601784084634,87.89124198252402
TS003,5.0,2.7401669256310974,-203.13556629360593,86.22593216811237
TS003,5.0,2.748893571891069,-204.12769128386637,84.5524581856857
TS003,5.0,2.7576202181510405,-205.11229735336616,82.870747372059
TS003,5.0,2.7663468644110125,-206.08928630472067,81.18072878743652
TS003,5.0,2.775073510670984,-207.0585573419275,79.4823333098843
TS003,5.0,2.7838001569309556,-208.02000722001725,77.77549372588294
TS003,5.0,2.792526803190927,-208.9735304039122,76.06014481654732
TS003,5.0,2.8012534494508987,-209.91901923652367,74.33622343908198
TS003,5.0,2.8099800957108707,-210.85636411608596,72.60366860302847
TS003,5.0,2.8187067419708423,-211.78545368268536,70.86242154084962
TS003,5.0,2.827433388230814,-212.7061750139074,69.11242577238222
TS003,5.0,2.8361600344907854,-213.61841382948026,67.35362716268469
TS003,5.0,2.8448866807507573,-214.52205470475226,65.5859739727959
TS003,5.0,2.853613327010729,-215.41698129279493,63.809416902919835
TS003,5.0,2.8623399732707004,-216.3030765548772,62.02390912754523
TS003,5.0,2.871066619530672,-217.18022299900747,60.22940632201382
TS003,5.0,2.8797932657906435,-218.04830292619238,58.42586668005012
TS003,5.0,2.8885199120506155,-218.90719868401007,56.61325092177359
TS003,5.0,2.897246558310587,-219.7567929270465,54.79152229172292
TS003,5.0,2.9059732045705586,-220.5969688836915,52.960646546431654
TS003,5.0,2.91469985083053,-221.42761062874294,51.120591931113445
TS003,5.0,2.923426497090502,-222.24860336121475,49.27132914502903
TS003,5.0,2.9321531433504737,-223.05983368669786,47.41283129513146
TS003,5.0,2.9408797896104453,-223.8611899035769,45.545073837608165
TS003,5.0,2.949606435870417,-224.6525622923557,43.668034506968695
TS003,5.0,2.9583330821303884,-225.43384340730583,41.7816932323552
TS003,5.0,2.9670597283903604,-226.2049283696098,39.886032040787875
TS003,5.0,2.975786374650332,-226.9657151611321,37.981034947094145
TS003,5.0,2.9845130209103035,-227.71610491792035,36.066687830308226
TS003,5.0,2.993239667170275,-228.4560022225048,34.14297829637195
TS003,5.0,3.001966313430247,-229.18531539404154,32.209895527009415
TS003,5.0,3.0106929596902186,-229.90395677532192,30.267430114695827
TS003,5.0,3.01941960595019,-230.61184301565635,28.315573883686948
TS003,5.0,3.0281462522101616,-231.30889534862408,26.354319697127185
TS003,5.0,3.036872898470133,-231.995039863683,24.383661250302588
TS003,5.0,3.045599544730105,-232.67020777062498,22.40359285015701
TS003,5.0,3.0543261909900767,-233.3343356558715,20.41410918124156
TS003,5.0,3.0630528372500483,-233.98736572961533,18.41520505831699
TS003,5.0,3.07177948351002,-234.6292460628275,16.406875165883022
TS003,5.0,3.080506129769992,-235.25993081317353,14.38911378495532
TS003,5.0,3.0892327760299634,-235.87938043890813,12.361914507462798
TS003,5.0,3.097959422289935,-236.48756189985002,10.325269938682581
TS003,5.0,3.1066860685499065,-237.0844488445749,8.279171388179497
TS003,5.0,3.115412714809878,-237.67002178300748,6.223608549756848
TS003,5.0,3.12413936106985,-238.24426824363454,4.158569170968311
TS003,5.0,3.1328660073298216,-238.80718291461338,2.084038712779388
TS003,5.0,3.141592653589793,-239.35876776809823,2.931299487950562e-14
TS003,5.0,3.1503192998497647,-239.8990321671588,-2.0935671368537316
TS003,5.0,3.1590459461097367,-240.42799295472352,-4.1966862275857695
TS003,5.0,3.167772592369708,-240.94567452402814,-6.309384535521048
TS003,5.0,3.1764992386296798,-241.4521088701097,-8.43169343714946
TS003,5.0,3.1852258848896513,-241.94733562193508,-10.563648807455872
TS003,5.0,3.193952531149623,-242.43140205480316,-12.70529141016628
TS003,5.0,3.202679177409595,-242.90436308270972,-14.856667292123115
TS003,5.0,3.2114058236695664,-243.36628123040083,-17.017828180989703
TS003,5.0,3.220132469929538,-243.81722658488385,-19.188831885475064
TS003,5.0,3.2288591161895095,-244.2572767261889,-21.369742697255994
TS003,5.0,3.2375857624494815,-244.68651663720166,-23.560631793767378
TS003,5.0,3.246312408709453,-245.10503859239734,-25.761577641018047
TS003,5.0,3.2550390549694246,-245.5129420253129,-27.97266639558063
TS003,5.0,3.263765701229396,-245.9103333745848,-30.19399230488524
TS003,5.0,3.2724923474893677,-246.2973259083582,-32.42565810493211
TS003,5.0,3.2812189937493397,-246.67403952684234,-34.667775414513144
TS003,5.0,3.2899456400093112,-247.04060054273452,-36.920465125001556
TS003,5.0,3.2986722862692828,-247.39714143917084,-39.183857784733185
TS003,5.0,3.3073989325292543,-247.7438006047752,-41.458093976949996
TS003,5.0,3.3161255787892263,-248.08072204527878,-43.743324690219964
TS003,5.0,3.324852225049198,-248.40805507105077,-46.039711680168544
TS003,5.0,3.3335788713091694,-248.72595395973943,-48.347427821268056
TS003,5.0,3.342305517569141,-249.03457759304368,-50.666657447314364
TS003,5.0,3.351032163829113,-249.33408906644055,-52.99759667908971
TS003,5.0,3.3597588100890845,-249.62465527045856,-55.34045373754449
TS003,5.0,3.368485456349056,-249.9064464418315,-57.69544924064305
TS003,5.0,3.3772121026090276,-250.17963568256786,-60.06281648178638
TS003,5.0,3.385938748868999,-250.44439844463963,-62.44280168746373
TS003,5.0,3.394665395128971,-250.70091197761914,-64.83566425147058
TS003,5.0,3.4033920413889427,-250.94935473617795,-67.24167694267022
TS003,5.0,3.4121186876489142,-251.1899057438923,-69.6611260828587
TS003,5.0,3.420845333908886,-251.422743909283,-72.09431169080528
TS003,5.0,3.429571980168858,-251.64804728944156,-74.54154758798836
TS003,5.0,3.4382986264288293,-251.86599229595714,-77.00316146090469
TS003,5.0,3.447025272688801,-252.07675283715204,-79.4794948741009
TS003,5.0,3.4557519189487724,-252.2804993898517,-81.97090322723649
TS003,5.0,3.464478565208744,-252.47739799305947,-84.47775564853976
TS003,5.0,3.473205211468716,-252.66760915495172,-87.00043481593053
TS003,5.0,3.4819318577286875,-252.8512866635723,-89.53933669585456
TS003,5.0,3.490658503988659,-253.02857629045658,-92.09487018848111
TS003,5.0,3.4993851502486306,-253.19961437516366,-94.66745666633415
TS003,5.0,3.5081117965086026,-253.36452627732237,-97.25752939164964
TS003,5.0,3.516838442768574,-253.52342468130553,-99.86553279574211
TS003,5.0,3.5255650890285457,-253.6764077370197,-102.49192160140844
TS003,5.0,3.5342917352885173,-253.82355701854286,-105.13715976686102
TS003,5.0,3.543018381548489,-253.96493528044627,-107.80171922685153
TS003,5.0,3.551745027808461,-254.10058398960808,-110.4860784034817
TS003,5.0,3.5604716740684323,-254.23052060816613,-113.19072045567852
TS003,5.0,3.569198320328404,-254.35473560097597,-115.91613123241336
TS003,5.0,3.5779249665883754,-254.4731891385578,-118.66279689043486
TS003,5.0,3.5866516128483474,-254.5858074640605,-121.43120113256157
TS003,5.0,3.595378259108319,-254.69247889028352,-124.22182201741403
TS003,5.0,3.6041049053682905,-254.79304939033423,-127.03512828587023
TS003,5.0,3.612831551628262,-254.88731774314275,-129.87157514350406
TS003,5.0,3.6215581978882336,-254.97503019290642,-132.73159943186366
TS003,5.0,3.6302848441482056,-255.0558745797435,-135.61561411471683
TS003,5.0,3.639011490408177,-255.12947389756107,-138.52400199843657
TS003,5.0,3.6477381366681487,-255.19537923463247,-141.45710859867873
TS003,5.0,3.6564647829281203,-255.25306205291122,-144.4152340586108
TS003,5.0,3.6651914291880923,-255.30190576404814,-147.3986240174977
TS003,5.0,3.673918075448064,-255.34119656386187,-150.4074593228032
TS003,5.0,3.6826447217080354,-255.37011349319633,-153.4418444746603
TS003,5.0,3.691371367968007,-255.38771770230844,-156.501794689233
TS003,5.0,3.7000980142279785,-255.3929409089687,-159.5872214680044
TS003,5.0,3.7088246604879505,-255.3845730581945,-162.6979165643943
TS003,5.0,3.717551306747922,-255.36124921503549,-165.8335342486459
TS003,5.0,3.7262779530078936,-255.32143575222804,-168.99357178815313
TS003,5.0,3.735004599267865,-255.26341593310613,-172.17734808517082
TS003,5.0,3.743731245527837,-255.1852750382102,-175.38398044927746
TS003,5.0,3.7524578917878086,-255.08488524288444,-178.61235953042646
TS003,5.0,3.76118453804778,-254.95989052397735,-181.86112250253245
TS003,5.0,3.7699111843077517,-254.80769195744713,-185.12862466997487
TS003,5.0,3.7786378305677233,-254.6254338656217,-188.4129097728004
TS003,5.0,3.7873644768276953,-254.40999138264885,-191.71167939301202
TS003,5.0,3.796091123087667,-254.1579601277326,-195.02226201568976
TS003,5.0,3.8048177693476384,-253.86564880490133,-198.3415824750716
TS003,5.0,3.81354441560761,-253.52907568004792,-201.6661327155061
TS003,5.0,3.822271061867582,-253.14397001295762,-204.99194501608886
TS003,5.0,3.8309977081275535,-252.70577963311464,-208.3145690579543
TS003,5.0,3.839724354387525,-252.20968592901303,-211.62905444237245
TS003,5.0,3.8484510006474966,-251.65062755393322,-214.92994047857476
TS003,5.0,3.857177646907468,-251.02333411619477,-218.21125522961955
TS003,5.0,3.86590429316744,-250.32237099657073,-221.46652590421218
TS003,5.0,3.8746309394274117,-249.54219619778547,-224.6888026794511
TS003,5.0,3.883357585687383,-248.67722976191868,-227.87069789913943
TS003,5.0,3.8920842319473548,-247.72193577907564,-231.00444228121296
TS003,5.0,3.9008108782073267,-246.67091635432794,-234.08195925934726
TS003,5.0,3.9095375244672983,-245.51901611517957,-237.09495786410602
TS003,5.0,3.91826417072727,-244.26143496425675,-240.0350436240862
TS003,5.0,3.9269908169872414,-242.89384586923595,-242.8938458692359
TS003,5.0,3.935717463247213,-241.4125136131101,-245.66315860868448
TS003,5.0,3.944444109507185,-239.81440969778473,-248.33509092584723
TS003,5.0,3.9531707557671565,-238.09731810430912,-250.90222170102
TS003,5.0,3.961897402027128,-236.2599264583297,-253.3577525666453
TS003,5.0,3.9706240482870996,-234.3018974010512,-255.6956524504273
TS003,5.0,3.9793506945470716,-232.22391565685834,-257.9107869711459
TS003,5.0,3.988077340807043,-230.02770740111146,-259.9990263831402
TS003,5.0,3.9968039870670147,-227.71602999284912,-261.9573267215655
TS003,5.0,4.005530633326987,-225.2926318245034,-263.783780220072
TS003,5.0,4.014257279586958,-222.76218379585305,-265.47763283283945
TS003,5.0,4.02298392584693,-220.13018557016554,-267.0392686255892
TS003,5.0,4.031710572106901,-217.4028511560512,-268.4701627152204
TS003,5.0,4.040437218366873,-214.58697935302604,-269.7728061513179
TS003,5.0,4.049163864626845,-211.68981512797683,-270.9506074935539
TS003,5.0,4.057890510886816,-208.71890803833958,-272.00777674727425
TS003,5.0,4.066617157146788,-205.6819734265681,-272.94919773639396
TS003,5.0,4.075343803406759,-202.58676136414343,-273.78029493827614
TS003,5.0,4.084070449666731,-199.4409373337154,-274.5069003479501
TS003,5.0,4.092797095926703,-196.2519775251522,-275.13512517899545
TS003,5.0,4.101523742186674,-193.02708049724248,-275.6712402593863
TS003,5.0,4.110250388446646,-189.7730959134998,-276.12156795326405
TS003,5.0,4.118977034706618,-186.49647016317041,-276.4923874293175
TS003,5.0,4.127703680966589,-183.20320796444352,-276.7898541758309
TS003,5.0,4.136430327226561,-179.89884852806588,-277.0199338789554
TS003,5.0,4.145156973486532,-176.5884545280354,-277.1883501581247
TS003,5.0,4.153883619746504,-173.2766119599504,-277.300545194756
TS003,5.0,4.162610266006476,-169.96743893733625,-277.3616519868519
TS003,5.0,4.171336912266447,-166.66460154946702,-277.37647679290217
TS003,5.0,4.180063558526419,-163.37133504971652,-277.3494902689694
TS003,5.0,4.1887902047863905,-160.0904688336242,-277.28482582735865
TS003,5.0,4.1975168510463625,-156.8244538778558,-277.1862838296693
TS003,5.0,4.2062434973063345,-153.5753915275544,-277.0573403502147
TS003,5.0,4.214970143566306,-150.34506272752807,-276.90115939043505
TS003,5.0,4.223696789826278,-147.13495698409565,-276.7206075775828
TS003,5.0,4.232423436086249,-143.94630051441777,-276.51827053181654
TS003,5.0,4.241150082346221,-140.78008318674637,-276.29647022819734
TS003,5.0,4.249876728606193,-137.63708397818,-276.0572828098181
TS003,5.0,4.258603374866164,-134.51789477739678,-275.8025564232559
TS003,5.0,4.267330021126136,-131.42294244052505,-275.5339287470164
TS003,5.0,4.276056667386108,-128.35250907120417,-275.25284396796343
TS003,5.0,4.284783313646079,-125.30675054353875,-274.9605690308514
TS003,5.0,4.293509959906051,-122.28571332157097,-274.65820904335715
TS003,5.0,4.302236606166022,-119.28934965337051,-274.34672176496383
TS003,5.0,4.310963252425994,-116.31753123392869,-274.0269311442291
TS003,5.0,4.319689898685966,-113.37006144056618,-273.69953989688617
TS003,5.0,4.328416544945937,-110.44668624898166,-273.3651411382487
TS003,5.0,4.337143191205909,-107.54710393870002,-273.02422909877146
TS003,5.0,4.34586983746588,-104.67097369451265,-272.67720896242713
TS003,5.0,4.354596483725852,-101.81792320636539,-272.3244058747355
TS003,5.0,4.363323129985824,-98.98755536472802,-271.96607317160465
TS003,5.0,4.372049776245795,-96.17945414221624,-271.6023998822555
TS003,5.0,4.380776422505767,-93.39318974557948,-271.23351755995407
TS003,5.0,4.389503068765738,-90.62832311536049,-270.85950649348155
TS003,5.0,4.39822971502571,-87.88440984379008,-270.4804013505954
TS003,5.0,4.406956361285682,-85.16100357497578,-270.0961963024283
TS003,5.0,4.4156830075456535,-82.45765894523137,-269.7068496750819
TS003,5.0,4.4244096538056255,-79.77393411558042,-269.3122881717211
TS003,5.0,4.4331363000655974,-77.10939294305986,-268.9124107054315
TS003,5.0,4.4418629463255686,-74.463606832462,-268.5070918800281
TS003,5.0,4.4505895925855405,-71.83615630560648,-268.0961851529829
TS003,5.0,4.459316238845512,-69.22663232109514,-267.6795257117183
TS003,5.0,4.468042885105484,-66.63463737375136,-267.2569330917169
TS003,5.0,4.476769531365456,-64.05978639959233,-266.8282135622635
TS003,5.0,4.485496177625427,-61.50170750914759,-266.39316230315313
TS003,5.0,4.494222823885399,-58.96004256925064,-265.9515653933958
TS003,5.0,4.50294947014537,-56.43444765102725,-265.50320163080784
TS003,5.0,4.511676116405342,-53.92459335966418,-265.0478441994088
TS003,5.0,4.520402762665314,-51.43016505966797,-264.58526219973106
TS003,5.0,4.529129408925285,-48.95086300764443,-264.11522205548835
TS003,5.0,4.537856055185257,-46.48640240317133,-263.6374888085386
TS003,5.0,4.546582701445229,-44.03651336704963,-263.15182731269607
TS003,5.0,4.5553093477052,-41.600940855084424,-262.65800333569587
TS003,5.0,4.564035993965172,-39.17944451457122,-262.1557845774843
TS003,5.0,4.572762640225143,-36.77179848980662,-261.64494161198263
TS003,5.0,4.581489286485115,-34.37779118219364,-261.12524875855365
TS003,5.0,4.590215932745087,-31.9972249698837,-260.5964848885725
TS003,5.0,4.598942579005058,-29.629915891333358,-260.05843417176345
TS003,5.0,4.60766922526503,-27.275693296690314,-259.51088676630786
TS003,5.0,4.616395871525001,-24.934399470520784,-258.95363945614383
TS003,5.0,4.625122517784973,-22.605889229040272,-258.38649623835937
TS003,5.0,4.633849164044945,-20.290029494735844,-257.8092688631379
TS003,5.0,4.642575810304916,-17.98669885101256,-257.22177732831346
TS003,5.0,4.651302456564888,-15.69578707930452,-256.6238503302618
TS003,5.0,4.6600291028248595,-13.41719468092372,-256.01532567256305
TS003,5.0,4.6687557490848315,-11.150832385774523,-255.39605063363263
TS003,5.0,4.6774823953448035,-8.896620649961555,-254.7658822943179
TS003,5.0,4.686209041604775,-6.6544891442137235,-254.12468782630137
TS003,5.0,4.694935687864747,-4.424376234979626,-253.4723447420268
TS003,5.0,4.703662334124719,-2.2062284599869417,-252.80874110677962
TS003,5.0,4.71238898038469,-4.6316223207669164e-14,-252.13377571348911
TS003,5.0,4.721115626644662,2.194347851528466,-251.44735822079295
TS003,5.0,4.729842272904633,4.376847219256302,-250.74940925489514
TS003,5.0,4.738568919164605,6.547524175588704,-250.03986047576075
TS003,5.0,4.747295565424577,8.706399267566724,-249.31865460822937
TS003,5.0,4.756022211684548,10.853488039467713,-248.58574543867203
TS003,5.0,4.76474885794452,12.98880154961001,-247.84109777788404
TS003,5.0,4.773475504204491,15.112346879895519,-247.0846873909793
TS003,5.0,4.782202150464463,17.22412763667732,-246.316500895131
TS003,5.0,4.790928796724435,19.324144441577786,-245.53653562609892
TS003,5.0,4.799655442984406,21.41239541095042,-244.74479947457107
TS003,5.0,4.808382089244378,23.48887662273189,-243.94131069344508
TS003,5.0,4.817108735504349,25.553582569497642,-243.12609767727136
TS003,5.0,4.825835381764321,27.60650659661411,-242.29919871516975
TS003,5.0,4.834562028024293,29.64764132444611,-241.46066171862424
TS003,5.0,4.843288674284264,31.67697905367258,-240.61054392564256
TS003,5.0,4.852015320544236,33.69451215284308,-239.7489115828464
TS003,5.0,4.860741966804208,35.70023342739894,-238.8758396071276
TS003,5.0,4.869468613064179,37.69413646948292,-237.9914112285659
TS003,5.0,4.878195259324151,39.676215987952375,-237.09571761635505
TS003,5.0,4.886921905584122,41.64646811811004,-236.1888574895266
TS003,5.0,4.895648551844094,43.60489071077324,-235.27093671428608
TS003,5.0,4.904375198104066,45.551483600391684,-234.34206788980038
TS003,5.0,4.9131018443640375,47.48624885203456,-233.4023699242749
TS003,5.0,4.9218284906240095,49.40919098715932,-232.4519676031611
TS003,5.0,4.930555136883981,51.32031718817062,-231.49099115131574
TS003,5.0,4.939281783143953,53.21963748187824,-230.51957579090444
TS003,5.0,4.948008429403925,55.10716490204226,-229.53786129681106
TS003,5.0,4.956735075663896,56.982915631289806,-228.5459915512591
TS003,5.0,4.965461721923868,58.84690912276253,-227.54411409930188
TS003,5.0,4.974188368183839,60.69916820192921,-226.53237970676946
TS003,5.0,4.982915014443811,62.539719149075594,-225.5109419221885
TS003,5.0,4.991641660703783,64.36859176303668,-224.4799566441129
TS003,5.0,5.000368306963754,66.18581940680527,-223.43958169521656
TS003,5.0,5.009094953223726,67.991439035696,-222.38997640441113
TS003,5.0,5.017821599483698,69.78549120878863,-221.3313011981574
TS003,5.0,5.026548245743669,71.56802008441821,-220.26371720204196
TS003,5.0,5.035274892003641,73.33907340050654,-219.18738585359108
TS003,5.0,5.044001538263612,75.09870244055455,-218.10246852719865
TS003,5.0,5.052728184523584,76.84696198614057,-217.0091261719373
TS003,5.0,5.061454830783556,78.5839102567725,-215.90751896293077
TS003,5.0,5.070181477043527,80.30960883795916,-214.79780596686135
TS003,5.0,5.078908123303499,82.02412259836059,-213.6801448220928
TS003,5.0,5.08763476956347,83.72751959687473,-212.55469143379838
TS003,5.0,5.096361415823442,85.41987098051395,-211.42159968438628
TS003,5.0,5.105088062083414,87.10125087390357,-210.28102115943923
TS003,5.0,5.113814708343385,88.77173626122615,-209.133104889292
TS003,5.0,5.122541354603357,90.43140686140876,-207.97799710630062
TS003,5.0,5.1312680008633285,92.08034499732656,-206.81584101778282
TS003,5.0,5.1399946471233005,93.71863545977438,-205.64677659453722
TS003,5.0,5.1487212933832724,95.34636536692061,-204.47094037479403
TS003,5.0,5.1574479396432436,96.96362401993373,-203.28846528338462
TS003,5.0,5.1661745859032155,98.5705027554348,-202.09948046587058
TS003,5.0,5.1749012321631875,100.16709479539314,-200.90411113732546
TS003,5.0,5.183627878423159,101.75349509505345,-199.70247844541882
TS003,5.0,5.192354524683131,103.32980018944028,-198.49469934741646
TS003,5.0,5.201081170943102,104.89610803895084,-197.28088650068315
TS003,5.0,5.209807817203074,106.45251787451575,-196.06114816623943
TS003,5.0,5.218534463463046,107.99913004276229,-194.83558812491177
TS003,5.0,5.227261109723017,109.53604585158838,-193.60430560558953
TS003,5.0,5.235987755982989,111.06336741651428,-192.36739522509242
TS003,5.0,5.24471440224296,112.58119750814566,-191.12494693914527
TS003,5.0,5.253441048502932,114.08963940105335,-189.87704600394235
TS003,5.0,5.262167694762904,115.58879672433477,-188.6237729477923
TS003,5.0,5.270894341022875,117.07877331410056,-187.36520355232514
TS003,5.0,5.279620987282847,118.55967306809352,-186.10140884275134
TS003,5.0,5.288347633542818,120.03159980262153,-184.83245508667048
TS003,5.0,5.29707427980279,121.49465711196268,-183.5584038009282
TS003,5.0,5.305800926062762,122.94894823036996,-182.27931176603997
TS003,5.0,5.314527572322733,124.39457589678577,-180.9952310477031
TS003,5.0,5.323254218582705,125.8316422223518,-179.70620902493863
TS003,5.0,5.331980864842677,127.26024856077873,-178.41228842441822
TS003,5.0,5.340707511102648,128.68049538162597,-177.11350736054442
TS003,5.0,5.34943415736262,130.0924821465216,-175.80989938087373
TS003,5.0,5.358160803622591,131.49630718833697,-174.50149351648943
TS003,5.0,5.366887449882563,132.8920675933215,-173.18831433694515
TS003,5.0,5.375614096142535,134.27985908618396,-171.87038200942683
TS003,5.0,5.3843407424025065,135.65977591810335,-170.54771236179235
TS003,5.0,5.3930673886624785,137.0319107576379,-169.2203169491719
TS003,5.0,5.40179403492245,138.3963545844938,-167.8882031238328
TS003,5.0,5.410520681182422,139.75319658611292,-166.551374108025
TS003,5.0,5.419247327442394,141.10252405702573,-165.20982906955263
TS003,5.0,5.427973973702365,142.4444223009202,-163.86356319982653
TS003,5.0,5.436700619962337,143.77897453536846,-162.5125677941764
TS003,5.0,5.445427266222308,145.10626179915238,-161.15683033422005
TS003,5.0,5.45415391248228,146.42636286213255,-159.79633457209917
TS003,5.0,5.462880558742252,147.7393541375983,-158.431060616416
TS003,5.0,5.471607205002223,149.04530959704522,-157.06098501971422
TS003,5.0,5.480333851262195,150.3443006873236,-155.68608086736793
TS003,5.0,5.489060497522167,151.6363962501052,-154.30631786775763
TS003,5.0,5.497787143782138,152.9216624436224,-152.9216624436225
TS003,5.0,5.50651379004211,154.20016266663532,-151.5320778244967
TS003,5.0,5.515240436302081,155.47195748458756,-150.13752414014897
TS003,5.0,5.523967082562053,156.73710455792195,-148.73795851495325
TS003,5.0,5.532693728822025,157.99565857252716,-147.33333516313667
TS003,5.0,5.541420375081996,159.2476711723002,-145.9236054848545
TS003,5.0,5.550147021341968,160.49319089381365,-144.50871816305505
TS003,5.0,5.558873667601939,161.73226310308505,-143.08861926110856
TS003,5.0,5.567600313861911,162.96492993445747,-141.66325232117453
TS003,5.0,5.576326960121883,164.1912302316057,-140.2325584632996
TS003,5.0,5.585053606381854,165.41119949069642,-138.79647648523496
TS003,5.0,5.593780252641826,166.62486980573752,-137.35494296297244
TS003,5.0,5.602506898901797,167.83226981616286,-135.90789235200515
TS003,5.0,5.611233545161769,169.03342465671273,-134.45525708931464
TS003,5.0,5.619960191421741,170.22835590967549,-132.99696769609926
TS003,5.0,5.6286868376817125,171.41708155957292,-131.532952881251
TS003,5.0,5.6374134839416845,172.59961595037996,-130.06313964559564
TS003,5.0,5.6461401302016565,173.77596974538127,-128.58745338691017
TS003,5.0,5.654866776461628,174.9461498897803,-127.10581800572582
TS003,5.0,5.6635934227216,176.1101595761874,-125.61815601192986
TS003,5.0,5.672320068981571,177.2679982131235,-124.12438863217454
TS003,5.0,5.681046715241543,178.41966139669185,-122.62443591809365
TS003,5.0,5.689773361501515,179.56514088557574,-121.118216855331
TS003,5.0,5.698500007761486,180.70442457953777,-119.60564947337194
TS003,5.0,5.707226654021458,181.83749650160226,-118.08665095616625
TS003,5.0,5.715953300281429,182.96433678411466,-116.56113775352605
TS003,5.0,5.724679946541401,184.08492165888393,-115.02902569326615
TS003,5.0,5.733406592801373,185.19922345161964,-113.49023009405585
TS003,5.0,5.742133239061344,186.30721058088872,-111.94466587893093
TS003,5.0,5.750859885321316,187.40884756182214,-110.39224768941006
TS003,5.0,5.759586531581287,188.50409501481016,-108.83289000014757
TS003,5.0,5.768313177841259,189.59290967943397,-107.26650723403637
TS003,5.0,5.777039824101231,190.67524443388186,-105.69301387766987
TS003,5.0,5.785766470361202,191.75104832010885,-104.11232459704851
TS003,5.0,5.794493116621174,192.8202665749984,-102.52435435340725
TS003,5.0,5.803219762881146,193.88284066778624,-100.92901851902357
TS003,5.0,5.811946409141117,194.93870834401042,-99.32623299284532
TS003,5.0,5.820673055401089,195.98780367624886,-97.71591431576437
TS003,5.0,5.82939970166106,197.030057121901,-96.0979797853444
TS003,5.0,5.838126347921032,198.06539558827072,-94.47234756978726
TS003,5.0,5.846852994181004,199.09374250519636,-92.83893682091237
TS003,5.0,5.8555796404409755,200.11501790546953,-91.19766778589583
TS003,5.0,5.8643062867009474,201.12913851327193,-89.54846191750251
TS003,5.0,5.8730329329609186,202.13601784084625,-87.89124198252412
TS003,5.0,5.8817595792208905,203.13556629360593,-86.2259321681124
TS003,5.0,5.8904862254808625,204.1276912838664,-84.55245818568562
TS003,5.0,5.899212871740834,205.1122973533662,-82.87074737205904
TS003,5.0,5.907939518000806,206.08928630472067,-81.18072878743655
TS003,5.0,5.916666164260777,207.0585573419274,-79.48233330988441
TS003,5.0,5.925392810520749,208.02000722001725,-77.77549372588295
TS003,5.0,5.934119456780721,208.97353040391224,-76.06014481654726
TS003,5.0,5.942846103040692,209.9190192365237,-74.336223439082
TS003,5.0,5.951572749300664,210.85636411608596,-72.6036686030285
TS003,5.0,5.960299395560636,211.78545368268544,-70.86242154084958
TS003,5.0,5.969026041820607,212.70617501390743,-69.11242577238227
TS003,5.0,5.977752688080579,213.6184138294803,-67.3536271626846
TS003,5.0,5.98647933434055,214.5220547047522,-65.58597397279601
TS003,5.0,5.995205980600522,215.41698129279493,-63.80941690291986
TS003,5.0,6.003932626860494,216.3030765548772,-62.023909127545174
TS003,5.0,6.012659273120465,217.18022299900747,-60.22940632201385
TS003,5.0,6.021385919380437,218.04830292619246,-58.425866680050056
TS003,5.0,6.030112565640408,218.90719868401004,-56.61325092177372
TS003,5.0,6.03883921190038,219.7567929270465,-54.79152229172295
TS003,5.0,6.047565858160352,220.59696888369146,-52.96064654643157
TS003,5.0,6.056292504420323,221.427610628743,-51.12059193111349
TS003,5.0,6.065019150680295,222.24860336121472,-49.27132914502906
TS003,5.0,6.073745796940266,223.05983368669777,-47.412831295131575
TS003,5.0,6.082472443200238,223.8611899035769,-45.54507383760819
TS003,5.0,6.09119908946021,224.65256229235575,-43.66803450696864
TS003,5.0,6.0999257357201815,225.43384340730583,-41.78169323235523
TS003,5.0,6.1086523819801535,226.2049283696098,-39.8860320407879
TS003,5.0,6.1173790282401255,226.9657151611321,-37.98103494709408
TS003,5.0,6.126105674500097,227.71610491792035,-36.066687830308254
TS003,5.0,6.134832320760069,228.45600222250485,-34.142978296371886
TS003,5.0,6.14355896702004,229.18531539404142,-32.20989552700953
TS003,5.0,6.152285613280012,229.90395677532192,-30.267430114695852
TS003,5.0,6.161012259539984,230.61184301565638,-28.315573883686874
TS003,5.0,6.169738905799955,231.30889534862408,-26.354319697127213
TS003,5.0,6.178465552059927,231.99503986368302,-24.383661250302517
TS003,5.0,6.187192198319898,232.67020777062496,-22.403592850157146
TS003,5.0,6.19591884457987,233.3343356558715,-20.41410918124159
TS003,5.0,6.204645490839842,233.98736572961533,-18.415205058316914
TS003,5.0,6.213372137099813,234.6292460628275,-16.40687516588305
TS003,5.0,6.222098783359785,235.25993081317355,-14.389113784955352
TS003,5.0,6.230825429619756,235.87938043890813,-12.36191450746293
TS003,5.0,6.239552075879728,236.48756189985002,-10.32526993868261
TS003,5.0,6.2482787221397,237.08444884457495,-8.279171388179423
TS003,5.0,6.257005368399671,237.67002178300748,-6.223608549756876
TS003,5.0,6.265732014659643,238.24426824363454,-4.158569170968339
TS003,5.0,6.274458660919615,238.80718291461343,-2.084038712779311
TS003,5.0,6.283185307179586,239.35876776809812,-5.86259897590112e-14
TS003,10.0,0.0,268.00512471047296,0.0
TS003,10.0,0.008726646259971648,268.58198886669066,2.343879507818658
TS003,10.0,0.017453292519943295,269.1472319039746,4.697982408133912
TS003,10.0,0.026179938779914945,269.70090597551507,7.062366771013496
TS003,10.0,0.03490658503988659,270.24306998998924,9.437095953862663
TS003,10.0,0.04363323129985824,270.7737896106099,11.822238969310296
TS003,10.0,0.05235987755982989,271.2931372385332,14.217870857400854
TS003,10.0,0.061086523819801536,271.8011919804033,16.62407306154627
TS003,10.0,0.06981317007977318,272.29803959981854,19.040933807683064
TS003,10.0,0.07853981633974483,272.78377245250164,21.468548486070215
TS003,10.0,0.08726646259971647,273.25848940496047,23.907020035152854
TS003,10.0,0.09599310885968812,273.72229573640334,26.356459326903455
TS003,10.0,0.10471975511965978,274.1753030236567,28.816985553036552
TS003,10.0,0.11344640137963143,274.6176290087996,31.28872661147319
TS003,10.0,0.12217304763960307,275.04939744918295,33.77181949240641
TS003,10.0,0.1308996938995747,275.4707379494509,36.266410663288234
TS003,10.0,0.13962634015954636,275.881785775108,38.77265645202002
TS003,10.0,0.14835298641951802,276.282681647095,41.29072342758064
TS003,10.0,0.15707963267948966,276.67357151673355,43.820788777268405
TS003,10.0,0.16580627893946132,277.0546063202868,46.36304067966234
TS003,10.0,0.17453292519943295,277.4259417122398,48.91767867232184
TS003,10.0,0.1832595714594046,277.78773777625287,51.48491401314222
TS003,10.0,0.19198621771937624,278.1401587125535,54.064970034160226
TS003,10.0,0.2007128639793479,278.4833725003325,56.65808248645926
TS003,10.0,0.20943951023931956,278.81755053347234,59.26449987465253
TS003,10.0,0.2181661564992912,279.1428672276751,61.88448377922239
TS003,10.0,0.22689280275926285,279.45949959675806,64.51830916475858
TS003,10.0,0.23561944901923448,279.7676267955573,67.16626467186641
TS003,10.0,0.24434609527920614,280.06742962650145,69.82865289019867
TS003,10.0,0.2530727415391778,280.3590900065067,72.5057906096984
TS003,10.0,0.2617993877991494,280.6427903903786,75.19800904671878
TS003,10.0,0.27052603405912107,280.91871314638905,77.90565404119889
TS003,10.0,0.2792526803190927,281.18703987912505,80.62908622051701
TS003,10.0,0.2879793265790644,281.44795069406547,83.36868112500439
TS003,10.0,0.29670597283903605,281.7016233976357,86.12482928937007
TS003,10.0,0.30543261909900765,281.9482326257048,88.89793627345463
TS003,10.0,0.3141592653589793,282.18794889262364,91.68842263477816
TS003,10.0,0.32288591161895097,282.42093755193747,94.49672383426557
TS003,10.0,0.33161255787892263,282.647357658851,97.32329006530254
TS003,10.0,0.34033920413889424,282.8673607233502,100.1685859948788
TS003,10.0,0.3490658503988659,283.0810893415991,103.03309040399358
TS003,10.0,0.35779249665883756,283.28867569181335,105.91729571270842
TS003,10.0,0.3665191429188092,283.49023987925926,108.82170737321042
TS003,10.0,0.3752457891787809,283.68588811333035,111.7468431119693
TS003,10.0,0.3839724354387525,283.8757106977993,114.69323199950469
TS003,10.0,0.39269908169872414,284.05977981333336,117.66141332339781
TS003,10.0,0.4014257279586958,284.2381470691836,120.65193523695031
TS003,10.0,0.41015237421866746,284.41084079861366,123.6653531522812
TS003,10.0,0.4188790204786391,284.5778630701347,126.7022278426287
TS003,10.0,0.4276056667386107,284.7391863839472,129.76312321415097
TS003,10.0,0.4363323129985824,284.89475002020623,132.84860370257613
TS003,10.0,0.44505895925855404,285.0444560028229,135.95923124460373
TS003,10.0,0.4537856055185257,285.18816463955585,139.09556176799762
TS003,10.0,0.4625122517784973,285.3256895961864,142.25814113782087
TS003,10.0,0.47123889803846897,285.45679245969205,145.44750048926244
TS003,10.0,0.4799655442984406,285.5811767426582,148.66415087002255
TS003,10.0,0.4886921905584123,285.698481278847,151.90857710732337
TS003,10.0,0.49741883681838395,285.80827295806296,155.18123080639842
TS003,10.0,0.5061454830783556,285.9100387474989,158.48252237895053
TS003,10.0,0.5148721293383273,286.003176946907,161.81281199178
TS003,10.0,0.5235987755982988,286.0869876266422,165.17239931789098
TS003,10.0,0.5323254218582705,286.16066220137736,168.56151196532605
TS003,10.0,0.5410520681182421,286.2232720986887,171.98029245331193
TS003,10.0,0.5497787143782138,286.27375649152583,175.42878360178597
TS003,10.0,0.5585053606381855,286.31090907769084,178.90691219994707
TS003,10.0,0.5672320068981571,286.3333639089084,182.41447082333508
TS003,10.0,0.5759586531581288,286.3395802980842,185.95109767856417
TS003,10.0,0.5846852994181004,286.3278268672874,189.5162543719973
TS003,10.0,0.5934119456780721,286.29616484235333,193.10920152549065
TS003,10.0,0.6021385919380436,286.2424307543789,196.72897220132543
TS003,10.0,0.6108652381980153,286.16421877537414,200.37434315240952
TS003,10.0,0.619591884457987,286.05886299641816,204.04380398584428
TS003,10.0,0.6283185307179586,285.9234200530529,207.73552442128377
TS003,10.0,0.6370451769779303,285.7546526149491,211.44731994334978
TS003,10.0,0.6457718232379019,285.549014384873,215.17661629258205
TS003,10.0,0.6544984694978736,285.3026373940852,218.92041341405692
TS003,10.0,0.6632251157578453,285.0113225341338,222.67524968758883
TS003,10.0,0.6719517620178169,284.67053442272254,226.43716749685896
TS003,10.0,0.6806784082777885,284.2754018550953,230.20168145235047
TS003,10.0,0.6894050545377601,283.8207252296657,233.96375085592317
TS003,10.0,0.6981317007977318,283.30099244094964,237.71775826935823
TS003,10.0,0.7068583470577035,282.710404783565,241.45749630520135
TS003,10.0,0.7155849933176751,282.04291438388464,245.17616496894837
TS003,10.0,0.7243116395776468,281.2922745441304,248.86638201359898
TS003,10.0,0.7330382858376184,280.45210412039654,252.52020878184393
TS003,10.0,0.7417649320975901,279.51596663759256,256.1291938656401
TS003,10.0,0.7504915783575618,278.47746425469796,259.68443656686725
TS003,10.0,0.7592182246175333,277.33034593033943,263.1766715626722
TS003,10.0,0.767944870877505,276.06862821782926,266.59637534634516
TS003,10.0,0.7766715171374766,274.6867260806783,269.93389393369176
TS003,10.0,0.7853981633974483,273.179590031331,273.179590031331
TS003,10.0,0.7941248096574199,271.5428448506619,276.3240064287163
TS003,10.0,0.8028514559173916,269.7729242572775,279.3580409083381
TS003,10.0,0.8115781021773633,267.8671952866579,282.27312660783434
TS003,10.0,0.8203047484373349,265.8240659261666,285.06141067075947
TS003,10.0,0.8290313946973066,263.6430698216704,287.71592334438844
TS003,10.0,0.8377580409572782,261.3249226675793,290.23072955138457
TS003,10.0,0.8464846872172498,258.8715461963799,292.60105545455536
TS003,10.0,0.8552113334772214,256.2860574111721,294.8233836570423
TS003,10.0,0.8639379797371931,253.57272270895768,296.89551236175834
TS003,10.0,0.8726646259971648,250.7368786330288,298.8165759067704
TS003,10.0,0.8813912722571364,247.78482296191513,300.58702639479696
TS003,10.0,0.8901179185171081,244.7236814954552,302.2085784155272
TS003,10.0,0.8988445647770797,241.56125708332763,303.68412089719965
TS003,10.0,0.9075712110370514,238.3058680682265,305.0176017364343
TS003,10.0,0.9162978572970231,234.96618336696756,306.2138919234914
TS003,10.0,0.9250245035569946,231.55106093812617,307.2786363586523
TS003,10.0,0.9337511498169663,228.06939548759672,308.21809847067465
TS003,10.0,0.9424777960769379,224.52998007915872,309.0390051847068
TS003,10.0,0.9512044423369096,220.9413849906145,309.7483978668315
TS003,10.0,0.9599310885968813,217.31185582166722,310.35349373314386
TS003,10.0,0.9686577348568529,213.6492316267915,310.8615609859121
TS003,10.0,0.9773843811168246,209.96088279171215,311.27980974147073
TS003,10.0,0.9861110273767962,206.25366753866393,311.6152997295608
TS003,10.0,0.9948376736367679,202.53390534596278,311.87486482678713
TS003,10.0,1.0035643198967394,198.8073651903771,312.0650537640647
TS003,10.0,1.0122909661567112,195.0792663389796,312.19208582226463
TS003,10.0,1.0210176124166828,191.35428939436017,312.26181998751724
TS003,10.0,1.0297442586766545,187.63659539429065,312.2797358528237
TS003,10.0,1.038470904936626,183.9298509469064,312.2509244957077
TS003,10.0,1.0471975511965976,180.23725761247053,312.1800876016793
TS003,10.0,1.0559241974565694,176.56158399613105,312.07154321152825
TS003,10.0,1.064650843716541,172.905199272332,311.9292366220087
TS003,10.0,1.0733774899765127,169.27010710626357,311.7567551440814
TS003,10.0,1.0821041362364843,165.65797916159502,311.55734560500287
TS003,10.0,1.090830782496456,162.07018758152074,311.3339336589656
TS003,10.0,1.0995574287564276,158.50783599985314,311.0891441381993
TS003,10.0,1.1082840750163994,154.9717887806722,310.8253218278849
TS003,10.0,1.117010721276371,151.4626983006088,310.5445521817041
TS003,10.0,1.1257373675363425,147.981030179703,310.24868160973017
TS003,10.0,1.1344640137963142,144.52708643794924,309.9393370672653
TS003,10.0,1.1431906600562858,141.10102660816136,309.6179447533993
TS003,10.0,1.1519173063162575,137.70288687463648,309.2857477932057
TS003,10.0,1.160643952576229,134.33259733399024,308.94382282946646
TS003,10.0,1.1693705988362009,130.98999749187607,308.59309549048373
TS003,10.0,1.1780972450961724,127.67485011918916,308.2343547316986
TS003,10.0,1.1868238913561442,124.38685359552647,307.86826607210514
TS003,10.0,1.1955505376161157,121.12565286759659,307.49538376328945
TS003,10.0,1.2042771838760873,117.89084914710521,307.1161619405903
TS003,10.0,1.213003830136059,114.68200846734055,306.73096481344703
TS003,10.0,1.2217304763960306,111.49866921096745,306.3400759563733
TS003,10.0,1.2304571226560024,108.34034871398813,305.94370676391526
TS003,10.0,1.239183768915974,105.20654904286901,305.542004133035
TS003,10.0,1.2479104151759457,102.09676203377481,305.13505743508233
TS003,10.0,1.2566370614359172,99.01047367494067,304.7229048372887
TS003,10.0,1.265363707695889,95.94716790558402,304.3055390308208
TS003,10.0,1.2740903539558606,92.90632989754546,303.88291241913794
TS003,10.0,1.2828170002158321,89.88744887908437,303.45494181685166
TS003,10.0,1.2915436464758039,86.89002055400333,303.02151270566463
TS003,10.0,1.3002702927357754,83.91354916352311,302.58248309034275
TS003,10.0,1.3089969389957472,80.9575492330851,302.1376869941324
TS003,10.0,1.3177235852557188,78.02154704150223,301.6869376296345
TS003,10.0,1.3264502315156905,75.10508184558003,301.23003027790156
TS003,10.0,1.335176877775662,72.2077068894729,300.76674490547765
TS003,10.0,1.3439035240356338,69.32899022457885,300.2968485462454
TS003,10.0,1.3526301702956054,66.46851536269351,299.8200974722937
TS003,10.0,1.361356816555577,63.625881782394885,299.33623917557145
TS003,10.0,1.3700834628155487,60.80070530619562,298.8450141798357
TS003,10.0,1.3788101090755203,57.99261836384128,298.34615770033304
TS003,10.0,1.387536755335492,55.20127015522827,297.8394011667646
TS003,10.0,1.3962634015954636,52.42632672473992,297.32447362335546
TS003,10.0,1.4049900478554354,49.66747095732291,296.80110301828455
TS003,10.0,1.413716694115407,46.92440250533833,296.26901739330117
TS003,10.0,1.4224433403753787,44.19683765409017,295.72794598306734
TS003,10.0,1.4311699866353502,41.48450913295425,295.1776202325938
TS003,10.0,1.4398966328953218,38.78716587817334,294.6177747400875
TS003,10.0,1.4486232791552935,36.10457275264787,294.0481481315765
TS003,10.0,1.457349925415265,33.43651022741235,293.46848387282813
TS003,10.0,1.4660765716752369,30.782774028939784,292.87853102331087
TS003,10.0,1.4748032179352084,28.14317475595113,292.2780449362725
TS003,10.0,1.4835298641951802,25.51753746900457,291.66678790839467
TS003,10.0,1.4922565104551517,22.90570125580819,291.0445297819527
TS003,10.0,1.5009831567151235,20.30751877491239,290.4110485019338
TS003,10.0,1.509709802975095,17.72285578020761,289.7661306301519
TS003,10.0,1.5184364492350666,15.151590628454448,289.10957181804037
TS003,10.0,1.5271630954950384,12.593613771917484,288.44117723949233
TS003,10.0,1.53588974175501,10.048827238043003,287.7607619848598
TS003,10.0,1.5446163880149817,7.517144098016956,287.06815141699695
TS003,10.0,1.5533430342749532,4.998487925960044,286.36318149006377
TS003,10.0,1.562069680534925,2.492792250448091,285.6456990316519
TS003,10.0,1.5707963267948966,1.7446046550836392e-14,284.9155619886976
TS003,10.0,1.5795229730548683,-2.4799370558679397,284.1726396375594
TS003,10.0,1.5882496193148399,-4.947058868449753,283.4168127585951
TS003,10.0,1.5969762655748114,-7.401397672976002,282.6479737755456
TS003,10.0,1.6057029118347832,-9.842978551534086,281.866026860036
TS003,10.0,1.6144295580947547,-12.271819994279088,281.0708880015193
TS003,10.0,1.6231562043547265,-14.687934457451862,280.26248504303203
TS003,10.0,1.631882850614698,-17.09132891674008,279.4407576831839
TS003,10.0,1.6406094968746698,-19.48200541454529,278.6056574448668
TS003,10.0,1.6493361431346414,-21.859961599743226,277.75714761125477
TS003,10.0,1.6580627893946132,-24.225191258560994,276.89520312974884
TS003,10.0,1.6667894356545847,-26.577684835228773,276.01981048461727
TS003,10.0,1.6755160819145565,-28.9174299411113,275.13096753918103
TS003,10.0,1.684242728174528,-31.244411851070318,274.22868334849693
TS003,10.0,1.6929693744344996,-33.558613985868995,273.3129779435906
TS003,10.0,1.7016960206944713,-35.860018379488245,272.3838820883973
TS003,10.0,1.710422666954443,-38.14860613029521,271.4414370106633
TS003,10.0,1.7191493132144147,-40.42435783507814,270.48569410815827
TS003,10.0,1.7278759594743862,-42.687254005039186,269.51671463163456
TS003,10.0,1.736602605734358,-44.93727546292393,268.5345693460531
TS003,10.0,1.7453292519943295,-47.17440372055131,267.53933817166876
TS003,10.0,1.7540558982543013,-49.39862133610271,266.53110980662984
TS003,10.0,1.7627825445142729,-51.609912250620496,265.509981332805
TS003,10.0,1.7715091907742444,-53.80826210326595,264.47605780659006
TS003,10.0,1.7802358370342162,-55.993658524981484,263.4294518364828
TS003,10.0,1.7889624832941877,-58.16609141030214,262.37028314923447
TS003,10.0,1.7976891295541595,-60.32555316715967,261.2986781463982
TS003,10.0,1.806415775814131,-62.47203894461627,260.21476945308984
TS003,10.0,1.8151424220741028,-64.60554683856412,259.11869546076986
TS003,10.0,1.8238690683340744,-66.72607807551411,258.010599865826
TS003,10.0,1.8325957145940461,-68.8336371746908,256.8906312057078
TS003,10.0,1.8413223608540177,-70.92823208873064,255.75894239431767
TS003,10.0,1.8500490071139892,-73.00987432336476,254.61569025831184
TS003,10.0,1.858775653373961,-75.07857903653982,253.46103507590362
TS003,10.0,1.8675022996339325,-77.1343651175017,252.2951401196923
TS003,10.0,1.8762289458939043,-79.17725524643095,251.1181712049658
TS003,10.0,1.8849555921538759,-81.20727593527522,249.93029624484478
TS003,10.0,1.8936822384138476,-83.2244575504778,248.7316848135472
TS003,10.0,1.9024088846738192,-85.22883431834381,247.52250771896462
TS003,10.0,1.911135530933791,-87.22044431382822,246.30293658564656
TS003,10.0,1.9198621771937625,-89.19932943355755,245.07314344919345
TS003,10.0,1.928588823453734,-91.16553535392804,243.8333003629618
TS003,10.0,1.9373154697137058,-93.11911147513882,242.58357901788725
TS003,10.0,1.9460421159736774,-95.06011085203501,241.32415037613453
TS003,10.0,1.9547687622336491,-96.9885901126431,240.05518431918463
TS003,10.0,1.9634954084936207,-98.90460936528302,238.77684931087933
TS003,10.0,1.9722220547535925,-100.80823209513926,237.48931207584374
TS003,10.0,1.980948701013564,-102.69952505116535,236.19273729362595
TS003,10.0,1.9896753472735358,-104.57855812418569,234.88728730880055
TS003,10.0,1.9984019935335073,-106.44540421703957,233.57312185720374
TS003,10.0,2.007128639793479,-108.30013910759658,232.25039780838884
TS003,10.0,2.0158552860534504,-110.14284130544539,230.91926892431627
TS003,10.0,2.0245819323134224,-111.97359190303561,229.57988563422623
TS003,10.0,2.033308578573394,-113.79247442202093,228.2323948255751
TS003,10.0,2.0420352248333655,-115.59957465552392,226.87693965085822
TS003,10.0,2.050761871093337,-117.3949805070079,225.5136593500907
TS003,10.0,2.059488517353309,-119.1787818264098,224.1426890886653
TS003,10.0,2.0682151636132806,-120.95107024415137,222.76415981026565
TS003,10.0,2.076941809873252,-122.71193900361301,221.37819810447198
TS003,10.0,2.0856684561332237,-124.46148279261523,219.98492608866502
TS003,10.0,2.0943951023931953,-126.19979757442029,218.5844613038036
TS003,10.0,2.1031217486531673,-127.92698041872822,217.17691662362557
TS003,10.0,2.111848394913139,-129.64312933310742,215.76240017680524
TS003,10.0,2.1205750411731104,-131.34834309526465,214.34101528157876
TS003,10.0,2.129301687433082,-133.04272108652518,212.9128603923442
TS003,10.0,2.138028333693054,-134.72636312686024,211.47802905772608
TS003,10.0,2.1467549799530254,-136.39936931176865,210.03660988959857
TS003,10.0,2.155481626212997,-138.06183985128723,208.58868654254903
TS003,10.0,2.1642082724729685,-139.713874911375,207.13433770327603
TS003,10.0,2.17293491873294,-141.35557445788967,205.67363708940965
TS003,10.0,2.181661564992912,-142.98703810334771,204.20665345725476
TS003,10.0,2.1903882112528836,-144.60836495663315,202.7334506179634
TS003,10.0,2.199114857512855,-146.21965347580075,201.2540874616522
TS003,10.0,2.2078415037728267,-147.8210013240917,199.76861798899463
TS003,10.0,2.2165681500327987,-149.41250522926566,198.27709134982936
TS003,10.0,2.2252947962927703,-150.99426084633112,196.77955188834213
TS003,10.0,2.234021442552742,-152.5663626237407,195.2760391943918
TS003,10.0,2.2427480888127134,-154.1289036731011,193.76658816057068
TS003,10.0,2.251474735072685,-155.68197564243673,192.25122904460432
TS003,10.0,2.260201381332657,-157.22566859303114,190.72998753671433
TS003,10.0,2.2689280275926285,-158.7600708798605,189.20288483158515
TS003,10.0,2.2776546738526,-160.28526903562593,187.66993770459425
TS003,10.0,2.2863813201125716,-161.80134765838073,186.13115859198433
TS003,10.0,2.2951079663725436,-163.30838930274513,184.58655567467252
TS003,10.0,2.303834612632515,-164.80647437469275,183.03613296541045
TS003,10.0,2.3125612588924866,-166.29568102989384,181.47989039902714
TS003,10.0,2.321287905152458,-167.77608507559148,179.9178239255035
TS003,10.0,2.3300145514124297,-169.24775987599085,178.34992560564393
TS003,10.0,2.3387411976724017,-170.71077626113797,176.77618370912785
TS003,10.0,2.3474678439323733,-172.16520243926473,175.19658281473838
TS003,10.0,2.356194490192345,-173.6111039125815,173.61110391258154
TS003,10.0,2.3649211364523164,-175.0485433964954,172.0197245081242
TS003,10.0,2.3736477827122884,-176.47758074224106,170.4224187278912
TS003,10.0,2.38237442897226,-177.89827286290972,168.81915742667655
TS003,10.0,2.3911010752322315,-179.3106736628711,167.2099082961344
TS003,10.0,2.399827721492203,-180.71483397058327,165.59463597462837
TS003,10.0,2.4085543677521746,-182.1108014747956,163.97330215822706
TS003,10.0,2.4172810140121466,-183.49862066415238,162.34586571274295
TS003,10.0,2.426007660272118,-184.87833277021366,160.71228278672183
TS003,10.0,2.4347343065320897,-186.24997571391674,159.07250692529607
TS003,10.0,2.443460952792061,-187.61358405550718,157.42648918482377
TS003,10.0,2.452187599052033,-188.96918894797756,155.77417824823925
TS003,10.0,2.4609142453120048,-190.3168180940603,154.11552054104865
TS003,10.0,2.4696408915719763,-191.65649570682734,152.45046034790397
TS003,10.0,2.478367537831948,-192.98824247395837,150.7789399296969
TS003,10.0,2.4870941840919194,-194.31207552574813,149.10089964111265
TS003,10.0,2.4958208303518914,-195.62800840693043,147.41627804858584
TS003,10.0,2.504547476611863,-196.93605105240485,145.72501204860262
TS003,10.0,2.5132741228718345,-198.2362097669607,144.0270369862887
TS003,10.0,2.522000769131806,-199.52848720909964,142.32228677422714
TS003,10.0,2.530727415391778,-200.81288237906648,140.6106940114421
TS003,10.0,2.5394540616517496,-202.08939061120458,138.89219010248453
TS003,10.0,2.548180707911721,-203.3580035707597,137.16670537655006
TS003,10.0,2.5569073541716927,-204.61870925526094,135.43416920655645
TS003,10.0,2.5656340004316642,-205.871492000615,133.69451012810003
TS003,10.0,2.5743606466916362,-207.11633249205485,131.94765595820482
TS003,10.0,2.5830872929516078,-208.35320778008597,130.19353391377177
TS003,10.0,2.5918139392115793,-209.5820913015826,128.43207072962502
TS003,10.0,2.600540585471551,-210.80295290618264,126.66319277604661
TS003,10.0,2.609267231731523,-212.01575888813775,124.88682617567865
TS003,10.0,2.6179938779914944,-213.22047202377274,123.10289691966425
TS003,10.0,2.626720524251466,-214.41705161471097,121.31133098288554
TS003,10.0,2.6354471705114375,-215.60545353701903,119.5120544381491
TS003,10.0,2.644173816771409,-216.78563029642453,117.70499356915477
TS003,10.0,2.652900463031381,-217.95753108975575,115.89007498207309
TS003,10.0,2.6616271092913526,-219.1211018727473,114.06722571554478
TS003,10.0,2.670353755551324,-220.27628543435208,112.23637334890138
TS003,10.0,2.6790804018112957,-221.42302147768947,110.39744610839598
TS003,10.0,2.6878070480712677,-222.56124670775282,108.55037297121754
TS003,10.0,2.6965336943312392,-223.6908949259894,106.69508376705195
TS003,10.0,2.705260340591211,-224.81189713185265,104.83150927693667
TS003,10.0,2.7139869868511823,-225.92418163141423,102.95958132914801
TS003,10.0,2.722713633111154,-227.027674153108,101.07923289184309
TS003,10.0,2.731440279371126,-228.12229797066257,99.19039816216954
TS003,10.0,2.7401669256310974,-229.20797403325827,97.29301265154317
TS003,10.0,2.748893571891069,-230.28462110292938,95.38701326678283
TS003,10.0,2.7576202181510405,-231.35215589920526,93.47233838678277
TS003,10.0,2.7663468644110125,-232.41049325096668,91.54892793439161
TS003,10.0,2.775073510670984,-233.45954625546517,89.61672344316014
TS003,10.0,2.7838001569309556,-234.4992264444319,87.67566811861109
TS003,10.0,2.792526803190927,-235.52944395716983,85.72570689367953
TS003,10.0,2.8012534494508987,-236.55010772050116,83.76678647796679
TS003,10.0,2.8099800957108707,-237.56112563540705,81.798855400446
TS003,10.0,2.8187067419708423,-238.56240477016968,79.82186404525783
TS003,10.0,2.827433388230814,-239.55385155979536,77.83576468023146
TS003,10.0,2.8361600344907854,-240.53537201146216,75.84051147776984
TS003,10.0,2.8448866807507573,-241.5068719157081,73.8360605277388
TS003,10.0,2.853613327010729,-242.46825706303773,71.8223698420065
TS003,10.0,2.8623399732707004,-243.41943346559796,69.79939935028338
TS003,10.0,2.871066619530672,-244.36030758353385,67.76711088692545
TS003,10.0,2.8797932657906435,-245.2907865556095,65.72546816837053
TS003,10.0,2.8885199120506155,-246.21077843364193,63.67443676089179
TS003,10.0,2.897246558310587,-247.12019242026705,61.613984038367704
TS003,10.0,2.9059732045705586,-248.01893910952475,59.54407912978159
TS003,10.0,2.91469985083053,-248.90693072972377,57.46469285618722
TS003,10.0,2.923426497090502,-249.78408138801404,55.37579765689238
TS003,10.0,2.9321531433504737,-250.6503073160745,53.27736750463918
TS003,10.0,2.9408797896104453,-251.50552711629572,51.169377809579956
TS003,10.0,2.949606435870417,-252.3496620078161,49.05180531187811
TS003,10.0,2.9583330821303884,-253.18263607175194,46.92462796278682
TS003,10.0,2.9670597283903604,-254.00437649494384,44.78782479408962
TS003,10.0,2.975786374650332,-254.8148138115277,42.64137577581719
TS003,10.0,2.9845130209103035,-255.613882141628,40.48526166218377
TS003,10.0,2.993239667170275,-256.4015194264633,38.31946382572284
TS003,10.0,3.001966313430247,-257.17766765914854,36.14396407963092
TS003,10.0,3.0106929596902186,-257.9422731104768,33.958744488364445
TS003,10.0,3.01941960595019,-258.6952865489674,31.763787166566054
TS003,10.0,3.0281462522101616,-259.43666345446957,29.55907406643432
TS003,10.0,3.036872898470133,-260.1663642246218,27.344586753680396
TS003,10.0,3.045599544730105,-260.8843543734774,25.120306172251485
TS003,10.0,3.0543261909900767,-261.5906047216235,22.886212398033113
TS003,10.0,3.0630528372500483,-262.285091577138,20.64228438177215
TS003,10.0,3.07177948351002,-262.9677969067505,18.388499681497642
TS003,10.0,3.080506129769992,-263.638708496596,16.124834184741527
TS003,10.0,3.0892327760299634,-264.2978201019784,13.851261820893408
TS003,10.0,3.097959422289935,-264.9451315855878,11.567754264046581
TS003,10.0,3.1066860685499065,-265.58064904364477,9.274280626721916
TS003,10.0,3.115412714809878,-266.20438491947874,6.97080714487519
TS003,10.0,3.12413936106985,-266.8163581040761,4.657296854617182
TS003,10.0,3.1328660073298216,-267.4165940231697,2.3337092610952253
TS003,10.0,3.141592653589793,-268.00512471047296,3.282116181317679e-14
TS003,10.0,3.1503192998497647,-268.5819888666907,-2.343879507818599
TS003,10.0,3.1590459461097367,-269.1472319039746,-4.697982408133946
TS003,10.0,3.167772592369708,-269.70090597551507,-7.062366771013503
TS003,10.0,3.1764992386296798,-270.2430699899893,-9.437095953862645
TS003,10.0,3.1852258848896513,-270.7737896106099,-11.82223896931025
TS003,10.0,3.193952531149623,-271.2931372385331,-14.217870857400777
TS003,10.0,3.202679177409595,-271.8011919804033,-16.624073061546287
TS003,10.0,3.2114058236695664,-272.29803959981854,-19.040933807683054
TS003,10.0,3.220132469929538,-272.7837724525017,-21.468548486070183
TS003,10.0,3.2288591161895095,-273.2584894049605,-23.9070200351528
TS003,10.0,3.2375857624494815,-273.72229573640334,-26.356459326903494
TS003,10.0,3.246312408709453,-274.1753030236567,-28.81698555303656
TS003,10.0,3.2550390549694246,-274.6176290087996,-31.28872661147317
TS003,10.0,3.263765701229396,-275.0493974491829,-33.77181949240636
TS003,10.0,3.2724923474893677,-275.47073794945084,-36.266410663288156
TS003,10.0,3.2812189937493397,-275.88178577510797,-38.772656452020044
TS003,10.0,3.2899456400093112,-276.282681647095,-41.29072342758063
TS003,10.0,3.2986722862692828,-276.67357151673355,-43.82078877726837
TS003,10.0,3.3073989325292543,-277.05460632028667,-46.36304067966226
TS003,10.0,3.3161255787892263,-277.4259417122398,-48.91767867232188
TS003,10.0,3.324852225049198,-277.78773777625287,-51.48491401314222
TS003,10.0,3.3335788713091694,-278.1401587125535,-54.064970034160204
TS003,10.0,3.342305517569141,-278.4833725003325,-56.65808248645919
TS003,10.0,3.351032163829113,-278.8175505334724,-59.264499874652586
TS003,10.0,3.3597588100890845,-279.14286722767514,-61.88448377922242
TS003,10.0,3.368485456349056,-279.45949959675806,-64.51830916475856
TS003,10.0,3.3772121026090276,-279.76762679555725,-67.16626467186637
TS003,10.0,3.385938748868999,-280.06742962650145,-69.8286528901986
TS003,10.0,3.394665395128971,-280.3590900065067,-72.50579060969842
TS003,10.0,3.4033920413889427,-280.6427903903786,-75.1980090467188
TS003,10.0,3.4121186876489142,-280.9187131463891,-77.90565404119887
TS003,10.0,3.420845333908886,-281.1870398791251,-80.62908622051698
TS003,10.0,3.429571980168858,-281.44795069406547,-83.36868112500441
TS003,10.0,3.4382986264288293,-281.7016233976357,-86.12482928937007
TS003,10.0,3.447025272688801,-281.94823262570475,-88.89793627345459
TS003,10.0,3.4557519189487724,-282.18794889262364,-91.68842263477812
TS003,10.0,3.464478565208744,-282.42093755193747,-94.4967238342655
TS003,10.0,3.473205211468716,-282.64735765885104,-97.3232900653026
TS003,10.0,3.4819318577286875,-282.8673607233502,-100.16858599487881
TS003,10.0,3.490658503988659,-283.081089341599,-103.03309040399353
TS003,10.0,3.4993851502486306,-283.2886756918133,-105.91729571270834
TS003,10.0,3.5081117965086026,-283.49023987925926,-108.82170737321046
TS003,10.0,3.516838442768574,-283.6858881133304,-111.74684311196934
TS003,10.0,3.5255650890285457,-283.8757106977993,-114.69323199950469
TS003,10.0,3.5342917352885173,-284.0597798133334,-117.66141332339778
TS003,10.0,3.543018381548489,-284.2381470691836,-120.65193523695024
TS003,10.0,3.551745027808461,-284.41084079861366,-123.66535315228124
TS003,10.0,3.5604716740684323,-284.5778630701347,-126.7022278426287
TS003,10.0,3.569198320328404,-284.73918638394724,-129.76312321415097
TS003,10.0,3.5779249665883754,-284.89475002020623,-132.84860370257604
TS003,10.0,3.5866516128483474,-285.04445600282276,-135.95923124460373
TS003,10.0,3.595378259108319,-285.18816463955585,-139.09556176799768
TS003,10.0,3.6041049053682905,-285.3256895961864,-142.25814113782087
TS003,10.0,3.612831551628262,-285.45679245969194,-145.44750048926235
TS003,10.0,3.6215581978882336,-285.5811767426583,-148.66415087002247
TS003,10.0,3.6302848441482056,-285.698481278847,-151.9085771073234
TS003,10.0,3.639011490408177,-285.80827295806296,-155.18123080639842
TS003,10.0,3.6477381366681487,-285.91003874749885,-158.48252237895048
TS003,10.0,3.6564647829281203,-286.003176946907,-161.81281199177988
TS003,10.0,3.6651914291880923,-286.08698762664216,-165.17239931789103
TS003,10.0,3.673918075448064,-286.1606622013773,-168.56151196532608
TS003,10.0,3.6826447217080354,-286.2232720986887,-171.98029245331193
TS003,10.0,3.691371367968007,-286.27375649152583,-175.42878360178594
TS003,10.0,3.7000980142279785,-286.31090907769084,-178.906912199947
TS003,10.0,3.7088246604879505,-286.33336390890844,-182.4144708233352
TS003,10.0,3.717551306747922,-286.3395802980842,-185.95109767856417
TS003,10.0,3.7262779530078936,-286.3278268672874,-189.5162543719973
TS003,10.0,3.735004599267865,-286.29616484235333,-193.10920152549056
TS003,10.0,3.743731245527837,-286.242430754379,-196.72897220132552
TS003,10.0,3.7524578917878086,-286.16421877537414,-200.37434315240955
TS003,10.0,3.76118453804778,-286.05886299641816,-204.04380398584428
TS003,10.0,3.7699111843077517,-285.9234200530529,-207.73552442128369
TS003,10.0,3.7786378305677233,-285.75465261494907,-211.4473199433496
TS003,10.0,3.7873644768276953,-285.549014384873,-215.1766162925821
TS003,10.0,3.796091123087667,-285.3026373940852,-218.92041341405692
TS003,10.0,3.8048177693476384,-285.01132253413374,-222.67524968758872
TS003,10.0,3.81354441560761,-284.67053442272254,-226.43716749685885
TS003,10.0,3.822271061867582,-284.2754018550953,-230.2016814523506
TS003,10.0,3.8309977081275535,-283.8207252296657,-233.9637508559232
TS003,10.0,3.839724354387525,-283.30099244094964,-237.71775826935823
TS003,10.0,3.8484510006474966,-282.71040478356497,-241.4574963052012
TS003,10.0,3.857177646907468,-282.04291438388464,-245.17616496894826
TS003,10.0,3.86590429316744,-281.2922745441304,-248.86638201359898
TS003,10.0,3.8746309394274117,-280.45210412039654,-252.52020878184393
TS003,10.0,3.883357585687383,-279.5159666375926,-256.1291938656401
TS003,10.0,3.8920842319473548,-278.4774642546979,-259.68443656686713
TS003,10.0,3.9008108782073267,-277.3303459303394,-263.1766715626723
TS003,10.0,3.9095375244672983,-276.0686282178293,-266.5963753463452
TS003,10.0,3.91826417072727,-274.6867260806783,-269.93389393369176
TS003,10.0,3.9269908169872414,-273.17959003133103,-273.1795900313309
TS003,10.0,3.935717463247213,-271.54284485066205,-276.3240064287163
TS003,10.0,3.944444109507185,-269.7729242572775,-279.3580409083381
TS003,10.0,3.9531707557671565,-267.8671952866579,-282.27312660783434
TS003,10.0,3.961897402027128,-265.82406592616667,-285.06141067075947
TS003,10.0,3.9706240482870996,-263.64306982167045,-287.71592334438833
TS003,10.0,3.9793506945470716,-261.3249226675793,-290.2307295513847
TS003,10.0,3.988077340807043,-258.87154619637977,-292.6010554545553
TS003,10.0,3.9968039870670147,-256.2860574111721,-294.8233836570423
TS003,10.0,4.005530633326987,-253.57272270895743,-296.8955123617582
TS003,10.0,4.014257279586958,-250.73687863302882,-298.81657590677037
TS003,10.0,4.02298392584693,-247.78482296191515,-300.587026394797
TS003,10.0,4.031710572106901,-244.72368149545537,-302.2085784155271
TS003,10.0,4.040437218366873,-241.56125708332763,-303.68412089719953
TS003,10.0,4.049163864626845,-238.30586806822637,-305.0176017364343
TS003,10.0,4.057890510886816,-234.96618336696775,-306.2138919234915
TS003,10.0,4.066617157146788,-231.55106093812614,-307.2786363586523
TS003,10.0,4.075343803406759,-228.06939548759684,-308.21809847067453
TS003,10.0,4.084070449666731,-224.52998007915878,-309.0390051847068
TS003,10.0,4.092797095926703,-220.94138499061435,-309.74839786683145
TS003,10.0,4.101523742186674,-217.31185582166734,-310.35349373314375
TS003,10.0,4.110250388446646,-213.6492316267915,-310.8615609859121
TS003,10.0,4.118977034706618,-209.96088279171204,-311.27980974147073
TS003,10.0,4.127703680966589,-206.25366753866405,-311.6152997295608
TS003,10.0,4.136430327226561,-202.53390534596272,-311.87486482678713
TS003,10.0,4.145156973486532,-198.80736519037728,-312.0650537640647
TS003,10.0,4.153883619746504,-195.07926633897966,-312.1920858222646
TS003,10.0,4.162610266006476,-191.35428939435994,-312.2618199875172
TS003,10.0,4.171336912266447,-187.63659539429077,-312.27973585282365
TS003,10.0,4.180063558526419,-183.9298509469063,-312.25092449570764
TS003,10.0,4.1887902047863905,-180.2372576124707,-312.1800876016793
TS003,10.0,4.1975168510463625,-176.5615839961312,-312.07154321152836
TS003,10.0,4.2062434973063345,-172.90519927233188,-311.9292366220087
TS003,10.0,4.214970143566306,-169.2701071062637,-311.7567551440814
TS003,10.0,4.223696789826278,-165.6579791615949,-311.55734560500275
TS003,10.0,4.232423436086249,-162.07018758152103,-311.3339336589657
TS003,10.0,4.241150082346221,-158.50783599985323,-311.08914413819934
TS003,10.0,4.249876728606193,-154.97178878067217,-310.8253218278849
TS003,10.0,4.258603374866164,-151.46269830060893,-310.54455218170415
TS003,10.0,4.267330021126136,-147.98103017970288,-310.2486816097301
TS003,10.0,4.276056667386108,-144.5270864379491,-309.9393370672653
TS003,10.0,4.284783313646079,-141.10102660816145,-309.61794475339934
TS003,10.0,4.293509959906051,-137.70288687463645,-309.2857477932058
TS003,10.0,4.302236606166022,-134.33259733399038,-308.9438228294665
TS003,10.0,4.310963252425994,-130.98999749187612,-308.59309549048373
TS003,10.0,4.319689898685966,-127.67485011918903,-308.2343547316986
TS003,10.0,4.328416544945937,-124.38685359552663,-307.8682660721052
TS003,10.0,4.337143191205909,-121.12565286759657,-307.4953837632895
TS003,10.0,4.34586983746588,-117.89084914710537,-307.11616194059036
TS003,10.0,4.354596483725852,-114.6820084673406,-306.73096481344703
TS003,10.0,4.363323129985824,-111.49866921096734,-306.34007595637325
TS003,10.0,4.372049776245795,-108.34034871398828,-305.9437067639154
TS003,10.0,4.380776422505767,-105.20654904286894,-305.54200413303494
TS003,10.0,4.389503068765738,-102.09676203377501,-305.1350574350824
TS003,10.0,4.39822971502571,-99.01047367494071,-304.7229048372887
TS003,10.0,4.406956361285682,-95.94716790558401,-304.30553903082085
TS003,10.0,4.4156830075456535,-92.90632989754559,-303.882912419138
TS003,10.0,4.4244096538056255,-89.88744887908435,-303.45494181685166
TS003,10.0,4.4331363000655974,-86.89002055400321,-303.02151270566463
TS003,10.0,4.4418629463255686,-83.91354916352314,-302.58248309034275
TS003,10.0,4.4505895925855405,-80.95754923308508,-302.1376869941324
TS003,10.0,4.459316238845512,-78.02154704150234,-301.6869376296345
TS003,10.0,4.468042885105484,-75.10508184558005,-301.2300302779015
TS003,10.0,4.476769531365456,-72.2077068894728,-300.7667449054777
TS003,10.0,4.485496177625427,-69.32899022457896,-300.2968485462454
TS003,10.0,4.494222823885399,-66.4685153626935,-299.82009747229375
TS003,10.0,4.50294947014537,-63.625881782395,-299.3362391755715
TS003,10.0,4.511676116405342,-60.80070530619564,-298.84501417983563
TS003,10.0,4.520402762665314,-57.992618363841174,-298.346157700333
TS003,10.0,4.529129408925285,-55.201270155228386,-297.8394011667647
TS003,10.0,4.537856055185257,-52.42632672473991,-297.3244736233555
TS003,10.0,4.546582701445229,-49.66747095732282,-296.80110301828455
TS003,10.0,4.5553093477052,-46.92440250533838,-296.2690173933012
TS003,10.0,4.564035993965172,-44.19683765409014,-295.72794598306734
TS003,10.0,4.572762640225143,-41.48450913295436,-295.17762023259377
TS003,10.0,4.581489286485115,-38.78716587817331,-294.6177747400875
TS003,10.0,4.590215932745087,-36.104572752647776,-294.04814813157657
TS003,10.0,4.598942579005058,-33.43651022741238,-293.46848387282813
TS003,10.0,4.60766922526503,-30.782774028939755,-292.87853102331087
TS003,10.0,4.616395871525001,-28.143174755951236,-292.2780449362726
TS003,10.0,4.625122517784973,-25.5175374690046,-291.66678790839467
TS003,10.0,4.633849164044945,-22.905701255808097,-291.0445297819527
TS003,10.0,4.642575810304916,-20.30751877491249,-290.41104850193386
TS003,10.0,4.651302456564888,-17.722855780207574,-289.7661306301519
TS003,10.0,4.6600291028248595,-15.151590628454544,-289.1095718180403
TS003,10.0,4.6687557490848315,-12.593613771917521,-288.44117723949233
TS003,10.0,4.6774823953448035,-10.04882723804291,-287.76076198485976
TS003,10.0,4.686209041604775,-7.517144098017057,-287.068151416997
TS003,10.0,4.694935687864747,-4.998487925960015,-286.3631814900638
TS003,10.0,4.703662334124719,-2.4927922504479993,-285.6456990316519
TS003,10.0,4.71238898038469,-5.233813965250917e-14,-284.9155619886976
TS003,10.0,4.721115626644662,2.4799370558679676,-284.1726396375594
TS003,10.0,4.729842272904633,4.947058868449654,-283.41681275859503
TS003,10.0,4.738568919164605,7.40139767297603,-282.6479737755456
TS003,10.0,4.747295565424577,9.842978551534179,-281.866026860036
TS003,10.0,4.756022211684548,12.27181999427905,-281.07088800151917
TS003,10.0,4.76474885794452,14.687934457451888,-280.262485043032
TS003,10.0,4.773475504204491,17.091328916739982,-279.4407576831839
TS003,10.0,4.782202150464463,19.48200541454526,-278.60565744486684
TS003,10.0,4.790928796724435,21.85996159974332,-277.75714761125477
TS003,10.0,4.799655442984406,24.2251912585609,-276.8952031297489
TS003,10.0,4.808382089244378,26.5776848352288,-276.01981048461727
TS003,10.0,4.817108735504349,28.91742994111115,-275.1309675391811
TS003,10.0,4.825835381764321,31.244411851070286,-274.228683348497
TS003,10.0,4.834562028024293,33.55861398586908,-273.3129779435906
TS003,10.0,4.843288674284264,35.86001837948815,-272.3838820883973
TS003,10.0,4.852015320544236,38.148606130295235,-271.4414370106633
TS003,10.0,4.860741966804208,40.42435783507822,-270.4856941081582
TS003,10.0,4.869468613064179,42.68725400503915,-269.51671463163456
TS003,10.0,4.878195259324151,44.93727546292395,-268.5345693460531
TS003,10.0,4.886921905584122,47.17440372055121,-267.5393381716687
TS003,10.0,4.895648551844094,49.39862133610266,-266.53110980662973
TS003,10.0,4.904375198104066,51.609912250620575,-265.50998133280495
TS003,10.0,4.9131018443640375,53.80826210326592,-264.4760578065901
TS003,10.0,4.9218284906240095,55.9936585249815,-263.42945183648277
TS003,10.0,4.930555136883981,58.166091410302045,-262.3702831492345
TS003,10.0,4.939281783143953,60.32555316715964,-261.2986781463982
TS003,10.0,4.948008429403925,62.47203894461636,-260.21476945308984
TS003,10.0,4.956735075663896,64.60554683856404,-259.11869546076997
TS003,10.0,4.965461721923868,66.72607807551412,-258.010599865826
TS003,10.0,4.974188368183839,68.83363717469067,-256.89063120570785
TS003,10.0,4.982915014443811,70.9282320887306,-255.75894239431764
TS003,10.0,4.991641660703783,73.00987432336484,-254.61569025831182
TS003,10.0,5.000368306963754,75.07857903653975,-253.4610350759037
TS003,10.0,5.009094953223726,77.1343651175017,-252.2951401196922
TS003,10.0,5.017821599483698,79.177255246431,-251.11817120496568
TS003,10.0,5.026548245743669,81.20727593527519,-249.93029624484478
TS003,10.0,5.035274892003641,83.22445755047781,-248.7316848135472
TS003,10.0,5.044001538263612,85.22883431834373,-247.52250771896465
TS003,10.0,5.052728184523584,87.22044431382818,-246.30293658564653
TS003,10.0,5.061454830783556,89.19932943355762,-245.07314344919342
TS003,10.0,5.070181477043527,91.16553535392804,-243.83330036296186
TS003,10.0,5.078908123303499,93.11911147513888,-242.5835790178873
TS003,10.0,5.08763476956347,95.06011085203494,-241.3241503761346
TS003,10.0,5.096361415823442,96.98859011264308,-240.0551843191847
TS003,10.0,5.105088062083414,98.9046093652831,-238.7768493108793
TS003,10.0,5.113814708343385,100.80823209513918,-237.4893120758438
TS003,10.0,5.122541354603357,102.69952505116538,-236.19273729362595
TS003,10.0,5.1312680008633285,104.57855812418556,-234.8872873088006
TS003,10.0,5.1399946471233005,106.44540421703954,-233.57312185720377
TS003,10.0,5.1487212933832724,108.30013910759662,-232.25039780838873
TS003,10.0,5.1574479396432436,110.14284130544536,-230.91926892431627
TS003,10.0,5.1661745859032155,111.97359190303558,-229.57988563422626
TS003,10.0,5.1749012321631875,113.792474422021,-228.23239482557508
TS003,10.0,5.183627878423159,115.5995746555239,-226.87693965085825
TS003,10.0,5.192354524683131,117.39498050700797,-225.51365935009065
TS003,10.0,5.201081170943102,119.1787818264097,-224.1426890886654
TS003,10.0,5.209807817203074,120.95107024415135,-222.7641598102657
TS003,10.0,5.218534463463046,122.71193900361308,-221.37819810447192
TS003,10.0,5.227261109723017,124.4614827926152,-219.98492608866505
TS003,10.0,5.235987755982989,126.19979757442034,-218.58446130380355
TS003,10.0,5.24471440224296,127.92698041872814,-217.17691662362571
TS003,10.0,5.253441048502932,129.64312933310737,-215.7624001768052
TS003,10.0,5.262167694762904,131.34834309526474,-214.34101528157876
TS003,10.0,5.270894341022875,133.04272108652515,-212.9128603923442
TS003,10.0,5.279620987282847,134.7263631268602,-211.4780290577261
TS003,10.0,5.288347633542818,136.39936931176857,-210.03660988959865
TS003,10.0,5.29707427980279,138.06183985128723,-208.58868654254906
TS003,10.0,5.305800926062762,139.71387491137506,-207.13433770327597
TS003,10.0,5.314527572322733,141.3555744578897,-205.67363708940968
TS003,10.0,5.323254218582705,142.9870381033477,-204.2066534572548
TS003,10.0,5.331980864842677,144.60836495663324,-202.73345061796337
TS003,10.0,5.340707511102648,146.21965347580073,-201.25408746165223
TS003,10.0,5.34943415736262,147.82100132409172,-199.76861798899455
TS003,10.0,5.358160803622591,149.41250522926555,-198.27709134982945
TS003,10.0,5.366887449882563,150.99426084633112,-196.77955188834218
TS003,10.0,5.375614096142535,152.56636262374076,-195.27603919439176
TS003,10.0,5.3843407424025065,154.12890367310106,-193.76658816057068
TS003,10.0,5.3930673886624785,155.68197564243678,-192.25122904460426
TS003,10.0,5.40179403492245,157.22566859303106,-190.72998753671442
TS003,10.0,5.410520681182422,158.76007087986042,-189.20288483158512
TS003,10.0,5.419247327442394,160.285269035626,-187.66993770459422
TS003,10.0,5.427973973702365,161.8013476583807,-186.13115859198436
TS003,10.0,5.436700619962337,163.30838930274513,-184.58655567467255
TS003,10.0,5.445427266222308,164.80647437469267,-183.03613296541056
TS003,10.0,5.45415391248228,166.29568102989384,-181.4798903990272
TS003,10.0,5.462880558742252,167.77608507559154,-179.91782392550346
TS003,10.0,5.471607205002223,169.24775987599082,-178.34992560564396
TS003,10.0,5.480333851262195,170.71077626113794,-176.77618370912785
TS003,10.0,5.489060497522167,172.1652024392648,-175.19658281473832
TS003,10.0,5.497787143782138,173.61110391258148,-173.61110391258157
TS003,10.0,5.50651379004211,175.04854339649546,-172.01972450812414
TS003,10.0,5.515240436302081,176.47758074224095,-170.42241872789128
TS003,10.0,5.523967082562053,177.8982728629097,-168.81915742667658
TS003,10.0,5.532693728822025,179.3106736628711,-167.20990829613427
TS003,10.0,5.541420375081996,180.71483397058324,-165.5946359746284
TS003,10.0,5.550147021341968,182.11080147479564,-163.973302158227
TS003,10.0,5.558873667601939,183.4986206641523,-162.34586571274306
TS003,10.0,5.567600313861911,184.8783327702136,-160.71228278672183
TS003,10.0,5.576326960121883,186.24997571391677,-159.07250692529598
TS003,10.0,5.585053606381854,187.61358405550715,-157.4264891848238
TS003,10.0,5.593780252641826,188.96918894797756,-155.77417824823928
TS003,10.0,5.602506898901797,190.3168180940602,-154.11552054104877
TS003,10.0,5.611233545161769,191.65649570682737,-152.450460347904
TS003,10.0,5.619960191421741,192.9882424739584,-150.77893992969683
TS003,10.0,5.6286868376817125,194.3120755257481,-149.10089964111268
TS003,10.0,5.6374134839416845,195.62800840693043,-147.4162780485859
TS003,10.0,5.6461401302016565,196.9360510524049,-145.72501204860257
TS003,10.0,5.654866776461628,198.23620976696068,-144.0270369862887
TS003,10.0,5.6635934227216,199.5284872090997,-142.32228677422708
TS003,10.0,5.672320068981571,200.8128823790664,-140.61069401144223
TS003,10.0,5.681046715241543,202.08939061120458,-138.89219010248456
TS003,10.0,5.689773361501515,203.35800357075976,-137.16670537654997
TS003,10.0,5.698500007761486,204.61870925526088,-135.43416920655648
TS003,10.0,5.707226654021458,205.8714920006151,-133.69451012809998
TS003,10.0,5.715953300281429,207.11633249205474,-131.9476559582049
TS003,10.0,5.724679946541401,208.35320778008594,-130.19353391377177
TS003,10.0,5.733406592801373,209.58209130158264,-128.43207072962497
TS003,10.0,5.742133239061344,210.8029529061826,-126.66319277604664
TS003,10.0,5.750859885321316,212.01575888813773,-124.88682617567868
TS003,10.0,5.759586531581287,213.2204720237727,-123.10289691966437
TS003,10.0,5.768313177841259,214.41705161471094,-121.31133098288556
TS003,10.0,5.777039824101231,215.60545353701906,-119.51205443814904
TS003,10.0,5.785766470361202,216.7856302964245,-117.7049935691548
TS003,10.0,5.794493116621174,217.95753108975575,-115.89007498207312
TS003,10.0,5.803219762881146,219.12110187274732,-114.06722571554471
TS003,10.0,5.811946409141117,220.27628543435208,-112.23637334890141
TS003,10.0,5.820673055401089,221.4230214776895,-110.3974461083959
TS003,10.0,5.82939970166106,222.56124670775273,-108.55037297121766
TS003,10.0,5.838126347921032,223.6908949259894,-106.69508376705198
TS003,10.0,5.846852994181004,224.81189713185267,-104.8315092769366
TS003,10.0,5.8555796404409755,225.92418163141417,-102.95958132914801
TS003,10.0,5.8643062867009474,227.02767415310805,-101.07923289184302
TS003,10.0,5.8730329329609186,228.12229797066252,-99.19039816216967
TS003,10.0,5.8817595792208905,229.2079740332583,-97.29301265154321
TS003,10.0,5.8904862254808625,230.28462110292946,-95.38701326678277
TS003,10.0,5.899212871740834,231.35215589920526,-93.4723383867828
TS003,10.0,5.907939518000806,232.41049325096668,-91.54892793439163
TS003,10.0,5.916666164260777,233.4595462554651,-89.61672344316028
TS003,10.0,5.925392810520749,234.49922644443186,-87.6756681186111
TS003,10.0,5.934119456780721,235.52944395716986,-85.72570689367946
TS003,10.0,5.942846103040692,236.55010772050116,-83.76678647796682
TS003,10.0,5.951572749300664,237.56112563540702,-81.79885540044602
TS003,10.0,5.960299395560636,238.56240477016976,-79.82186404525777
TS003,10.0,5.969026041820607,239.55385155979536,-77.8357646802315
TS003,10.0,5.977752688080579,240.53537201146224,-75.84051147776977
TS003,10.0,5.98647933434055,241.50687191570805,-73.83606052773894
TS003,10.0,5.995205980600522,242.46825706303773,-71.82236984200652
TS003,10.0,6.003932626860494,243.41943346559796,-69.79939935028331
TS003,10.0,6.012659273120465,244.36030758353382,-67.76711088692547
TS003,10.0,6.021385919380437,245.29078655560951,-65.72546816837044
TS003,10.0,6.030112565640408,246.2107784336419,-63.67443676089193
TS003,10.0,6.03883921190038,247.120192420267,-61.613984038367725
TS003,10.0,6.047565858160352,248.01893910952478,-59.54407912978151
TS003,10.0,6.056292504420323,248.9069307297237,-57.46469285618724
TS003,10.0,6.065019150680295,249.78408138801404,-55.375797656892416
TS003,10.0,6.073745796940266,250.65030731607442,-53.27736750463931
TS003,10.0,6.082472443200238,251.50552711629572,-51.169377809579984
TS003,10.0,6.09119908946021,252.34966200781616,-49.05180531187804
TS003,10.0,6.0999257357201815,253.18263607175194,-46.92462796278685
TS003,10.0,6.1086523819801535,254.0043764949439,-44.78782479408966
TS003,10.0,6.1173790282401255,254.81481381152776,-42.64137577581712
TS003,10.0,6.126105674500097,255.613882141628,-40.485261662183795
TS003,10.0,6.134832320760069,256.4015194264633,-38.319463825722764
TS003,10.0,6.14355896702004,257.17766765914854,-36.143964079631075
TS003,10.0,6.152285613280012,257.9422731104768,-33.958744488364474
TS003,10.0,6.161012259539984,258.69528654896743,-31.76378716656598
TS003,10.0,6.169738905799955,259.43666345446957,-29.559074066434352
TS003,10.0,6.178465552059927,260.1663642246218,-27.34458675368031
TS003,10.0,6.187192198319898,260.8843543734773,-25.120306172251635
TS003,10.0,6.19591884457987,261.59060472162344,-22.88621239803314
TS003,10.0,6.204645490839842,262.2850915771381,-20.642284381772072
TS003,10.0,6.213372137099813,262.9677969067505,-18.38849968149767
TS003,10.0,6.222098783359785,263.638708496596,-16.124834184741562
TS003,10.0,6.230825429619756,264.29782010197835,-13.851261820893553
TS003,10.0,6.239552075879728,264.9451315855877,-11.567754264046613
TS003,10.0,6.2482787221397,265.58064904364477,-9.274280626721831
TS003,10.0,6.257005368399671,266.20438491947874,-6.970807144875223
TS003,10.0,6.265732014659643,266.8163581040761,-4.657296854617215
TS003,10.0,6.274458660919615,267.4165940231697,-2.333709261095139
TS003,10.0,6.283185307179586,268.0051247104729,-6.564232362635357e-14
TS151,0.25,0.0,177.32712246997485,0.0
TS151,0.25,0.008726646259971648,178.1184692849092,1.5544163325417326
TS151,0.25,0.017453292519943295,178.89928830773133,3.1226986930233673
TS151,0.25,0.026179938779914945,179.66906836424698,4.7048001325950555
TS151,0.25,0.03490658503988659,180.42730100023888,6.300660188247526
TS151,0.25,0.04363323129985824,181.17348248811192,7.910205075449764
TS151,0.25,0.05235987755982989,181.90711590395318,9.533347980308974
TS151,0.25,0.061086523819801536,182.62771326081813,11.169989455122986
TS151,0.25,0.06981317007977318,183.33479768236032,12.820017920235939
TS151,0.25,0.07853981633974483,184.0279055993498,14.483310274028586
TS151,0.25,0.08726646259971647,184.7065889502212,16.159732611687055
TS151,0.25,0.09599310885968812,185.37041736558405,17.849141052112568
TS151,0.25,0.10471975511965978,186.01898031567123,19.55138267097955
TS151,0.25,0.11344640137963143,186.6518891990191,21.266296536541578
TS151,0.25,0.12217304763960307,187.26877935029927,22.993714843349423
TS151,0.25,0.1308996938995747,187.86931194518718,24.733464137609474
TS151,0.25,0.13962634015954636,188.45317578046348,26.485366626502834
TS151,0.25,0.14835298641951802,189.02008890821747,28.249241562434268
TS151,0.25,0.15707963267948966,189.56980010405303,30.02490669191466
TS151,0.25,0.16580627893946132,190.10209015057345,31.81217975762819
TS151,0.25,0.17453292519943295,190.61677291912687,33.61088004122073
TS151,0.25,0.1832595714594046,191.11369623479249,35.42082993349182
TS151,0.25,0.19198621771937624,191.5927425118415,37.241856517995046
TS151,0.25,0.2007128639793479,192.053829149369,39.073793153565425
TS151,0.25,0.20943951023931956,192.4969086794083,40.91648104100327
TS151,0.25,0.2181661564992912,192.92196866254395,42.7697707590545
TS151,0.25,0.22689280275926285,193.32903132877883,44.63352375493249
TS151,0.25,0.23561944901923448,193.71815296411225,46.50761377491617
TS151,0.25,0.24434609527920614,194.08942304588774,48.3919282210164
TS151,0.25,0.2530727415391778,194.44296313241747,50.286369420307246
TS151,0.25,0.2617993877991494,194.77892551461707,52.19085579424344
TS151,0.25,0.27052603405912107,195.09749163934973,54.10532291610081
TS151,0.25,0.2792526803190927,195.39887031583666,56.02972444554987
TS151,0.25,0.2879793265790644,195.68329571780487,57.964032930269255
TS151,0.25,0.29670597283903605,195.95102519499673,59.90824046538948
TS151,0.25,0.30543261909900765,196.202336908233,61.862359202392156
TS151,0.25,0.3141592653589793,196.43752730241002,63.82642169984231
TS151,0.25,0.32288591161895097,196.65690843161266,65.80048110896539
TS151,0.25,0.33161255787892263,196.86080514996308,67.78461118756863
TS151,0.25,0.34033920413889424,197.04955218091155,69.77890613611768
TS151,0.25,0.3490658503988659,197.22349107644288,71.78348024989118
TS151,0.25,0.35779249665883756,197.38296707615012,73.79846738102614
TS151,0.25,0.3665191429188092,197.52832587435492,75.8240202039204
TS151,0.25,0.3752457891787809,197.6599103014722,77.86030927685977
TS151,0.25,0.3839724354387525,197.77805692366744,79.90752189188015
TS151,0.25,0.39269908169872414,197.8830925625868,81.96586070375399
TS151,0.25,0.4014257279586958,197.9753307345992,84.03554212760471
TS151,0.25,0.41015237421866746,198.0550680066233,86.11679449300908
TS151,0.25,0.4188790204786391,198.12258026327575,88.2098559405532
TS151,0.25,0.4276056667386107,198.1781188778201,90.31497204468039
TS151,0.25,0.4363323129985824,198.22190677727323,92.43239314432873
TS151,0.25,0.44505895925855404,198.25413439010896,94.56237136033485
TS151,0.25,0.4537856055185257,198.27495546333623,96.70515727591385
TS151,0.25,0.4625122517784973,198.28448273442055,98.86099625377025
TS151,0.25,0.47123889803846897,198.28278344262358,101.03012436060925
TS151,0.25,0.4799655442984406,198.26987466398143,103.21276386709322
TS151,0.25,0.4886921905584123,198.24571845441906,105.40911828872069
TS151,0.25,0.49741883681838395,198.21021678656618,107.61936693083628
TS151,0.25,0.5061454830783556,198.1632062678323,109.84365889916153
TS151,0.25,0.5148721293383273,198.10445263042124,112.08210653608093
TS151,0.25,0.5235987755982988,198.0336449884128,114.33477824266289
TS151,0.25,0.5323254218582705,197.95038986306065,116.60169064734102
TS151,0.25,0.5410520681182421,197.8542049853175,118.88280008468368
TS151,0.25,0.5497787143782138,197.74451289459893,121.17799335215715
TS151,0.25,0.5585053606381855,197.62063436525514,123.48707771972714
TS151,0.25,0.5672320068981571,197.48178170746473,125.80977017710296
TS151,0.25,0.5759586531581288,197.32705200762766,128.14568591703346
TS151,0.25,0.5846852994181004,197.15542039511894,130.49432607099578
TS151,0.25,0.5934119456780721,196.96573344771724,132.8550647366005
TS151,0.25,0.6021385919380436,196.75670287729392,135.22713536479935
TS151,0.25,0.6108652381980153,196.5268996704343,137.6096166102214
TS151,0.25,0.619591884457987,196.27474889534,140.00141779027143
TS151,0.25,0.6283185307179586,195.99852542609682,142.40126414839938
TS151,0.25,0.6370451769779303,195.6963508772641,144.80768217429247
TS151,0.25,0.6457718232379019,195.3661920843133,147.21898529829474
TS151,0.25,0.6544984694978736,195.0058615066775,149.63326034816114
TS151,0.25,0.6632251157578453,194.61301996733002,152.04835523153974
TS151,0.25,0.6719517620178169,194.18518217236158,154.46186838458172
TS151,0.25,0.6806784082777885,193.7197254716812,156.87114060188753
TS151,0.25,0.6894050545377601,193.2139023226625,159.27324993035825
TS151,0.25,0.6981317007977318,192.66485689671637,161.6650103628581
TS151,0.25,0.7068583470577035,192.06964621851634,164.04297509903597
TS151,0.25,0.7155849933176751,191.42526614333917,166.40344514134628
TS151,0.25,0.7243116395776468,190.7286823549806,168.7424839549168
TS151,0.25,0.7330382858376184,189.97686640199774,171.0559388313892
TS151,0.25,0.7417649320975901,189.16683658334293,173.3394694515767
TS151,0.25,0.7504915783575618,188.29570324921386,175.58858393479224
TS151,0.25,0.7592182246175333,187.36071780714647,177.79868239324756
TS151,0.25,0.767944870877505,186.3593244301647,179.96510768283974
TS151,0.25,0.7766715171374766,185.28921317152694,182.08320266851916
TS151,0.25,0.7853981633974483,184.14837292217803,184.14837292217803
TS151,0.25,0.7941248096574199,182.93514242839757,186.15615336954608
TS151,0.25,0.8028514559173916,181.6482574449705,188.1022770315005
TS151,0.25,0.8115781021773633,180.28689205775993,189.98274369914157
TS151,0.25,0.8203047484373349,178.85069228721022,191.79388617505708
TS151,0.25,0.8290313946973066,177.3398002902664,193.53243163469457
TS151,0.25,0.8377580409572782,175.75486780987146,195.1955557317937
TS151,0.25,0.8464846872172498,174.09705796297985,196.78092729765282
TS151,0.25,0.8552113334772214,172.3680349817484,198.2867418577692
TS151,0.25,0.8639379797371931,170.56994208991384,199.71174268781655
TS151,0.25,0.8726646259971648,168.70536826296825,201.05522871732163
TS151,0.25,0.8813912722571364,166.77730514128905,202.31704921759064
TS151,0.25,0.8901179185171081,164.78909579907872,203.4975858302645
TS151,0.25,0.8988445647770797,162.7443773873218,204.5977230561533
TS151,0.25,0.9075712110370514,160.64701984714776,205.6188087901122
TS151,0.25,0.9162978572970231,158.5010629262739,206.5626068278207
TS151,0.25,0.9250245035569946,156.31065363444972,207.431243469698
TS151,0.25,0.9337511498169663,154.0799860641116,208.22715040541786
TS151,0.25,0.9424777960769379,151.81324520763465,208.95300599184534
TS151,0.25,0.9512044423369096,149.5145560541887,209.61167685955633
TS151,0.25,0.9599310885968813,147.18793887872212,210.2061615261272
TS151,0.25,0.9686577348568529,144.83727127116575,210.73953738782626
TS151,0.25,0.9773843811168246,142.4662571182579,211.2149121336295
TS151,0.25,0.9861110273767962,140.0784024595856,211.63538030129402
TS151,0.25,0.9948376736367679,137.67699790294498,212.00398539391878
TS151,0.25,1.0035643198967394,135.2651071053673,212.32368771054757
TS151,0.25,1.0122909661567112,132.84556070357976,212.59733782375764
TS151,0.25,1.0210176124166828,130.42095500616054,212.827655463751
TS151,0.25,1.0297442586766545,127.99365473179428,213.01721344118153
TS151,0.25,1.038470904936626,125.56579908539165,213.16842615597892
TS151,0.25,1.0471975511965976,123.1393104977892,213.28354219117045
TS151,0.25,1.0559241974565694,120.71590540727962,213.36464047270957
TS151,0.25,1.064650843716541,118.29710652527649,213.41362948202953
TS151,0.25,1.0733774899765127,115.88425609816015,213.43224903123658
TS151,0.25,1.0821041362364843,113.47852974820108,213.42207414603274
TS151,0.25,1.090830782496456,111.08095054502023,213.38452064395187
TS151,0.25,1.0995574287564276,108.69240302299687,213.3208520415334
TS151,0.25,1.1082840750163994,106.31364691792605,213.2321874707676
TS151,0.25,1.117010721276371,103.9453304473258,213.11951033038147
TS151,0.25,1.1257373675363425,101.58800300289336,212.98367743986623
TS151,0.25,1.1344640137963142,99.24212716090707,212.82542850265483
TS151,0.25,1.1431906600562858,96.90808994729856,212.64539571907451
TS151,0.25,1.1519173063162575,94.58621331929078,212.44411341947585
TS151,0.25,1.160643952576229,92.27676384559064,212.22202761336172
TS151,0.25,1.1693705988362009,89.97996158283875,211.9795053716611
TS151,0.25,1.1780972450961724,87.6959881580462,211.71684397686545
TS151,0.25,1.1868238913561442,85.42499407571998,211.4342797899795
TS151,0.25,1.1955505376161157,83.16710527488394,211.13199679457603
TS151,0.25,1.2042771838760873,80.92242896574065,210.81013478711185
TS151,0.25,1.213003830136059,78.69105877874519,210.46879718949097
TS151,0.25,1.2217304763960306,76.47307926073478,210.10805846503231
TS151,0.25,1.2304571226560024,74.26856975379218,209.72797112287566
TS151,0.25,1.239183768915974,72.07760769296716,209.32857229876572
TS151,0.25,1.2479104151759457,69.90027135902189,208.90988990235647
TS151,0.25,1.2566370614359172,67.73664212216879,208.47194832293064
TS151,0.25,1.265363707695889,65.58680621242328,208.014773686925
TS151,0.25,1.2740903539558606,63.45085605178923,207.53839866205504
TS151,0.25,1.2828170002158321,61.3288911830623,207.0428668042733
TS151,0.25,1.2915436464758039,59.22101882961147,206.52823644536147
TS151,0.25,1.3002702927357754,57.12735412007437,205.99458412071868
TS151,0.25,1.3089969389957472,55.04802001147352,205.44200753888748
TS151,0.25,1.3177235852557188,52.983146943810404,204.87062809657567
TS151,0.25,1.3264502315156905,50.93287225868824,204.2805929453636
TS151,0.25,1.335176877775662,48.89733941393548,203.67207661889847
TS151,0.25,1.3439035240356338,46.87669702551034,203.04528223212594
TS151,0.25,1.3526301702956054,44.871097767148164,202.40044226692672
TS151,0.25,1.361356816555577,42.880697157233286,201.73781896134673
TS151,0.25,1.3700834628155487,40.905652261234565,201.0577043223608
TS151,0.25,1.3788101090755203,38.94612033671637,200.36041978471707
TS151,0.25,1.387536755335492,37.00225744643151,199.6463155407994
TS151,0.25,1.3962634015954636,35.0742170633251,198.91576956856082
TS151,0.25,1.4049900478554354,33.162148689435426,198.16918638635897
TS151,0.25,1.413716694115407,31.266196508698844,197.4069955649248
TS151,0.25,1.4224433403753787,29.386498091565556,196.62965002768163
TS151,0.25,1.4311699866353502,27.523183167151977,195.83762417118785
TS151,0.25,1.4398966328953218,25.67637247641506,195.03141183759237
TS151,0.25,1.4486232791552935,23.8461767175801,194.2115241706744
TS151,0.25,1.457349925415265,22.03269559281127,193.37848738630944
TS151,0.25,1.4660765716752369,20.23601696292322,192.53284048708196
TS151,0.25,1.4748032179352084,18.456216114825306,191.6751329493054
TS151,0.25,1.4835298641951802,16.693355144388878,190.8059224089351
TS151,0.25,1.4922565104551517,14.947482455569242,189.92577237084208
TS151,0.25,1.5009831567151235,13.218632374905576,189.0352499636922
TS151,0.25,1.509709802975095,11.506824878991988,188.134923760307
TS151,0.25,1.5184364492350666,9.81206543116159,187.22536168092668
TS151,0.25,1.5271630954950384,8.134344922468651,186.30712899429372
TS151,0.25,1.53588974175501,6.473639711085699,185.3807864289901
TS151,0.25,1.5446163880149817,4.829911753454397,184.4468884050189
TS151,0.25,1.5533430342749532,3.2031088199359656,183.50598139327766
TS151,0.25,1.562069680534925,1.593164787283303,182.55860240834318
TS151,0.25,1.5707963267948966,1.1120116098376785e-14,181.6052776379123
TS151,0.25,1.5795229730548683,-1.5764783074631255,180.646521210337
TS151,0.25,1.5882496193148399,-3.136375535701048,179.68283409996596
TS151,0.25,1.5969762655748114,-4.67980920043017,178.71470316847441
TS151,0.25,1.6057029118347832,-6.206908375302912,177.74260033902445
TS151,0.25,1.6144295580947547,-7.717813104800345,176.76698189895743
TS151,0.25,1.6231562043547265,-9.212673794157139,175.788287925764
TS151,0.25,1.631882850614698,-10.69165058283485,174.8069418303069
TS151,0.25,1.6406094968746698,-12.154912707587055,173.82335001066915
TS151,0.25,1.6493361431346414,-13.602637860657762,172.83790160955917
TS151,0.25,1.6580627893946132,-15.035011548143794,171.85096836790424
TS151,0.25,1.6667894356545847,-16.452226453032754,170.8629045670982
TS151,0.25,1.6755160819145565,-17.854481806919093,169.8740470523147
TS151,0.25,1.684242728174528,-19.241982773899363,168.88471532934682
TS151,0.25,1.6929693744344996,-20.61493984966932,167.89521172756562
TS151,0.25,1.7016960206944713,-21.97356827838596,166.90582162179706
TS151,0.25,1.710422666954443,-23.318087489427565,165.91681370617903
TS151,0.25,1.7191493132144147,-24.64872055578338,164.92844031337248
TS151,0.25,1.7278759594743862,-25.965693675431822,163.94093777284593
TS151,0.25,1.736602605734358,-27.269235676729096,162.95452680232447
TS151,0.25,1.7453292519943295,-28.559577548519783,161.9694129268824
TS151,0.25,1.7540558982543013,-29.836951995407773,160.98578692055824
TS151,0.25,1.7627825445142729,-31.10159301837738,160.00382526576752
TS151,0.25,1.7715091907742444,-32.35373552074108,159.02369062618885
TS151,0.25,1.7802358370342162,-33.5936149392001,158.04553232918602
TS151,0.25,1.7889624832941877,-34.82146689964298,157.0694868542065
TS151,0.25,1.7976891295541595,-36.037526897170125,156.0956783239587
TS151,0.25,1.806415775814131,-37.24202999971629,155.12421899551873
TS151,0.25,1.8151424220741028,-38.43521057454994,154.15520974884015
TS151,0.25,1.8238690683340744,-39.61730203685167,153.1887405704528
TS151,0.25,1.8325957145940461,-40.7885366195163,152.22489103041846
TS151,0.25,1.8413223608540177,-41.94914516327854,151.26373075088208
TS151,0.25,1.8500490071139892,-43.09935692623301,150.30531986479977
TS151,0.25,1.858775653373961,-44.23939941179966,149.3497094636521
TS151,0.25,1.8675022996339325,-45.369498214178144,148.39694203315617
TS151,0.25,1.8762289458939043,-46.48987688033516,147.44705187617666
TS151,0.25,1.8849555921538759,-47.6007567875757,146.50006552220498
TS151,0.25,1.8936822384138476,-48.702357035765225,145.55600212292705
TS151,0.25,1.9024088846738192,-49.79489435328738,144.61487383353565
TS151,0.25,1.911135530933791,-50.87858301584758,143.67668617956198
TS151,0.25,1.9198621771937625,-51.95363477725855,142.74143840911026
TS151,0.25,1.928588823453734,-53.020258811375214,141.80912383046729
TS151,0.25,1.9373154697137058,-54.07866166437742,140.87973013514554
TS151,0.25,1.9460421159736774,-55.129047216632834,139.95323970648323
TS151,0.25,1.9547687622336491,-56.1716166534071,139.02962991398778
TS151,0.25,1.9634954084936207,-57.2065684437223,138.1088733936591
TS151,0.25,1.9722220547535925,-58.23409832670076,137.19093831457099
TS151,0.25,1.980948701013564,-59.25439930476505,136.27578863202518
TS151,0.25,1.9896753472735358,-60.26766164310059,135.3633843276205
TS151,0.25,1.9984019935335073,-61.27407287481889,134.45368163660206
TS151,0.25,2.007128639793479,-62.27381781129467,133.5466332628729
TS151,0.25,2.0158552860534504,-63.26707855717963,132.64218858206374
TS151,0.25,2.0245819323134224,-64.2540345296274,131.74029383306376
TS151,0.25,2.033308578573394,-65.23486248129305,130.8408922984219
TS151,0.25,2.0420352248333655,-66.2097365266993,129.94392447402817
TS151,0.25,2.050761871093337,-67.17882817158745,129.0493282284866
TS151,0.25,2.059488517353309,-68.14230634489682,128.15703895258468
TS151,0.25,2.0682151636132806,-69.1003374330408,127.2669896992625
TS151,0.25,2.076941809873252,-70.05308531617045,126.37911131447487
TS151,0.25,2.0856684561332237,-71.0007114061371,125.49333255933573
TS151,0.25,2.0943951023931953,-71.94337468588668,124.6095802239204
TS151,0.25,2.1031217486531673,-72.88123175003636,123.72777923309428
TS151,0.25,2.111848394913139,-73.81443684640232,122.84785274472544
TS151,0.25,2.1205750411731104,-74.74314191826339,121.9697222406247
TS151,0.25,2.129301687433082,-75.66749664716066,121.09330761054918
TS151,0.25,2.138028333693054,-76.58764849604731,120.21852722958945
TS151,0.25,2.1467549799530254,-77.5037427526153,119.3452980292507
TS151,0.25,2.155481626212997,-78.41592257263925,118.4735355625245
TS151,0.25,2.1642082724729685,-79.32432902318543,117.6031540632371
TS151,0.25,2.17293491873294,-80.22910112554796,116.73406649994695
TS151,0.25,2.181661564992912,-81.13037589777989,115.86618462465279
TS151,0.25,2.1903882112528836,-82.02828839669671,114.99941901656197
TS151,0.25,2.199114857512855,-82.92297175923765,114.13367912115643
TS151,0.25,2.2078415037728267,-83.81455724307489,113.26887328478482
TS151,0.25,2.2165681500327987,-84.70317426636831,112.4049087849952
TS151,0.25,2.2252947962927703,-85.58895044656829,111.54169185681643
TS151,0.25,2.234021442552742,-86.47201163817253,110.67912771518145
TS151,0.25,2.2427480888127134,-87.35248196934752,109.81712057368121
TS151,0.25,2.251474735072685,-88.23048387732852,108.95557365982474
TS151,0.25,2.260201381332657,-89.10613814251361,108.09438922697423
TS151,0.25,2.2689280275926285,-89.97956392116986,107.23346856311453
TS151,0.25,2.2776546738526,-90.8508787766722,106.37271199660957
TS151,0.25,2.2863813201125716,-91.72019870919367,105.51201889908965
TS151,0.25,2.2951079663725436,-92.58763818376909,104.65128768560724
TS151,0.25,2.303834612632515,-93.45331015665207,103.7904158121919
TS151,0.25,2.3125612588924866,-94.31732609988634,102.92929977092864
TS151,0.25,2.321287905152458,-95.17979602400902,102.067835082679
TS151,0.25,2.3300145514124297,-96.04082849880469,101.20591628755784
TS151,0.25,2.3387411976724017,-96.90053067202506,100.34343693327479
TS151,0.25,2.3474678439323733,-97.75900828598755,99.48028956144418
TS151,0.25,2.356194490192345,-98.61636569196358,98.61636569196361
TS151,0.25,2.3649211364523164,-99.47270586226347,97.7515558055584
TS151,0.25,2.3736477827122884,-100.32813039992146,96.88574932458447
TS151,0.25,2.38237442897226,-101.18273954588093,96.01883459218142
TS151,0.25,2.3911010752322315,-102.03663218357514,95.15069884986347
TS151,0.25,2.399827721492203,-102.88990584079335,94.28122821363634
TS151,0.25,2.4085543677521746,-103.74265668871855,93.41030764872457
TS151,0.25,2.4172810140121466,-104.5949795380163,92.53782094299498
TS151,0.25,2.426007660272118,-105.44696783184884,91.66365067916045
TS151,0.25,2.4347343065320897,-106.29871363568229,90.7876782058483
TS151,0.25,2.443460952792061,-107.15030762374856,89.90978360761954
TS151,0.25,2.452187599052033,-108.00183906201599,89.02984567402508
TS151,0.25,2.4609142453120048,-108.85339578751602,88.14774186778712
TS151,0.25,2.4696408915719763,-109.70506418386616,87.26334829219655
TS151,0.25,2.478367537831948,-110.55692915282062,86.37653965782025
TS151,0.25,2.4870941840919194,-111.40907408167243,85.4871892486146
TS151,0.25,2.4958208303518914,-112.2615808063232,84.59516888754692
TS151,0.25,2.504547476611863,-113.11452956982662,83.70034890183055
TS151,0.25,2.5132741228718345,-113.96799897620474,82.80259808788419
TS151,0.25,2.522000769131806,-114.82206593932604,81.90178367613414
TS151,0.25,2.530727415391778,-115.6768056266252,80.9977712957823
TS151,0.25,2.5394540616517496,-116.53229139743642,80.09042493967263
TS151,0.25,2.548180707911721,-117.38859473570243,79.17960692939536
TS151,0.25,2.5569073541716927,-118.24578517681142,78.26517788077904
TS151,0.25,2.5656340004316642,-119.103930228307,77.34699666992911
TS151,0.25,2.5743606466916362,-119.96309528420633,76.42492039998348
TS151,0.25,2.5830872929516078,-120.8233435326533,75.4988043687671
TS151,0.25,2.5918139392115793,-121.68473585662615,74.56850203753996
TS151,0.25,2.600540585471551,-122.547330727411,73.63386500104738
TS151,0.25,2.609267231731523,-123.41118409054667,72.69474295909568
TS151,0.25,2.6179938779914944,-124.27634924393891,71.75098368989205
TS151,0.25,2.626720524251466,-125.14287670783958,70.80243302540399
TS151,0.25,2.6354471705114375,-126.01081408638044,69.84893482901278
TS151,0.25,2.644173816771409,-126.8802059203497,68.89033097575245
TS151,0.25,2.652900463031381,-127.75109353090048,67.92646133544748
TS151,0.25,2.6616271092913526,-128.62351485387867,66.95716375908235
TS151,0.25,2.670353755551324,-129.49750426446545,65.98227406875849
TS151,0.25,2.6790804018112957,-130.3730923918317,65.00162605161808
TS151,0.25,2.6878070480712677,-131.2503059235146,64.01505145813697
TS151,0.25,2.6965336943312392,-132.12916739923665,63.02238000521527
TS151,0.25,2.705260340591211,-133.0096949939061,62.023439384519
TS151,0.25,2.7139869868511823,-133.89190228955604,61.0180552765541
TS151,0.25,2.722713633111154,-134.77579803600668,60.00605137098009
TS151,0.25,2.731440279371126,-135.6613859000662,58.98724939369948
TS151,0.25,2.7401669256310974,-136.5486642031199,57.96146914128635
TS151,0.25,2.748893571891069,-137.4376256470049,56.92852852334577
TS151,0.25,2.7576202181510405,-138.32825702811266,55.888243613423896
TS151,0.25,2.7663468644110125,-139.2205389397253,54.84042870911577
TS151,0.25,2.775073510670984,-140.11444546265352,53.78489640204388
TS151,0.25,2.7838001569309556,-141.00994384432516,52.72145765840583
TS151,0.25,2.792526803190927,-141.90699416655488,51.64992191081361
TS151,0.25,2.8012534494508987,-142.80554900232664,50.570097162166604
TS151,0.25,2.8099800957108707,-143.7055530620275,49.48179010231925
TS151,0.25,2.8187067419708423,-144.60694282969257,48.38480623831901
TS151,0.25,2.827433388230814,-145.50964618995798,47.27895003899883
TS151,0.25,2.8361600344907854,-146.41358204656294,46.16402509471502
TS151,0.25,2.8448866807507573,-147.31865993341012,45.039834293018096
TS151,0.25,2.853613327010729,-148.22477961936679,43.90618001103675
TS151,0.25,2.8623399732707004,-149.13183070818727,42.762864325336395
TS151,0.25,2.871066619530672,-150.03969223514366,41.60968923998973
TS151,0.25,2.8797932657906435,-150.94823226217798,40.44645693355618
TS151,0.25,2.8885199120506155,-151.85730747363098,39.27297002562012
TS151,0.25,2.897246558310587,-152.76676277485817,38.08903186347335
TS151,0.25,2.9059732045705586,-153.67643089631505,36.89444682944854
TS151,0.25,2.91469985083053,-154.58613200597827,35.689020669317756
TS151,0.25,2.923426497090502,-155.49567333326533,34.472560842055024
TS151,0.25,2.9321531433504737,-156.4048488079225,33.24487689113166
TS151,0.25,2.9408797896104453,-157.31343871766435,32.00578083735804
TS151,0.25,2.949606435870417,-158.22120938866522,30.755087593112453
TS151,0.25,2.9583330821303884,-159.12791289332233,29.4926153975968
TS151,0.25,2.9670597283903604,-160.03328679002425,28.218186272536833
TS151,0.25,2.975786374650332,-160.9370538999612,26.931626497496556
TS151,0.25,2.9845130209103035,-161.83892212630658,25.6327671037013
TS151,0.25,2.993239667170275,-162.73858432136043,24.321444384966817
TS151,0.25,3.001966313430247,-163.63571820748763,22.997500424005604
TS151,0.25,3.0106929596902186,-164.52998635787725,21.660783632034704
TS151,0.25,3.01941960595019,-165.4210362433039,20.311149299237545
TS151,0.25,3.0281462522101616,-166.3085003511617,18.94846015324406
TS151,0.25,3.036872898470133,-167.19199638306998,17.57258692238436
TS151,0.25,3.045599544730105,-168.07112753729513,16.183408900053255
TS151,0.25,3.0543261909900767,-168.94548288209293,14.780814506096187
TS151,0.25,3.0630528372500483,-169.8146378258333,13.364701840697515
TS151,0.25,3.07177948351002,-170.67815468941802,11.934979225832352
TS151,0.25,3.080506129769992,-171.53558338603185,10.49156572893157
TS151,0.25,3.0892327760299634,-172.38646221266688,9.034391663025765
TS151,0.25,3.097959422289935,-173.23031875712852,7.563399057278346
TS151,0.25,3.1066860685499065,-174.0666709233542,6.078542091510388
TS151,0.25,3.115412714809878,-174.89502807686267,4.57978748806152
TS151,0.25,3.12413936106985,-175.71489231099184,3.0671148541431106
TS151,0.25,3.1328660073298216,-176.52575983328717,1.5405169677283395
TS151,0.25,3.141592653589793,-177.32712246997485,2.171630929348654e-14
TS151,0.25,3.1503192998497647,-178.11846928490917,-1.5544163325416929
TS151,0.25,3.1590459461097367,-178.89928830773135,-3.12269869302339
TS151,0.25,3.167772592369708,-179.66906836424695,-4.704800132595059
TS151,0.25,3.1764992386296798,-180.42730100023888,-6.300660188247513
TS151,0.25,3.1852258848896513,-181.1734824881119,-7.910205075449732
TS151,0.25,3.193952531149623,-181.90711590395313,-9.533347980308921
TS151,0.25,3.202679177409595,-182.62771326081815,-11.169989455123
TS151,0.25,3.2114058236695664,-183.33479768236032,-12.820017920235934
TS151,0.25,3.220132469929538,-184.0279055993498,-14.483310274028563
TS151,0.25,3.2288591161895095,-184.7065889502212,-16.159732611687016
TS151,0.25,3.2375857624494815,-185.37041736558405,-17.849141052112593
TS151,0.25,3.246312408709453,-186.01898031567126,-19.551382670979557
TS151,0.25,3.2550390549694246,-186.6518891990191,-21.266296536541564
TS151,0.25,3.263765701229396,-187.2687793502993,-22.99371484334939
TS151,0.25,3.2724923474893677,-187.86931194518718,-24.73346413760942
TS151,0.25,3.2812189937493397,-188.4531757804635,-26.48536662650286
TS151,0.25,3.2899456400093112,-189.02008890821747,-28.24924156243426
TS151,0.25,3.2986722862692828,-189.56980010405303,-30.024906691914634
TS151,0.25,3.3073989325292543,-190.10209015057342,-31.81217975762814
TS151,0.25,3.3161255787892263,-190.61677291912684,-33.61088004122075
TS151,0.25,3.324852225049198,-191.11369623479249,-35.42082993349182
TS151,0.25,3.3335788713091694,-191.59274251184146,-37.241856517995025
TS151,0.25,3.342305517569141,-192.05382914936902,-39.07379315356539
TS151,0.25,3.351032163829113,-192.49690867940834,-40.91648104100331
TS151,0.25,3.3597588100890845,-192.92196866254392,-42.76977075905451
TS151,0.25,3.368485456349056,-193.32903132877883,-44.63352375493248
TS151,0.25,3.3772121026090276,-193.71815296411228,-46.50761377491615
TS151,0.25,3.385938748868999,-194.0894230458877,-48.39192822101635
TS151,0.25,3.394665395128971,-194.44296313241747,-50.28636942030727
TS151,0.25,3.4033920413889427,-194.77892551461704,-52.19085579424345
TS151,0.25,3.4121186876489142,-195.09749163934976,-54.105322916100796
TS151,0.25,3.420845333908886,-195.3988703158367,-56.02972444554984
TS151,0.25,3.429571980168858,-195.68329571780487,-57.964032930269276
TS151,0.25,3.4382986264288293,-195.95102519499673,-59.90824046538948
TS151,0.25,3.447025272688801,-196.20233690823304,-61.86235920239215
TS151,0.25,3.4557519189487724,-196.43752730241005,-63.82642169984228
TS151,0.25,3.464478565208744,-196.65690843161272,-65.80048110896534
TS151,0.25,3.473205211468716,-196.8608051499631,-67.78461118756866
TS151,0.25,3.4819318577286875,-197.04955218091152,-69.77890613611768
TS151,0.25,3.490658503988659,-197.22349107644288,-71.78348024989117
TS151,0.25,3.4993851502486306,-197.38296707615012,-73.7984673810261
TS151,0.25,3.5081117965086026,-197.5283258743549,-75.82402020392043
TS151,0.25,3.516838442768574,-197.65991030147217,-77.86030927685978
TS151,0.25,3.5255650890285457,-197.77805692366744,-79.90752189188015
TS151,0.25,3.5342917352885173,-197.88309256258682,-81.96586070375396
TS151,0.25,3.543018381548489,-197.9753307345992,-84.03554212760466
TS151,0.25,3.551745027808461,-198.0550680066233,-86.11679449300911
TS151,0.25,3.5604716740684323,-198.12258026327575,-88.2098559405532
TS151,0.25,3.569198320328404,-198.17811887782008,-90.31497204468036
TS151,0.25,3.5779249665883754,-198.22190677727323,-92.43239314432869
TS151,0.25,3.5866516128483474,-198.25413439010893,-94.5623713603349
TS151,0.25,3.595378259108319,-198.27495546333625,-96.70515727591389
TS151,0.25,3.6041049053682905,-198.28448273442055,-98.86099625377025
TS151,0.25,3.612831551628262,-198.28278344262358,-101.03012436060922
TS151,0.25,3.6215581978882336,-198.2698746639814,-103.21276386709314
TS151,0.25,3.6302848441482056,-198.2457184544191,-105.40911828872073
TS151,0.25,3.639011490408177,-198.21021678656618,-107.61936693083628
TS151,0.25,3.6477381366681487,-198.1632062678323,-109.8436588991615
TS151,0.25,3.6564647829281203,-198.10445263042124,-112.08210653608086
TS151,0.25,3.6651914291880923,-198.0336449884128,-114.33477824266294
TS151,0.25,3.673918075448064,-197.9503898630607,-116.6016906473411
TS151,0.25,3.6826447217080354,-197.8542049853175,-118.88280008468368
TS151,0.25,3.691371367968007,-197.74451289459896,-121.17799335215713
TS151,0.25,3.7000980142279785,-197.6206343652551,-123.48707771972708
TS151,0.25,3.7088246604879505,-197.4817817074647,-125.80977017710299
TS151,0.25,3.717551306747922,-197.32705200762766,-128.14568591703346
TS151,0.25,3.7262779530078936,-197.15542039511894,-130.49432607099578
TS151,0.25,3.735004599267865,-196.96573344771724,-132.85506473660047
TS151,0.25,3.743731245527837,-196.75670287729395,-135.2271353647994
TS151,0.25,3.7524578917878086,-196.52689967043432,-137.60961661022145
TS151,0.25,3.76118453804778,-196.27474889534,-140.00141779027143
TS151,0.25,3.7699111843077517,-195.99852542609682,-142.40126414839935
TS151,0.25,3.7786378305677233,-195.6963508772642,-144.80768217429244
TS151,0.25,3.7873644768276953,-195.3661920843133,-147.21898529829477
TS151,0.25,3.796091123087667,-195.0058615066775,-149.63326034816114
TS151,0.25,3.8048177693476384,-194.61301996733002,-152.0483552315397
TS151,0.25,3.81354441560761,-194.1851821723616,-154.46186838458166
TS151,0.25,3.822271061867582,-193.7197254716811,-156.87114060188753
TS151,0.25,3.8309977081275535,-193.21390232266248,-159.27324993035825
TS151,0.25,3.839724354387525,-192.66485689671637,-161.6650103628581
TS151,0.25,3.8484510006474966,-192.06964621851637,-164.04297509903594
TS151,0.25,3.857177646907468,-191.42526614333917,-166.4034451413462
TS151,0.25,3.86590429316744,-190.7286823549806,-168.7424839549168
TS151,0.25,3.8746309394274117,-189.97686640199774,-171.0559388313892
TS151,0.25,3.883357585687383,-189.16683658334296,-173.3394694515767
TS151,0.25,3.8920842319473548,-188.29570324921386,-175.58858393479218
TS151,0.25,3.9008108782073267,-187.3607178071464,-177.7986823932476
TS151,0.25,3.9095375244672983,-186.35932443016466,-179.96510768283974
TS151,0.25,3.91826417072727,-185.28921317152694,-182.08320266851916
TS151,0.25,3.9269908169872414,-184.14837292217805,-184.148372922178
TS151,0.25,3.935717463247213,-182.93514242839754,-186.15615336954593
TS151,0.25,3.944444109507185,-181.6482574449705,-188.1022770315005
TS151,0.25,3.9531707557671565,-180.28689205775993,-189.98274369914157
TS151,0.25,3.961897402027128,-178.85069228721025,-191.79388617505708
TS151,0.25,3.9706240482870996,-177.3398002902665,-193.5324316346946
TS151,0.25,3.9793506945470716,-175.7548678098714,-195.19555573179366
TS151,0.25,3.988077340807043,-174.09705796297982,-196.78092729765285
TS151,0.25,3.9968039870670147,-172.3680349817484,-198.2867418577692
TS151,0.25,4.005530633326987,-170.56994208991384,-199.7117426878167
TS151,0.25,4.014257279586958,-168.70536826296825,-201.05522871732154
TS151,0.25,4.02298392584693,-166.77730514128902,-202.31704921759064
TS151,0.25,4.031710572106901,-164.78909579907886,-203.49758583026446
TS151,0.25,4.040437218366873,-162.74437738732183,-204.59772305615328
TS151,0.25,4.049163864626845,-160.6470198471477,-205.61880879011224
TS151,0.25,4.057890510886816,-158.501062926274,-206.5626068278207
TS151,0.25,4.066617157146788,-156.31065363444972,-207.43124346969805
TS151,0.25,4.075343803406759,-154.07998606411172,-208.22715040541783
TS151,0.25,4.084070449666731,-151.8132452076347,-208.95300599184537
TS151,0.25,4.092797095926703,-149.51455605418863,-209.61167685955635
TS151,0.25,4.101523742186674,-147.1879388787222,-210.20616152612715
TS151,0.25,4.110250388446646,-144.83727127116575,-210.73953738782626
TS151,0.25,4.118977034706618,-142.4662571182578,-211.2149121336295
TS151,0.25,4.127703680966589,-140.0784024595856,-211.6353803012939
TS151,0.25,4.136430327226561,-137.67699790294495,-212.0039853939188
TS151,0.25,4.145156973486532,-135.2651071053674,-212.32368771054757
TS151,0.25,4.153883619746504,-132.8455607035798,-212.5973378237576
TS151,0.25,4.162610266006476,-130.42095500616043,-212.827655463751
TS151,0.25,4.171336912266447,-127.99365473179431,-213.01721344118144
TS151,0.25,4.180063558526419,-125.5657990853916,-213.16842615597892
TS151,0.25,4.1887902047863905,-123.1393104977893,-213.28354219117045
TS151,0.25,4.1975168510463625,-120.71590540727965,-213.36464047270954
TS151,0.25,4.2062434973063345,-118.29710652527645,-213.4136294820296
TS151,0.25,4.214970143566306,-115.88425609816018,-213.4322490312365
TS151,0.25,4.223696789826278,-113.47852974820108,-213.42207414603283
TS151,0.25,4.232423436086249,-111.08095054502037,-213.38452064395187
TS151,0.25,4.241150082346221,-108.6924030229969,-213.3208520415334
TS151,0.25,4.249876728606193,-106.31364691792604,-213.2321874707676
TS151,0.25,4.258603374866164,-103.94533044732592,-213.1195103303815
TS151,0.25,4.267330021126136,-101.58800300289332,-212.98367743986623
TS151,0.25,4.276056667386108,-99.24212716090695,-212.82542850265474
TS151,0.25,4.284783313646079,-96.90808994729862,-212.64539571907457
TS151,0.25,4.293509959906051,-94.58621331929074,-212.44411341947583
TS151,0.25,4.302236606166022,-92.27676384559074,-212.22202761336172
TS151,0.25,4.310963252425994,-89.97996158283881,-211.97950537166113
TS151,0.25,4.319689898685966,-87.69598815804613,-211.71684397686548
TS151,0.25,4.328416544945937,-85.4249940757201,-211.43427978997957
TS151,0.25,4.337143191205909,-83.16710527488391,-211.13199679457603
TS151,0.25,4.34586983746588,-80.92242896574072,-210.81013478711182
TS151,0.25,4.354596483725852,-78.69105877874523,-210.46879718949097
TS151,0.25,4.363323129985824,-76.4730792607347,-210.10805846503231
TS151,0.25,4.372049776245795,-74.26856975379225,-209.72797112287563
TS151,0.25,4.380776422505767,-72.07760769296713,-209.32857229876572
TS151,0.25,4.389503068765738,-69.90027135902203,-208.9098899023565
TS151,0.25,4.39822971502571,-67.7366421221688,-208.47194832293061
TS151,0.25,4.406956361285682,-65.58680621242326,-208.014773686925
TS151,0.25,4.4156830075456535,-63.450856051789316,-207.53839866205507
TS151,0.25,4.4244096538056255,-61.32889118306226,-207.04286680427327
TS151,0.25,4.4331363000655974,-59.22101882961139,-206.52823644536144
TS151,0.25,4.4418629463255686,-57.12735412007439,-205.99458412071868
TS151,0.25,4.4505895925855405,-55.04802001147349,-205.44200753888748
TS151,0.25,4.459316238845512,-52.98314694381049,-204.87062809657573
TS151,0.25,4.468042885105484,-50.93287225868827,-204.2805929453636
TS151,0.25,4.476769531365456,-48.8973394139354,-203.67207661889844
TS151,0.25,4.485496177625427,-46.876697025510424,-203.04528223212597
TS151,0.25,4.494222823885399,-44.871097767148136,-202.40044226692672
TS151,0.25,4.50294947014537,-42.88069715723335,-201.73781896134673
TS151,0.25,4.511676116405342,-40.905652261234586,-201.0577043223608
TS151,0.25,4.520402762665314,-38.94612033671631,-200.36041978471707
TS151,0.25,4.529129408925285,-37.002257446431585,-199.64631554079943
TS151,0.25,4.537856055185257,-35.07421706332508,-198.9157695685608
TS151,0.25,4.546582701445229,-33.16214868943536,-198.16918638635894
TS151,0.25,4.5553093477052,-31.266196508698872,-197.4069955649248
TS151,0.25,4.564035993965172,-29.38649809156554,-196.62965002768163
TS151,0.25,4.572762640225143,-27.52318316715206,-195.8376241711879
TS151,0.25,4.581489286485115,-25.67637247641504,-195.03141183759234
TS151,0.25,4.590215932745087,-23.846176717580036,-194.2115241706744
TS151,0.25,4.598942579005058,-22.03269559281129,-193.37848738630944
TS151,0.25,4.60766922526503,-20.2360169629232,-192.53284048708196
TS151,0.25,4.616395871525001,-18.456216114825377,-191.67513294930544
TS151,0.25,4.625122517784973,-16.693355144388903,-190.80592240893512
TS151,0.25,4.633849164044945,-14.947482455569181,-189.92577237084208
TS151,0.25,4.642575810304916,-13.218632374905642,-189.0352499636922
TS151,0.25,4.651302456564888,-11.506824878991969,-188.13492376030703
TS151,0.25,4.6600291028248595,-9.812065431161656,-187.2253616809267
TS151,0.25,4.6687557490848315,-8.134344922468676,-186.30712899429375
TS151,0.25,4.6774823953448035,-6.473639711085638,-185.38078642899004
TS151,0.25,4.686209041604775,-4.829911753454461,-184.44688840501894
TS151,0.25,4.694935687864747,-3.2031088199359474,-183.5059813932777
TS151,0.25,4.703662334124719,-1.5931647872832442,-182.55860240834315
TS151,0.25,4.71238898038469,-3.336034829513036e-14,-181.60527763791234
TS151,0.25,4.721115626644662,1.5764783074631432,-180.64652121033697
TS151,0.25,4.729842272904633,3.1363755357009873,-179.68283409996604
TS151,0.25,4.738568919164605,4.679809200430186,-178.7147031684744
TS151,0.25,4.747295565424577,6.206908375302969,-177.74260033902442
TS151,0.25,4.756022211684548,7.7178131048003245,-176.76698189895745
TS151,0.25,4.76474885794452,9.212673794157155,-175.78828792576397
TS151,0.25,4.773475504204491,10.691650582834791,-174.80694183030693
TS151,0.25,4.782202150464463,12.154912707587036,-173.82335001066915
TS151,0.25,4.790928796724435,13.602637860657817,-172.83790160955914
TS151,0.25,4.799655442984406,15.035011548143743,-171.85096836790433
TS151,0.25,4.808382089244378,16.45222645303277,-170.8629045670982
TS151,0.25,4.817108735504349,17.854481806918997,-169.87404705231475
TS151,0.25,4.825835381764321,19.241982773899334,-168.8847153293468
TS151,0.25,4.834562028024293,20.614939849669376,-167.89521172756562
TS151,0.25,4.843288674284264,21.973568278385915,-166.90582162179714
TS151,0.25,4.852015320544236,23.318087489427587,-165.91681370617903
TS151,0.25,4.860741966804208,24.64872055578342,-164.92844031337242
TS151,0.25,4.869468613064179,25.965693675431808,-163.94093777284598
TS151,0.25,4.878195259324151,27.26923567672911,-162.95452680232447
TS151,0.25,4.886921905584122,28.559577548519744,-161.9694129268825
TS151,0.25,4.895648551844094,29.836951995407762,-160.98578692055827
TS151,0.25,4.904375198104066,31.10159301837743,-160.0038252657675
TS151,0.25,4.9131018443640375,32.35373552074106,-159.02369062618882
TS151,0.25,4.9218284906240095,33.593614939200116,-158.045532329186
TS151,0.25,4.930555136883981,34.82146689964293,-157.06948685420653
TS151,0.25,4.939281783143953,36.0375268971701,-156.0956783239587
TS151,0.25,4.948008429403925,37.242029999716316,-155.12421899551862
TS151,0.25,4.956735075663896,38.43521057454989,-154.15520974884018
TS151,0.25,4.965461721923868,39.617302036851676,-153.1887405704528
TS151,0.25,4.974188368183839,40.788536619516215,-152.22489103041852
TS151,0.25,4.982915014443811,41.94914516327852,-151.2637307508821
TS151,0.25,4.991641660703783,43.09935692623304,-150.30531986479969
TS151,0.25,5.000368306963754,44.23939941179961,-149.3497094636521
TS151,0.25,5.009094953223726,45.36949821417815,-148.39694203315617
TS151,0.25,5.017821599483698,46.4898768803352,-147.44705187617663
TS151,0.25,5.026548245743669,47.60075678757568,-146.500065522205
TS151,0.25,5.035274892003641,48.70235703576524,-145.55600212292705
TS151,0.25,5.044001538263612,49.79489435328735,-144.6148738335357
TS151,0.25,5.052728184523584,50.87858301584757,-143.676686179562
TS151,0.25,5.061454830783556,51.95363477725858,-142.7414384091102
TS151,0.25,5.070181477043527,53.0202588113752,-141.80912383046729
TS151,0.25,5.078908123303499,54.07866166437742,-140.87973013514548
TS151,0.25,5.08763476956347,55.12904721663279,-139.95323970648326
TS151,0.25,5.096361415823442,56.171616653407085,-139.02962991398778
TS151,0.25,5.105088062083414,57.20656844372233,-138.10887339365908
TS151,0.25,5.113814708343385,58.234098326700696,-137.190938314571
TS151,0.25,5.122541354603357,59.25439930476506,-136.27578863202515
TS151,0.25,5.1312680008633285,60.26766164310053,-135.36338432762057
TS151,0.25,5.1399946471233005,61.27407287481886,-134.45368163660206
TS151,0.25,5.1487212933832724,62.2738178112947,-133.54663326287283
TS151,0.25,5.1574479396432436,63.26707855717963,-132.64218858206377
TS151,0.25,5.1661745859032155,64.2540345296274,-131.74029383306382
TS151,0.25,5.1749012321631875,65.23486248129306,-130.84089229842186
TS151,0.25,5.183627878423159,66.20973652669927,-129.94392447402817
TS151,0.25,5.192354524683131,67.17882817158748,-129.04932822848653
TS151,0.25,5.201081170943102,68.14230634489677,-128.15703895258474
TS151,0.25,5.209807817203074,69.10033743304079,-127.2669896992625
TS151,0.25,5.218534463463046,70.0530853161705,-126.37911131447483
TS151,0.25,5.227261109723017,71.00071140613707,-125.49333255933574
TS151,0.25,5.235987755982989,71.9433746858867,-124.60958022392035
TS151,0.25,5.24471440224296,72.8812317500363,-123.72777923309437
TS151,0.25,5.253441048502932,73.81443684640232,-122.84785274472547
TS151,0.25,5.262167694762904,74.74314191826343,-121.96972224062468
TS151,0.25,5.270894341022875,75.66749664716065,-121.09330761054918
TS151,0.25,5.279620987282847,76.58764849604727,-120.21852722958944
TS151,0.25,5.288347633542818,77.50374275261527,-119.34529802925078
TS151,0.25,5.29707427980279,78.41592257263925,-118.47353556252453
TS151,0.25,5.305800926062762,79.32432902318546,-117.60315406323706
TS151,0.25,5.314527572322733,80.22910112554796,-116.73406649994698
TS151,0.25,5.323254218582705,81.13037589777986,-115.86618462465282
TS151,0.25,5.331980864842677,82.02828839669675,-114.99941901656194
TS151,0.25,5.340707511102648,82.92297175923764,-114.13367912115645
TS151,0.25,5.34943415736262,83.8145572430749,-113.26887328478477
TS151,0.25,5.358160803622591,84.70317426636825,-112.40490878499524
TS151,0.25,5.366887449882563,85.58895044656829,-111.54169185681646
TS151,0.25,5.375614096142535,86.47201163817256,-110.67912771518142
TS151,0.25,5.3843407424025065,87.35248196934751,-109.81712057368121
TS151,0.25,5.3930673886624785,88.2304838773286,-108.95557365982475
TS151,0.25,5.40179403492245,89.10613814251354,-108.09438922697427
TS151,0.25,5.410520681182422,89.97956392116984,-107.23346856311454
TS151,0.25,5.419247327442394,90.85087877667226,-106.37271199660955
TS151,0.25,5.427973973702365,91.72019870919365,-105.51201889908968
TS151,0.25,5.436700619962337,92.58763818376906,-104.65128768560724
TS151,0.25,5.445427266222308,93.45331015665201,-103.79041581219195
TS151,0.25,5.45415391248228,94.31732609988633,-102.92929977092865
TS151,0.25,5.462880558742252,95.17979602400905,-102.06783508267897
TS151,0.25,5.471607205002223,96.04082849880467,-101.20591628755786
TS151,0.25,5.480333851262195,96.90053067202504,-100.34343693327479
TS151,0.25,5.489060497522167,97.75900828598758,-99.48028956144415
TS151,0.25,5.497787143782138,98.61636569196357,-98.61636569196362
TS151,0.25,5.50651379004211,99.4727058622635,-97.75155580555837
TS151,0.25,5.515240436302081,100.32813039992139,-96.88574932458454
TS151,0.25,5.523967082562053,101.18273954588092,-96.01883459218143
TS151,0.25,5.532693728822025,102.03663218357516,-95.15069884986345
TS151,0.25,5.541420375081996,102.88990584079333,-94.28122821363635
TS151,0.25,5.550147021341968,103.74265668871858,-93.41030764872455
TS151,0.25,5.558873667601939,104.59497953801626,-92.53782094299504
TS151,0.25,5.567600313861911,105.44696783184882,-91.66365067916047
TS151,0.25,5.576326960121883,106.29871363568233,-90.78767820584827
TS151,0.25,5.585053606381854,107.15030762374855,-89.90978360761956
TS151,0.25,5.593780252641826,108.00183906201599,-89.0298456740251
TS151,0.25,5.602506898901797,108.85339578751598,-88.14774186778718
TS151,0.25,5.611233545161769,109.70506418386614,-87.26334829219655
TS151,0.25,5.619960191421741,110.55692915282063,-86.37653965782022
TS151,0.25,5.6286868376817125,111.4090740816724,-85.48718924861461
TS151,0.25,5.6374134839416845,112.26158080632318,-84.59516888754693
TS151,0.25,5.6461401302016565,113.11452956982664,-83.70034890183052
TS151,0.25,5.654866776461628,113.96799897620471,-82.80259808788419
TS151,0.25,5.6635934227216,114.82206593932608,-81.90178367613412
TS151,0.25,5.672320068981571,115.67680562662513,-80.99777129578236
TS151,0.25,5.681046715241543,116.53229139743641,-80.09042493967264
TS151,0.25,5.689773361501515,117.38859473570247,-79.1796069293953
TS151,0.25,5.698500007761486,118.24578517681141,-78.26517788077905
TS151,0.25,5.707226654021458,119.10393022830701,-77.34699666992906
TS151,0.25,5.715953300281429,119.96309528420628,-76.42492039998352
TS151,0.25,5.724679946541401,120.82334353265328,-75.49880436876711
TS151,0.25,5.733406592801373,121.68473585662616,-74.56850203753993
TS151,0.25,5.742133239061344,122.54733072741098,-73.6338650010474
TS151,0.25,5.750859885321316,123.41118409054666,-72.69474295909569
TS151,0.25,5.759586531581287,124.27634924393885,-71.75098368989212
TS151,0.25,5.768313177841259,125.14287670783956,-70.802433025404
TS151,0.25,5.777039824101231,126.01081408638045,-69.84893482901273
TS151,0.25,5.785766470361202,126.88020592034971,-68.89033097575248
TS151,0.25,5.794493116621174,127.75109353090045,-67.9264613354475
TS151,0.25,5.803219762881146,128.62351485387867,-66.9571637590823
TS151,0.25,5.811946409141117,129.49750426446545,-65.9822740687585
TS151,0.25,5.820673055401089,130.37309239183173,-65.00162605161805
TS151,0.25,5.82939970166106,131.25030592351456,-64.01505145813704
TS151,0.25,5.838126347921032,132.12916739923665,-63.02238000521528
TS151,0.25,5.846852994181004,133.00969499390615,-62.02343938451897
TS151,0.25,5.8555796404409755,133.89190228955604,-61.018055276554115
TS151,0.25,5.8643062867009474,134.77579803600673,-60.00605137098005
TS151,0.25,5.8730329329609186,135.66138590006614,-58.98724939369955
TS151,0.25,5.8817595792208905,136.5486642031199,-57.96146914128638
TS151,0.25,5.8904862254808625,137.43762564700495,-56.92852852334573
TS151,0.25,5.899212871740834,138.32825702811266,-55.88824361342392
TS151,0.25,5.907939518000806,139.2205389397253,-54.840428709115784
TS151,0.25,5.916666164260777,140.11444546265346,-53.78489640204395
TS151,0.25,5.925392810520749,141.00994384432514,-52.72145765840584
TS151,0.25,5.934119456780721,141.90699416655488,-51.649921910813575
TS151,0.25,5.942846103040692,142.80554900232664,-50.57009716216662
TS151,0.25,5.951572749300664,143.7055530620275,-49.48179010231927
TS151,0.25,5.960299395560636,144.6069428296926,-48.38480623831898
TS151,0.25,5.969026041820607,145.50964618995798,-47.27895003899886
TS151,0.25,5.977752688080579,146.41358204656296,-46.164025094714965
TS151,0.25,5.98647933434055,147.31865993341006,-45.039834293018174
TS151,0.25,5.995205980600522,148.22477961936679,-43.906180011036774
TS151,0.25,6.003932626860494,149.13183070818732,-42.76286432533638
TS151,0.25,6.012659273120465,150.03969223514366,-41.60968923998975
TS151,0.25,6.021385919380437,150.94823226217804,-40.446456933556135
TS151,0.25,6.030112565640408,151.85730747363093,-39.27297002562019
TS151,0.25,6.03883921190038,152.76676277485814,-38.089031863473366
TS151,0.25,6.047565858160352,153.67643089631508,-36.8944468294485
TS151,0.25,6.056292504420323,154.58613200597824,-35.68902066931777
TS151,0.25,6.065019150680295,155.49567333326533,-34.472560842055046
TS151,0.25,6.073745796940266,156.40484880792243,-33.24487689113174
TS151,0.25,6.082472443200238,157.31343871766433,-32.00578083735805
TS151,0.25,6.09119908946021,158.22120938866524,-30.75508759311241
TS151,0.25,6.0999257357201815,159.12791289332233,-29.49261539759682
TS151,0.25,6.1086523819801535,160.0332867900242,-28.218186272536844
TS151,0.25,6.1173790282401255,160.93705389996123,-26.931626497496513
TS151,0.25,6.126105674500097,161.83892212630656,-25.632767103701312
TS151,0.25,6.134832320760069,162.7385843213605,-24.321444384966775
TS151,0.25,6.14355896702004,163.6357182074876,-22.997500424005693
TS151,0.25,6.152285613280012,164.52998635787725,-21.660783632034722
TS151,0.25,6.161012259539984,165.42103624330392,-20.311149299237496
TS151,0.25,6.169738905799955,166.3085003511617,-18.94846015324408
TS151,0.25,6.178465552059927,167.19199638306998,-17.572586922384307
TS151,0.25,6.187192198319898,168.07112753729507,-16.18340890005335
TS151,0.25,6.19591884457987,168.9454828820929,-14.780814506096204
TS151,0.25,6.204645490839842,169.81463782583336,-13.364701840697466
TS151,0.25,6.213372137099813,170.67815468941808,-11.934979225832375
TS151,0.25,6.222098783359785,171.53558338603187,-10.491565728931594
TS151,0.25,6.230825429619756,172.3864622126668,-9.034391663025858
TS151,0.25,6.239552075879728,173.23031875712852,-7.563399057278367
TS151,0.25,6.2482787221397,174.06667092335428,-6.078542091510336
TS151,0.25,6.257005368399671,174.89502807686267,-4.57978748806154
TS151,0.25,6.265732014659643,175.71489231099187,-3.067114854143133
TS151,0.25,6.274458660919615,176.5257598332872,-1.5405169677282828
TS151,0.25,6.283185307179586,177.32712246997482,-4.343261858697307e-14
TS151,1.0,0.0,191.64111366958258,0.0
TS151,1.0,0.008726646259971648,192.45811681506572,1.6795565407034896
TS151,1.0,0.017453292519943295,193.26382504566567,3.373432614447778
TS151,1.0,0.026179938779914945,194.0577379392613,5.081580705571327
TS151,1.0,0.03490658503988659,194.83935855148326,6.803940327896333
TS151,1.0,0.04363323129985824,195.60819532092165,8.540438248343836
TS151,1.0,0.05235987755982989,196.36376403521177,10.290988804744565
TS151,1.0,0.061086523819801536,197.10558984517783,12.05549432123777
TS151,1.0,0.06981317007977318,197.83320931279434,13.833845623796904
TS151,1.0,0.07853981633974483,198.54617247741018,15.625922657467266
TS151,1.0,0.08726646259971647,199.24404492350598,17.431595205856702
TS151,1.0,0.09599310885968812,199.92640983225692,19.250723712299042
TS151,1.0,0.10471975511965978,200.59286999837818,21.083160200926795
TS151,1.0,0.11344640137963143,201.2430497931693,22.928749294663078
TS151,1.0,0.12217304763960307,201.87659705436928,24.787329325893335
TS151,1.0,0.1308996938995747,202.49318488340808,26.658733534326984
TS151,1.0,0.13962634015954636,203.0925133309027,28.542791345331626
TS151,1.0,0.14835298641951802,203.67431095180686,30.43932972084116
TS151,1.0,0.15707963267948966,204.2383362124785,32.348174573827876
TS151,1.0,0.16580627893946132,204.78437873307453,34.26915223631026
TS151,1.0,0.17453292519943295,205.31226035009698,36.20209096996289
TS151,1.0,0.1832595714594046,205.82183598557708,38.14682250762177
TS151,1.0,0.19198621771937624,206.31299431126337,40.103183613351725
TS151,1.0,0.2007128639793479,206.78565819823768,42.071017648274605
TS151,1.0,0.20943951023931956,207.23978494457157,44.05017612905294
TS151,1.0,0.2181661564992912,207.67536627591988,46.04052026578904
TS151,1.0,0.22689280275926285,208.0924281162581,48.041922466126785
TS151,1.0,0.23561944901923448,208.4910301282727,50.0542677925308
TS151,1.0,0.24434609527920614,208.8712650251432,52.07745536004765
TS151,1.0,0.2530727415391778,209.23325765756536,54.11139966231314
TS151,1.0,0.2617993877991494,209.57716388181134,56.156031814136405
TS151,1.0,0.27052603405912107,209.9031692163542,58.211300699640546
TS151,1.0,0.2792526803190927,210.21148729607054,60.27717401564449
TS151,1.0,0.2879793265790644,210.50235813423998,62.35363920070271
TS151,1.0,0.29670597283903605,210.77604620345724,64.44070424094508
TS151,1.0,0.30543261909900765,211.03283834714898,66.53839834455039
TS151,1.0,0.3141592653589793,211.273041533629,68.64677247730893
TS151,1.0,0.32288591161895097,211.49698046452787,70.76589975225242
TS151,1.0,0.33161255787892263,211.70499504900565,72.89587566672452
TS151,1.0,0.34033920413889424,211.8974377543988,75.03681818050013
TS151,1.0,0.3490658503988659,212.07467084289286,77.18886762861545
TS151,1.0,0.35779249665883756,212.23706350245726,79.35218646241238
TS151,1.0,0.3665191429188092,212.3849888786628,81.5269588119154
TS151,1.0,0.3752457891787809,212.5188210121428,83.71338986202
TS151,1.0,0.3839724354387525,212.6389316843978,85.91170503406698
TS151,1.0,0.39269908169872414,212.74568717238958,88.12214896318757
TS151,1.0,0.4014257279586958,212.83944490999048,90.34498426032249
TS151,1.0,0.41015237421866746,212.9205500518371,92.58049004602762
TS151,1.0,0.4188790204786391,212.98933193256175,94.8289602410779
TS151,1.0,0.4276056667386107,213.04610041174652,97.09070159646429
TS151,1.0,0.4363323129985824,213.0911420923161,99.36603144264195
TS151,1.0,0.44505895925855404,213.12471639749378,101.6552751348389
TS151,1.0,0.4537856055185257,213.14705148894498,103.95876316788407
TS151,1.0,0.4625122517784973,213.1583400063646,106.27682793037334
TS151,1.0,0.47123889803846897,213.15873460661027,108.60980006409675
TS151,1.0,0.4799655442984406,213.14834327860717,110.95800439053566
TS151,1.0,0.4886921905584123,213.12722440874833,113.32175536196402
TS151,1.0,0.49741883681838395,213.09538157050335,115.70135199033231
TS151,1.0,0.5061454830783556,213.05275801156606,118.0970722027875
TS151,1.0,0.5148721293383273,212.99923081228232,120.50916656852306
TS151,1.0,0.5235987755982988,212.93460469051814,122.93785133785717
TS151,1.0,0.5323254218582705,212.85860543079403,125.38330073123764
TS151,1.0,0.5410520681182421,212.77087291972595,127.8456384135809
TS151,1.0,0.5497787143782138,212.670953775924,130.32492808835724
TS151,1.0,0.5585053606381855,212.55829357091565,132.82116314661062
TS151,1.0,0.5672320068981571,212.43222864885104,135.33425530924055
TS151,1.0,0.5759586531581288,212.29197756723786,137.86402220707984
TS151,1.0,0.5846852994181004,212.13663219932712,140.4101738534156
TS151,1.0,0.5934119456780721,211.96514856165,142.9722979786032
TS151,1.0,0.6021385919380436,211.77633745822266,145.54984421742597
TS151,1.0,0.6108652381980153,211.56885506670673,148.14210716810558
TS151,1.0,0.619591884457987,211.34119363187688,150.74820837869652
TS151,1.0,0.6283185307179586,211.0916724784782,153.3670773633932
TS151,1.0,0.6370451769779303,210.81842960908665,155.99743180935732
TS151,1.0,0.6457718232379019,210.51941421263334,158.63775720519757
TS151,1.0,0.6544984694978736,210.19238047500224,161.2862862060111
TS151,1.0,0.6632251157578453,209.83488315297137,163.9409781471331
TS151,1.0,0.6719517620178169,209.44427544419506,166.59949922878246
TS151,1.0,0.6806784082777885,209.0177097551773,169.25920401473084
TS151,1.0,0.6894050545377601,208.5521420311325,171.9171190164408
TS151,1.0,0.6981317007977318,208.0443403595781,174.56992926424246
TS151,1.0,0.7068583470577035,207.49089858521464,177.21396889109076
TS151,1.0,0.7155849933176751,206.88825566742565,179.84521686162591
TS151,1.0,0.7243116395776468,206.23272146285902,182.45929905632025
TS151,1.0,0.7330382858376184,205.5205095130281,185.05149795168316
TS151,1.0,0.7417649320975901,204.74777725051194,187.6167711054195
TS151,1.0,0.7504915783575618,203.91067379931457,190.14977954235644
TS151,1.0,0.7592182246175333,203.00539523170613,192.64492692683888
TS151,1.0,0.767944870877505,202.0282467581529,195.0964100883019
TS151,1.0,0.7766715171374766,200.97571087987245,197.49828103438085
TS151,1.0,0.7853981633974483,199.84452004608795,199.84452004608795
TS151,1.0,0.7941248096574199,198.63173186168112,202.12911882130356
TS151,1.0,0.8028514559173916,197.33480442672283,204.34617194980498
TS151,1.0,0.8115781021773633,195.9516690053352,206.48997431345578
TS151,1.0,0.8203047484373349,194.48079696786385,208.55512136900035
TS151,1.0,0.8290313946973066,192.92125787379544,210.5366087546501
TS151,1.0,0.8377580409572782,191.2727656983869,212.42992733062044
TS151,1.0,0.8464846872172498,189.53571057046977,214.2311496728879
TS151,1.0,0.8552113334772214,187.71117397555935,215.93700422385
TS151,1.0,0.8639379797371931,185.80092615442047,217.54493377121113
TS151,1.0,0.8726646259971648,183.8074053353543,219.05313565382863
TS151,1.0,0.8813912722571364,181.73367940275466,220.46058202626722
TS151,1.0,0.8901179185171081,179.58339153966475,221.76701957325278
TS151,1.0,0.8988445647770797,177.36069220471234,222.97294915685535
TS151,1.0,0.9075712110370514,175.07016044351738,224.0795869063798
TS151,1.0,0.9162978572970231,172.7167179430084,225.0888091371865
TS151,1.0,0.9250245035569946,170.30553939286742,226.0030841445754
TS151,1.0,0.9337511498169663,167.8419626283086,226.825394324758
TS151,1.0,0.9424777960769379,165.33140172385853,227.5591522188755
TS151,1.0,0.9512044423369096,162.77926573782665,228.20811397725632
TS151,1.0,0.9599310885968813,160.19088523036808,228.77629344000502
TS151,1.0,0.9686577348568529,157.57144805429226,229.26787957998638
TS151,1.0,0.9773843811168246,154.92594530114616,229.6871595134191
TS151,1.0,0.9861110273767962,152.25912771908983,230.03844870710705
TS151,1.0,0.9948376736367679,149.57547243408592,230.32602944726287
TS151,1.0,1.0035643198967394,146.87915941904495,230.55409811921538
TS151,1.0,1.0122909661567112,144.17405687197768,230.7267214041541
TS151,1.0,1.0210176124166828,141.46371447960377,230.84780114104677
TS151,1.0,1.0297442586766545,138.75136344631596,230.92104733186332
TS151,1.0,1.038470904936626,136.0399221451249,230.94995858177097
TS151,1.0,1.0471975511965976,133.33200628091365,230.93780915363504
TS151,1.0,1.0559241974565694,130.62994253109304,230.88764176585968
TS151,1.0,1.064650843716541,127.93578473015012,230.80226526131537
TS151,1.0,1.0733774899765127,125.25133178047679,230.68425631019937
TS151,1.0,1.0821041362364843,122.57814659260374,230.53596436981212
TS151,1.0,1.090830782496456,119.9175754763352,230.35951919975574
TS151,1.0,1.0995574287564276,117.27076751531666,230.15684031421262
TS151,1.0,1.1082840750163994,114.63869355814033,229.9296478378217
TS151,1.0,1.117010721276371,112.02216454758847,229.6794743139487
TS151,1.0,1.1257373675363425,109.42184898551815,229.40767709098088
TS151,1.0,1.1344640137963142,106.83828939450692,229.11545098192303
TS151,1.0,1.1431906600562858,104.27191768951785,228.80384095417193
TS151,1.0,1.1519173063162575,101.7230694146348,228.47375465968096
TS151,1.0,1.160643952576229,99.19199683264556,228.12597466104228
TS151,1.0,1.1693705988362009,96.67888088020368,227.76117024682065
TS151,1.0,1.1780972450961724,94.18384201975658,227.37990876050128
TS151,1.0,1.1868238913561442,91.70695003252753,226.98266639241407
TS151,1.0,1.1955505376161157,89.24823280564267,226.56983840380298
TS151,1.0,1.2042771838760873,86.80768417188479,226.1417487675702
TS151,1.0,1.213003830136059,84.38527086332526,225.6986592218867
TS151,1.0,1.2217304763960306,81.98093864086123,225.24077774146107
TS151,1.0,1.2304571226560024,79.59461766100931,224.7682664373933
TS151,1.0,1.239183768915974,77.22622713960625,224.28124890070825
TS151,1.0,1.2479104151759457,74.87567936967157,223.77981700729575
TS151,1.0,1.2566370614359172,72.54288314788141,223.26403720346272
TS151,1.0,1.265363707695889,70.2277466610636,222.73395629190983
TS151,1.0,1.2740903539558606,67.93017988102702,222.18960673795587
TS151,1.0,1.2828170002158321,65.65009651296816,221.63101151543526
TS151,1.0,1.2915436464758039,63.387415539746854,221.0581885110589
TS151,1.0,1.3002702927357754,61.142062401522075,220.47115450527667
TS151,1.0,1.3089969389957472,58.91396984762547,219.86992874691913
TS151,1.0,1.3177235852557188,56.70307849512694,219.25453613817828
TS151,1.0,1.3264502315156905,54.50933712631055,218.62501004588395
TS151,1.0,1.335176877775662,52.33270275522669,217.98139475455582
TS151,1.0,1.3439035240356338,50.173140491588235,217.323747576384
TS151,1.0,1.3526301702956054,48.03062322853015,216.65214063311925
TS151,1.0,1.361356816555577,45.905131179115166,215.96666232482326
TS151,1.0,1.3700834628155487,43.796651284936296,215.26741850052832
TS151,1.0,1.3788101090755203,41.70517651870733,214.5545333460664
TS151,1.0,1.387536755335492,39.63070510133249,213.8281500046165
TS151,1.0,1.3962634015954636,37.57323965258944,213.08843094586967
TS151,1.0,1.4049900478554354,35.53278629322728,212.33555810008332
TS151,1.0,1.413716694115407,33.5093537149699,211.5697327736729
TS151,1.0,1.4224433403753787,31.502952233609324,210.7911753633305
TS151,1.0,1.4311699866353502,29.513592839078694,210.00012488595593
TS151,1.0,1.4398966328953218,27.541286255097454,209.19683834189695
TS151,1.0,1.4486232791552935,25.58604201969621,208.38158992912068
TS151,1.0,1.457349925415265,23.647867596647178,207.55467012594713
TS151,1.0,1.4660765716752369,21.72676752656116,206.7163846598711
TS151,1.0,1.4748032179352084,19.822742625169223,205.8670533797625
TS151,1.0,1.4835298641951802,17.93578923508927,205.0070090483743
TS151,1.0,1.4922565104551517,16.06589853620241,204.1365960715972
TS151,1.0,1.5009831567151235,14.213055918628417,203.25616918028933
TS151,1.0,1.509709802975095,12.377240421213816,202.3660920797848
TS151,1.0,1.5184364492350666,10.558424237426552,201.46673608135802
TS151,1.0,1.5271630954950384,8.756572289605076,200.558478729004
TS151,1.0,1.53588974175501,6.971641871634557,199.64170243390637
TS151,1.0,1.5446163880149817,5.203582359327872,198.71679312791306
TS151,1.0,1.5533430342749532,3.4523349870784763,197.78413894625328
TS151,1.0,1.562069680534925,1.7178326887215645,196.84412894860745
TS151,1.0,1.5707963267948966,1.1995241000995651e-14,195.89715188652278
TS151,1.0,1.5795229730548683,-1.7012469804300432,194.94359502404126
TS151,1.0,1.5882496193148399,-3.3860005748923387,193.98384301731184
TS151,1.0,1.5969762655748114,-5.05436145922028,193.01827685788962
TS151,1.0,1.6057029118347832,-6.706438547880052,192.047272883402
TS151,1.0,1.6144295580947547,-8.342348835795747,191.07120185829422
TS151,1.0,1.6231562043547265,-9.962217201070219,190.09042812645797
TS151,1.0,1.631882850614698,-11.566176172819514,189.10530883670697
TS151,1.0,1.6406094968746698,-13.154365668313167,188.11619324129586
TS151,1.0,1.6493361431346414,-14.726932703535235,187.1234220669857
TS151,1.0,1.6580627893946132,-16.284031081167953,186.1273269575409
TS151,1.0,1.6667894356545847,-17.825821059847197,185.12822998600245
TS151,1.0,1.6755160819145565,-19.35246900836325,184.12644323461535
TS151,1.0,1.684242728174528,-20.864147048276415,183.12226843989288
TS151,1.0,1.6929693744344996,-22.3610326882015,182.11599669997722
TS151,1.0,1.7016960206944713,-23.843308452782114,181.10790824119408
TS151,1.0,1.710422666954443,-25.31116150913872,180.09827224050238
TS151,1.0,1.7191493132144147,-26.764783293332464,179.08734670039505
TS151,1.0,1.7278759594743862,-28.20436913914315,178.07537837271917
TS151,1.0,1.736602605734358,-29.63011791122276,177.0626027278348
TS151,1.0,1.7453292519943295,-31.042231644449952,176.04924396553062
TS151,1.0,1.7540558982543013,-32.44091519108768,175.03551506414414
TS151,1.0,1.7627825445142729,-33.826375877127774,174.02161786439893
TS151,1.0,1.7715091907742444,-35.198823169003234,173.00774318455836
TS151,1.0,1.7802358370342162,-36.55846835165437,171.9940709636083
TS151,1.0,1.7889624832941877,-37.9055242187556,170.98077042930902
TS151,1.0,1.7976891295541595,-39.24020477574263,169.9680002880991
TS151,1.0,1.806415775814131,-40.562724956125365,168.95590893398986
TS151,1.0,1.8151424220741028,-41.87330035143296,167.94463467374703
TS151,1.0,1.8238690683340744,-43.17214695500865,166.93430596582465
TS151,1.0,1.8325957145940461,-44.45948091975978,165.92504167068253
TS151,1.0,1.8413223608540177,-45.73551832986465,164.91695131028962
TS151,1.0,1.8500490071139892,-47.00047498634946,163.91013533477854
TS151,1.0,1.858775653373961,-48.25456620636883,162.90468539438464
TS151,1.0,1.8675022996339325,-49.498006635955186,161.90068461495946
TS151,1.0,1.8762289458939043,-50.73101007594501,160.89820787550298
TS151,1.0,1.8849555921538759,-51.95378932073835,159.89732208630795
TS151,1.0,1.8936822384138476,-53.16655600950977,158.89808646644963
TS151,1.0,1.9024088846738192,-54.36952048945299,157.90055281948793
TS151,1.0,1.911135530933791,-55.562891690617214,156.90476580637556
TS151,1.0,1.9198621771937625,-56.7468770118711,155.91076321468447
TS151,1.0,1.928588823453734,-57.92168221751767,154.91857622337193
TS151,1.0,1.9373154697137058,-59.08751134407228,153.92822966241366
TS151,1.0,1.9460421159736774,-60.24456661671137,152.93974226672253
TS151,1.0,1.9547687622336491,-61.39304837489899,151.95312692386315
TS151,1.0,1.9634954084936207,-62.53315500669854,150.96839091515065
TS151,1.0,1.9722220547535925,-63.66508289128409,149.98553614979693
TS151,1.0,1.980948701013564,-64.78902634917104,149.00455939183453
TS151,1.0,1.9896753472735358,-65.9051775996975,148.02545247960893
TS151,1.0,1.9984019935335073,-67.01372672529624,147.04820253768486
TS151,1.0,2.007128639793479,-68.11486164211286,146.07279218106214
TS151,1.0,2.0158552860534504,-69.20876807653617,145.09919971164
TS151,1.0,2.0245819323134224,-70.29562954722356,144.12739930690748
TS151,1.0,2.033308578573394,-71.37562735221806,143.15736120087473
TS151,1.0,2.0420352248333655,-72.4489405607704,142.18905185728622
TS151,1.0,2.050761871093337,-73.51574600949277,141.22243413518748
TS151,1.0,2.059488517353309,-74.5762183024898,140.25746744693805
TS151,1.0,2.0682151636132806,-75.63052981512544,139.29410790878342
TS151,1.0,2.076941809873252,-76.67885070110165,138.3323084841151
TS151,1.0,2.0856684561332237,-77.72134890253864,137.37201911956305
TS151,1.0,2.0943951023931953,-78.75819016276284,136.41318687407664
TS151,1.0,2.1031217486531673,-79.78953804152185,135.45575604115757
TS151,1.0,2.111848394913139,-80.81555393236015,134.4996682644187
TS151,1.0,2.1205750411731104,-81.8363970819038,133.5448626466463
TS151,1.0,2.129301687433082,-82.85222461081301,132.59127585254882
TS151,1.0,2.138028333693054,-83.86319153617606,131.6388422053771
TS151,1.0,2.1467549799530254,-84.86945079512805,130.68749377760338
TS151,1.0,2.155481626212997,-85.87115326949073,129.73716047584588
TS151,1.0,2.1642082724729685,-86.86844781123794,128.78777012022738
TS151,1.0,2.17293491873294,-87.86148126860274,127.83924851835197
TS151,1.0,2.181661564992912,-88.85039851265108,126.89151953408513
TS151,1.0,2.1903882112528836,-89.83534246415404,125.94450515131831
TS151,1.0,2.199114857512855,-90.81645412060158,124.99812553289586
TS151,1.0,2.2078415037728267,-91.7938725832038,124.05229907488021
TS151,1.0,2.2165681500327987,-92.76773508373608,123.10694245632597
TS151,1.0,2.2252947962927703,-93.73817701108858,122.16197068473085
TS151,1.0,2.234021442552742,-94.7053319373864,121.21729713732567
TS151,1.0,2.2427480888127134,-95.66933164355157,120.27283359836366
TS151,1.0,2.251474735072685,-96.63030614418221,119.32849029256218
TS151,1.0,2.260201381332657,-97.5883837116287,118.3841759148483
TS151,1.0,2.2689280275926285,-98.54369089914788,117.43979765655283
TS151,1.0,2.2776546738526,-99.49635256302224,116.49526122819485
TS151,1.0,2.2863813201125716,-100.44649188352942,115.55047087899385
TS151,1.0,2.2951079663725436,-101.39423038465189,114.60532941324229
TS151,1.0,2.303834612632515,-102.3396879524163,113.65973820366791
TS151,1.0,2.3125612588924866,-103.28298285175346,112.71359720191033
TS151,1.0,2.321287905152458,-104.22423174176959,111.76680494623507
TS151,1.0,2.3300145514124297,-105.16354968931886,110.81925856660116
TS151,1.0,2.3387411976724017,-106.10105018076806,109.87085378719968
TS151,1.0,2.3474678439323733,-107.03684513184068,108.9214849265735
TS151,1.0,2.356194490192345,-107.97104489542917,107.97104489542919
TS151,1.0,2.3649211364523164,-108.90375826725878,107.01942519224795
TS151,1.0,2.3736477827122884,-109.83509248928648,106.06651589680068
TS151,1.0,2.38237442897226,-110.76515325071482,105.11220566167182
TS151,1.0,2.3911010752322315,-111.6940446864971,104.15638170189267
TS151,1.0,2.399827721492203,-112.62186937320722,103.19892978278789
TS151,1.0,2.4085543677521746,-113.54872832214267,102.23973420613397
TS151,1.0,2.4172810140121466,-114.47472096952659,101.27867779473223
TS151,1.0,2.426007660272118,-115.39994516366764,100.31564187549608
TS151,1.0,2.4347343065320897,-116.3244971489343,99.35050626115489
TS151,1.0,2.443460952792061,-117.2484715463924,98.38314923067772
TS151,1.0,2.452187599052033,-118.17196133095064,97.41344750852069
TS151,1.0,2.4609142453120048,-119.09505780485212,96.44127624280566
TS151,1.0,2.4696408915719763,-120.01785056734488,95.46650898253844
TS151,1.0,2.478367537831948,-120.94042748035622,94.48901765398035
TS151,1.0,2.4870941840919194,-121.86287462999087,93.5086725362886
TS151,1.0,2.4958208303518914,-122.78527628366507,92.52534223654634
TS151,1.0,2.504547476611863,-123.70771484268191,91.5388936643085
TS151,1.0,2.5132741228718345,-124.63027079004736,90.54919200579373
TS151,1.0,2.522000769131806,-125.55302263331674,89.55610069786069
TS151,1.0,2.530727415391778,-126.47604684225756,88.55948140191306
TS151,1.0,2.5394540616517496,-127.39941778110443,87.55919397788486
TS151,1.0,2.548180707911721,-128.32320763517794,86.55509645846664
TS151,1.0,2.5569073541716927,-129.24748633162912,85.54704502374283
TS151,1.0,2.5656340004316642,-130.17232145406803,84.53489397641903
TS151,1.0,2.5743606466916362,-131.09777815082663,83.51849571782998
TS151,1.0,2.5830872929516078,-132.0239190366008,82.49770072493027
TS151,1.0,2.5918139392115793,-132.9508040872131,81.47235752848188
TS151,1.0,2.600540585471551,-133.87849052723,80.44231269266683
TS151,1.0,2.609267231731523,-134.80703271016833,79.40741079636685
TS151,1.0,2.6179938779914944,-135.73648199101874,78.36749441636744
TS151,1.0,2.626720524251466,-136.666886590817,77.32240411275944
TS151,1.0,2.6354471705114375,-137.59829145299065,76.27197841682892
TS151,1.0,2.644173816771409,-138.53073809121295,75.21605382174363
TS151,1.0,2.652900463031381,-139.46426442849867,74.1544647763632
TS151,1.0,2.6616271092913526,-140.39890462728226,73.08704368252026
TS151,1.0,2.670353755551324,-141.33468891022827,72.01362089613933
TS151,1.0,2.6790804018112957,-142.27164337153343,70.93402473258351
TS151,1.0,2.6878070480712677,-143.20978977849674,69.84808147663904
TS151,1.0,2.6965336943312392,-144.14914536314802,68.75561539757204
TS151,1.0,2.705260340591211,-145.08972260375188,67.6564487697139
TS151,1.0,2.7139869868511823,-146.03152899602568,66.55040189905688
TS151,1.0,2.722713633111154,-146.97456681394416,65.43729315636402
TS151,1.0,2.731440279371126,-147.9188328600375,64.31693901732227
TS151,1.0,2.7401669256310974,-148.86431820513366,63.18915411029223
TS151,1.0,2.748893571891069,-149.81100791754284,62.05375127222939
TS151,1.0,2.7576202181510405,-150.7588807817374,60.910541613377745
TS151,1.0,2.7663468644110125,-151.7079090066446,59.75933459135575
TS151,1.0,2.775073510670984,-152.65805792373936,58.59993809527682
TS151,1.0,2.7838001569309556,-153.60928567520523,57.432158540563925
TS151,1.0,2.792526803190927,-154.56154289252052,56.2558009751364
TS151,1.0,2.8012534494508987,-155.5147723659258,55.07066919765814
TS151,1.0,2.8099800957108707,-156.4689087053397,53.87656588854812
TS151,1.0,2.8187067419708423,-157.42387799340997,52.67329275446039
TS151,1.0,2.827433388230814,-158.37959743152174,51.46065068694005
TS151,1.0,2.8361600344907854,-159.33597497972744,50.23843993596012
TS151,1.0,2.8448866807507573,-160.29290899172358,49.00646029903065
TS151,1.0,2.853613327010729,-161.2502878461673,47.76451132655466
TS151,1.0,2.8623399732707004,-162.20798957581323,46.512392544077265
TS151,1.0,2.871066619530672,-163.16588149614398,45.24990369203979
TS151,1.0,2.8797932657906435,-164.12381983537983,43.976844983601154
TS151,1.0,2.8885199120506155,-165.08164936797613,42.69301738103205
TS151,1.0,2.897246558310587,-166.03920305394738,41.398222891114045
TS151,1.0,2.9059732045705586,-166.99630168660656,40.092264879889214
TS151,1.0,2.91469985083053,-167.95275355155846,38.77494840700584
TS151,1.0,2.923426497090502,-168.9083541000495,37.446080579784685
TS151,1.0,2.9321531433504737,-169.8628856400448,36.10547092699609
TS151,1.0,2.9408797896104453,-170.81611704867265,34.752931792180235
TS151,1.0,2.949606435870417,-171.76780350994642,33.3882787461703
TS151,1.0,2.9583330821303884,-172.71768628194354,32.01133101827984
TS151,1.0,2.9670597283903604,-173.66549249787445,30.621911945398768
TS151,1.0,2.975786374650332,-174.6109350057252,29.219849438004225
TS151,1.0,2.9845130209103035,-175.5537122513799,27.80497646182952
TS151,1.0,2.993239667170275,-176.49350821033437,26.377131533655014
TS151,1.0,3.001966313430247,-177.42999237328036,24.936159229379747
TS151,1.0,3.0106929596902186,-178.3628197909738,23.481910702212296
TS151,1.0,3.01941960595019,-179.29163118388664,22.014244208479052
TS151,1.0,3.0281462522101616,-180.21605312216926,20.533025638196044
TS151,1.0,3.036872898470133,-181.13569828142315,19.038129047183336
TS151,1.0,3.045599544730105,-182.05016577967626,17.52943718712913
TS151,1.0,3.0543261909900767,-182.95904160076992,16.006842029635298
TS151,1.0,3.0630528372500483,-183.86189910909442,14.47024527990155
TS151,1.0,3.07177948351002,-184.75829966023957,12.919558875344359
TS151,1.0,3.080506129769992,-185.6477933116529,11.354705464096222
TS151,1.0,3.0892327760299634,-186.52991963681703,9.775618858009715
TS151,1.0,3.097959422289935,-187.40420864575947,8.182244454497399
TS151,1.0,3.1066860685499065,-188.27018181389218,6.574539621292397
TS151,1.0,3.115412714809878,-189.12735322024932,4.952474038013413
TS151,1.0,3.12413936106985,-189.97523079514093,3.3160299882822915
TS151,1.0,3.1328660073298216,-190.81331767608057,1.6652025960752168
TS151,1.0,3.141592653589793,-191.64111366958258,2.3469267644048837e-14
TS151,1.0,3.1503192998497647,-192.4581168150657,-1.6795565407034467
TS151,1.0,3.1590459461097367,-193.2638250456657,-3.3734326144478026
TS151,1.0,3.167772592369708,-194.0577379392613,-5.081580705571333
TS151,1.0,3.1764992386296798,-194.83935855148326,-6.80394032789632
TS151,1.0,3.1852258848896513,-195.60819532092162,-8.5404382483438
TS151,1.0,3.193952531149623,-196.36376403521177,-10.290988804744511
TS151,1.0,3.202679177409595,-197.1055898451778,-12.055494321237783
TS151,1.0,3.2114058236695664,-197.83320931279434,-13.833845623796897
TS151,1.0,3.220132469929538,-198.54617247741015,-15.625922657467237
TS151,1.0,3.2288591161895095,-199.24404492350595,-17.431595205856652
TS151,1.0,3.2375857624494815,-199.92640983225695,-19.250723712299074
TS151,1.0,3.246312408709453,-200.59286999837815,-21.083160200926798
TS151,1.0,3.2550390549694246,-201.2430497931693,-22.928749294663064
TS151,1.0,3.263765701229396,-201.87659705436928,-24.787329325893296
TS151,1.0,3.2724923474893677,-202.49318488340805,-26.658733534326924
TS151,1.0,3.2812189937493397,-203.09251333090273,-28.542791345331647
TS151,1.0,3.2899456400093112,-203.67431095180686,-30.439329720841155
TS151,1.0,3.2986722862692828,-204.23833621247843,-32.34817457382784
TS151,1.0,3.3073989325292543,-204.78437873307453,-34.26915223631021
TS151,1.0,3.3161255787892263,-205.31226035009698,-36.20209096996292
TS151,1.0,3.324852225049198,-205.82183598557708,-38.14682250762177
TS151,1.0,3.3335788713091694,-206.31299431126337,-40.1031836133517
TS151,1.0,3.342305517569141,-206.78565819823768,-42.07101764827456
TS151,1.0,3.351032163829113,-207.2397849445716,-44.05017612905299
TS151,1.0,3.3597588100890845,-207.67536627591986,-46.04052026578904
TS151,1.0,3.368485456349056,-208.0924281162581,-48.04192246612678
TS151,1.0,3.3772121026090276,-208.4910301282727,-50.054267792530766
TS151,1.0,3.385938748868999,-208.8712650251432,-52.07745536004761
TS151,1.0,3.394665395128971,-209.2332576575654,-54.11139966231317
TS151,1.0,3.4033920413889427,-209.5771638818114,-56.15603181413643
TS151,1.0,3.4121186876489142,-209.9031692163542,-58.21130069964053
TS151,1.0,3.420845333908886,-210.21148729607052,-60.27717401564445
TS151,1.0,3.429571980168858,-210.50235813424,-62.35363920070275
TS151,1.0,3.4382986264288293,-210.77604620345724,-64.44070424094508
TS151,1.0,3.447025272688801,-211.03283834714904,-66.53839834455039
TS151,1.0,3.4557519189487724,-211.273041533629,-68.6467724773089
TS151,1.0,3.464478565208744,-211.49698046452787,-70.76589975225237
TS151,1.0,3.473205211468716,-211.7049950490057,-72.89587566672456
TS151,1.0,3.4819318577286875,-211.89743775439888,-75.03681818050018
TS151,1.0,3.490658503988659,-212.07467084289286,-77.18886762861544
TS151,1.0,3.4993851502486306,-212.23706350245726,-79.35218646241232
TS151,1.0,3.5081117965086026,-212.38498887866274,-81.52695881191542
TS151,1.0,3.516838442768574,-212.51882101214287,-83.71338986202004
TS151,1.0,3.5255650890285457,-212.6389316843978,-85.91170503406698
TS151,1.0,3.5342917352885173,-212.74568717238952,-88.1221489631875
TS151,1.0,3.543018381548489,-212.83944490999053,-90.34498426032246
TS151,1.0,3.551745027808461,-212.92055005183713,-92.58049004602765
TS151,1.0,3.5604716740684323,-212.98933193256175,-94.8289602410779
TS151,1.0,3.569198320328404,-213.04610041174652,-97.09070159646429
TS151,1.0,3.5779249665883754,-213.09114209231603,-99.36603144264188
TS151,1.0,3.5866516128483474,-213.1247163974937,-101.65527513483892
TS151,1.0,3.595378259108319,-213.14705148894498,-103.9587631678841
TS151,1.0,3.6041049053682905,-213.1583400063646,-106.27682793037334
TS151,1.0,3.612831551628262,-213.15873460661027,-108.60980006409672
TS151,1.0,3.6215581978882336,-213.14834327860717,-110.95800439053559
TS151,1.0,3.6302848441482056,-213.12722440874833,-113.32175536196405
TS151,1.0,3.639011490408177,-213.09538157050335,-115.70135199033231
TS151,1.0,3.6477381366681487,-213.05275801156614,-118.0970722027875
TS151,1.0,3.6564647829281203,-212.99923081228235,-120.509166568523
TS151,1.0,3.6651914291880923,-212.9346046905181,-122.93785133785723
TS151,1.0,3.673918075448064,-212.858605430794,-125.38330073123765
TS151,1.0,3.6826447217080354,-212.77087291972595,-127.8456384135809
TS151,1.0,3.691371367968007,-212.67095377592398,-130.3249280883572
TS151,1.0,3.7000980142279785,-212.55829357091562,-132.82116314661056
TS151,1.0,3.7088246604879505,-212.43222864885107,-135.3342553092406
TS151,1.0,3.717551306747922,-212.29197756723786,-137.86402220707984
TS151,1.0,3.7262779530078936,-212.13663219932712,-140.4101738534156
TS151,1.0,3.735004599267865,-211.96514856165,-142.97229797860314
TS151,1.0,3.743731245527837,-211.77633745822266,-145.54984421742606
TS151,1.0,3.7524578917878086,-211.56885506670673,-148.1421071681056
TS151,1.0,3.76118453804778,-211.34119363187688,-150.74820837869652
TS151,1.0,3.7699111843077517,-211.09167247847816,-153.36707736339315
TS151,1.0,3.7786378305677233,-210.81842960908668,-155.9974318093572
TS151,1.0,3.7873644768276953,-210.51941421263334,-158.63775720519763
TS151,1.0,3.796091123087667,-210.19238047500224,-161.2862862060111
TS151,1.0,3.8048177693476384,-209.83488315297137,-163.94097814713305
TS151,1.0,3.81354441560761,-209.44427544419494,-166.59949922878232
TS151,1.0,3.822271061867582,-209.0177097551772,-169.25920401473087
TS151,1.0,3.8309977081275535,-208.55214203113255,-171.91711901644086
TS151,1.0,3.839724354387525,-208.0443403595781,-174.56992926424246
TS151,1.0,3.8484510006474966,-207.49089858521464,-177.2139688910907
TS151,1.0,3.857177646907468,-206.88825566742574,-179.8452168616259
TS151,1.0,3.86590429316744,-206.23272146285902,-182.45929905632025
TS151,1.0,3.8746309394274117,-205.5205095130281,-185.05149795168316
TS151,1.0,3.883357585687383,-204.74777725051192,-187.61677110541942
TS151,1.0,3.8920842319473548,-203.91067379931462,-190.14977954235647
TS151,1.0,3.9008108782073267,-203.0053952317061,-192.644926926839
TS151,1.0,3.9095375244672983,-202.02824675815293,-195.09641008830192
TS151,1.0,3.91826417072727,-200.97571087987245,-197.49828103438085
TS151,1.0,3.9269908169872414,-199.8445200460879,-199.84452004608784
TS151,1.0,3.935717463247213,-198.63173186168115,-202.12911882130345
TS151,1.0,3.944444109507185,-197.33480442672283,-204.34617194980498
TS151,1.0,3.9531707557671565,-195.9516690053352,-206.48997431345578
TS151,1.0,3.961897402027128,-194.48079696786388,-208.55512136900035
TS151,1.0,3.9706240482870996,-192.92125787379544,-210.53660875465
TS151,1.0,3.9793506945470716,-191.27276569838688,-212.42992733062047
TS151,1.0,3.988077340807043,-189.53571057046986,-214.23114967288808
TS151,1.0,3.9968039870670147,-187.71117397555935,-215.93700422385
TS151,1.0,4.005530633326987,-185.8009261544204,-217.5449337712112
TS151,1.0,4.014257279586958,-183.8074053353543,-219.05313565382855
TS151,1.0,4.02298392584693,-181.73367940275466,-220.46058202626725
TS151,1.0,4.031710572106901,-179.58339153966486,-221.76701957325272
TS151,1.0,4.040437218366873,-177.3606922047124,-222.97294915685535
TS151,1.0,4.049163864626845,-175.07016044351732,-224.07958690637986
TS151,1.0,4.057890510886816,-172.7167179430085,-225.08880913718647
TS151,1.0,4.066617157146788,-170.30553939286736,-226.00308414457538
TS151,1.0,4.075343803406759,-167.84196262830872,-226.825394324758
TS151,1.0,4.084070449666731,-165.33140172385865,-227.55915221887557
TS151,1.0,4.092797095926703,-162.77926573782653,-228.20811397725632
TS151,1.0,4.101523742186674,-160.19088523036817,-228.77629344000496
TS151,1.0,4.110250388446646,-157.57144805429226,-229.26787957998638
TS151,1.0,4.118977034706618,-154.92594530114607,-229.6871595134191
TS151,1.0,4.127703680966589,-152.25912771908995,-230.0384487071071
TS151,1.0,4.136430327226561,-149.5754724340859,-230.3260294472629
TS151,1.0,4.145156973486532,-146.87915941904507,-230.5540981192154
TS151,1.0,4.153883619746504,-144.17405687197768,-230.726721404154
TS151,1.0,4.162610266006476,-141.4637144796036,-230.8478011410467
TS151,1.0,4.171336912266447,-138.75136344631605,-230.92104733186332
TS151,1.0,4.180063558526419,-136.03992214512488,-230.949958581771
TS151,1.0,4.1887902047863905,-133.33200628091373,-230.93780915363502
TS151,1.0,4.1975168510463625,-130.62994253109306,-230.88764176585966
TS151,1.0,4.2062434973063345,-127.93578473015002,-230.80226526131534
TS151,1.0,4.214970143566306,-125.25133178047686,-230.68425631019934
TS151,1.0,4.223696789826278,-122.57814659260372,-230.53596436981215
TS151,1.0,4.232423436086249,-119.91757547633536,-230.35951919975574
TS151,1.0,4.241150082346221,-117.27076751531669,-230.15684031421262
TS151,1.0,4.249876728606193,-114.63869355814032,-229.9296478378217
TS151,1.0,4.258603374866164,-112.02216454758859,-229.6794743139487
TS151,1.0,4.267330021126136,-109.42184898551811,-229.40767709098085
TS151,1.0,4.276056667386108,-106.83828939450684,-229.1154509819231
TS151,1.0,4.284783313646079,-104.27191768951786,-228.80384095417187
TS151,1.0,4.293509959906051,-101.72306941463476,-228.473754659681
TS151,1.0,4.302236606166022,-99.19199683264566,-228.12597466104225
TS151,1.0,4.310963252425994,-96.6788808802037,-227.76117024682063
TS151,1.0,4.319689898685966,-94.18384201975647,-227.37990876050125
TS151,1.0,4.328416544945937,-91.70695003252762,-226.98266639241407
TS151,1.0,4.337143191205909,-89.24823280564266,-226.569838403803
TS151,1.0,4.34586983746588,-86.80768417188492,-226.14174876757028
TS151,1.0,4.354596483725852,-84.38527086332532,-225.69865922188671
TS151,1.0,4.363323129985824,-81.98093864086113,-225.240777741461
TS151,1.0,4.372049776245795,-79.59461766100942,-224.76826643739338
TS151,1.0,4.380776422505767,-77.22622713960621,-224.28124890070822
TS151,1.0,4.389503068765738,-74.87567936967172,-223.77981700729575
TS151,1.0,4.39822971502571,-72.54288314788144,-223.26403720346275
TS151,1.0,4.406956361285682,-70.22774666106359,-222.73395629190986
TS151,1.0,4.4156830075456535,-67.93017988102712,-222.1896067379559
TS151,1.0,4.4244096538056255,-65.65009651296815,-221.6310115154353
TS151,1.0,4.4331363000655974,-63.387415539746776,-221.05818851105886
TS151,1.0,4.4418629463255686,-61.14206240152211,-220.4711545052767
TS151,1.0,4.4505895925855405,-58.913969847625445,-219.86992874691913
TS151,1.0,4.459316238845512,-56.703078495127016,-219.25453613817825
TS151,1.0,4.468042885105484,-54.50933712631058,-218.62501004588395
TS151,1.0,4.476769531365456,-52.332702755226606,-217.9813947545558
TS151,1.0,4.485496177625427,-50.17314049158831,-217.323747576384
TS151,1.0,4.494222823885399,-48.03062322853013,-216.65214063311925
TS151,1.0,4.50294947014537,-45.90513117911525,-215.96666232482332
TS151,1.0,4.511676116405342,-43.796651284936324,-215.26741850052835
TS151,1.0,4.520402762665314,-41.70517651870726,-214.55453334606636
TS151,1.0,4.529129408925285,-39.630705101332566,-213.82815000461653
TS151,1.0,4.537856055185257,-37.573239652589436,-213.08843094586967
TS151,1.0,4.546582701445229,-35.53278629322721,-212.3355581000833
TS151,1.0,4.5553093477052,-33.509353714969926,-211.5697327736729
TS151,1.0,4.564035993965172,-31.502952233609307,-210.7911753633305
TS151,1.0,4.572762640225143,-29.513592839078775,-210.00012488595593
TS151,1.0,4.581489286485115,-27.541286255097436,-209.19683834189695
TS151,1.0,4.590215932745087,-25.586042019696134,-208.38158992912062
TS151,1.0,4.598942579005058,-23.647867596647206,-207.55467012594715
TS151,1.0,4.60766922526503,-21.726767526561137,-206.71638465987107
TS151,1.0,4.616395871525001,-19.8227426251693,-205.86705337976255
TS151,1.0,4.625122517784973,-17.935789235089292,-205.0070090483743
TS151,1.0,4.633849164044945,-16.065898536202344,-204.13659607159718
TS151,1.0,4.642575810304916,-14.213055918628488,-203.25616918028933
TS151,1.0,4.651302456564888,-12.377240421213793,-202.3660920797848
TS151,1.0,4.6600291028248595,-10.558424237426623,-201.46673608135805
TS151,1.0,4.6687557490848315,-8.756572289605103,-200.55847872900407
TS151,1.0,4.6774823953448035,-6.971641871634493,-199.64170243390635
TS151,1.0,4.686209041604775,-5.2035823593279416,-198.7167931279131
TS151,1.0,4.694935687864747,-3.452334987078456,-197.78413894625325
TS151,1.0,4.703662334124719,-1.7178326887215012,-196.84412894860745
TS151,1.0,4.71238898038469,-3.5985723002986956e-14,-195.8971518865228
TS151,1.0,4.721115626644662,1.701246980430062,-194.94359502404123
TS151,1.0,4.729842272904633,3.3860005748922717,-193.98384301731187
TS151,1.0,4.738568919164605,5.054361459220298,-193.01827685788962
TS151,1.0,4.747295565424577,6.706438547880114,-192.04727288340197
TS151,1.0,4.756022211684548,8.342348835795724,-191.07120185829424
TS151,1.0,4.76474885794452,9.962217201070237,-190.09042812645794
TS151,1.0,4.773475504204491,11.56617617281945,-189.105308836707
TS151,1.0,4.782202150464463,13.154365668313142,-188.11619324129583
TS151,1.0,4.790928796724435,14.726932703535294,-187.12342206698565
TS151,1.0,4.799655442984406,16.284031081167893,-186.12732695754096
TS151,1.0,4.808382089244378,17.825821059847218,-185.12822998600248
TS151,1.0,4.817108735504349,19.352469008363148,-184.12644323461538
TS151,1.0,4.825835381764321,20.864147048276386,-183.12226843989288
TS151,1.0,4.834562028024293,22.361032688201558,-182.11599669997716
TS151,1.0,4.843288674284264,23.84330845278206,-181.10790824119417
TS151,1.0,4.852015320544236,25.311161509138742,-180.09827224050238
TS151,1.0,4.860741966804208,26.764783293332513,-179.087346700395
TS151,1.0,4.869468613064179,28.204369139143125,-178.07537837271917
TS151,1.0,4.878195259324151,29.630117911222776,-177.0626027278348
TS151,1.0,4.886921905584122,31.042231644449892,-176.04924396553062
TS151,1.0,4.895648551844094,32.44091519108766,-175.03551506414414
TS151,1.0,4.904375198104066,33.826375877127816,-174.02161786439885
TS151,1.0,4.9131018443640375,35.19882316900321,-173.0077431845584
TS151,1.0,4.9218284906240095,36.5584683516544,-171.99407096360835
TS151,1.0,4.930555136883981,37.90552421875555,-170.98077042930908
TS151,1.0,4.939281783143953,39.24020477574262,-169.96800028809912
TS151,1.0,4.948008429403925,40.562724956125415,-168.95590893398983
TS151,1.0,4.956735075663896,41.87330035143292,-167.94463467374715
TS151,1.0,4.965461721923868,43.17214695500866,-166.93430596582465
TS151,1.0,4.974188368183839,44.459480919759706,-165.92504167068262
TS151,1.0,4.982915014443811,45.73551832986463,-164.91695131028968
TS151,1.0,4.991641660703783,47.00047498634951,-163.9101353347785
TS151,1.0,5.000368306963754,48.25456620636878,-162.9046853943847
TS151,1.0,5.009094953223726,49.498006635955214,-161.9006846149595
TS151,1.0,5.017821599483698,50.73101007594506,-160.89820787550292
TS151,1.0,5.026548245743669,51.95378932073833,-159.89732208630795
TS151,1.0,5.035274892003641,53.16655600950977,-158.8980864664496
TS151,1.0,5.044001538263612,54.36952048945295,-157.90055281948798
TS151,1.0,5.052728184523584,55.56289169061719,-156.90476580637556
TS151,1.0,5.061454830783556,56.74687701187115,-155.91076321468444
TS151,1.0,5.070181477043527,57.92168221751766,-154.91857622337196
TS151,1.0,5.078908123303499,59.08751134407229,-153.92822966241363
TS151,1.0,5.08763476956347,60.24456661671132,-152.9397422667226
TS151,1.0,5.096361415823442,61.393048374898974,-151.95312692386315
TS151,1.0,5.105088062083414,62.53315500669858,-150.9683909151506
TS151,1.0,5.113814708343385,63.66508289128404,-149.98553614979696
TS151,1.0,5.122541354603357,64.78902634917107,-149.00455939183453
TS151,1.0,5.1312680008633285,65.90517759969741,-148.025452479609
TS151,1.0,5.1399946471233005,67.01372672529622,-147.0482025376849
TS151,1.0,5.1487212933832724,68.11486164211293,-146.07279218106217
TS151,1.0,5.1574479396432436,69.20876807653616,-145.09919971164
TS151,1.0,5.1661745859032155,70.29562954722354,-144.1273993069075
TS151,1.0,5.1749012321631875,71.3756273522181,-143.1573612008747
TS151,1.0,5.183627878423159,72.44894056077038,-142.18905185728624
TS151,1.0,5.192354524683131,73.51574600949279,-141.2224341351874
TS151,1.0,5.201081170943102,74.57621830248974,-140.25746744693808
TS151,1.0,5.209807817203074,75.63052981512544,-139.29410790878347
TS151,1.0,5.218534463463046,76.67885070110168,-138.33230848411503
TS151,1.0,5.227261109723017,77.72134890253862,-137.37201911956308
TS151,1.0,5.235987755982989,78.75819016276287,-136.41318687407662
TS151,1.0,5.24471440224296,79.78953804152177,-135.45575604115763
TS151,1.0,5.253441048502932,80.81555393236015,-134.49966826441872
TS151,1.0,5.262167694762904,81.83639708190384,-133.54486264664627
TS151,1.0,5.270894341022875,82.852224610813,-132.59127585254882
TS151,1.0,5.279620987282847,83.86319153617602,-131.63884220537707
TS151,1.0,5.288347633542818,84.86945079512797,-130.6874937776034
TS151,1.0,5.29707427980279,85.87115326949075,-129.7371604758459
TS151,1.0,5.305800926062762,86.86844781123797,-128.78777012022735
TS151,1.0,5.314527572322733,87.86148126860276,-127.83924851835201
TS151,1.0,5.323254218582705,88.85039851265105,-126.89151953408516
TS151,1.0,5.331980864842677,89.8353424641541,-125.9445051513183
TS151,1.0,5.340707511102648,90.81645412060156,-124.99812553289587
TS151,1.0,5.34943415736262,91.79387258320381,-124.05229907488017
TS151,1.0,5.358160803622591,92.76773508373601,-123.10694245632602
TS151,1.0,5.366887449882563,93.73817701108857,-122.16197068473085
TS151,1.0,5.375614096142535,94.70533193738646,-121.21729713732566
TS151,1.0,5.3843407424025065,95.66933164355154,-120.27283359836366
TS151,1.0,5.3930673886624785,96.63030614418226,-119.32849029256215
TS151,1.0,5.40179403492245,97.58838371162864,-118.38417591484834
TS151,1.0,5.410520681182422,98.54369089914786,-117.43979765655286
TS151,1.0,5.419247327442394,99.49635256302227,-116.4952612281948
TS151,1.0,5.427973973702365,100.4464918835294,-115.55047087899386
TS151,1.0,5.436700619962337,101.39423038465189,-114.6053294132423
TS151,1.0,5.445427266222308,102.33968795241623,-113.65973820366796
TS151,1.0,5.45415391248228,103.28298285175346,-112.71359720191037
TS151,1.0,5.462880558742252,104.22423174176963,-111.76680494623503
TS151,1.0,5.471607205002223,105.16354968931884,-110.81925856660118
TS151,1.0,5.480333851262195,106.10105018076804,-109.87085378719968
TS151,1.0,5.489060497522167,107.03684513184069,-108.92148492657344
TS151,1.0,5.497787143782138,107.97104489542915,-107.9710448954292
TS151,1.0,5.50651379004211,108.90375826725882,-107.01942519224792
TS151,1.0,5.515240436302081,109.83509248928642,-106.06651589680075
TS151,1.0,5.523967082562053,110.76515325071479,-105.11220566167184
TS151,1.0,5.532693728822025,111.69404468649714,-104.15638170189264
TS151,1.0,5.541420375081996,112.62186937320719,-103.1989297827879
TS151,1.0,5.550147021341968,113.54872832214271,-102.23973420613396
TS151,1.0,5.558873667601939,114.47472096952654,-101.2786777947323
TS151,1.0,5.567600313861911,115.39994516366761,-100.31564187549608
TS151,1.0,5.576326960121883,116.32449714893433,-99.35050626115486
TS151,1.0,5.585053606381854,117.24847154639238,-98.38314923067773
TS151,1.0,5.593780252641826,118.17196133095062,-97.41344750852069
TS151,1.0,5.602506898901797,119.09505780485206,-96.44127624280571
TS151,1.0,5.611233545161769,120.01785056734485,-95.46650898253844
TS151,1.0,5.619960191421741,120.94042748035625,-94.48901765398033
TS151,1.0,5.6286868376817125,121.86287462999086,-93.50867253628861
TS151,1.0,5.6374134839416845,122.78527628366504,-92.52534223654635
TS151,1.0,5.6461401302016565,123.70771484268194,-91.53889366430846
TS151,1.0,5.654866776461628,124.63027079004735,-90.54919200579373
TS151,1.0,5.6635934227216,125.55302263331676,-89.55610069786064
TS151,1.0,5.672320068981571,126.4760468422575,-88.55948140191315
TS151,1.0,5.681046715241543,127.39941778110443,-87.55919397788489
TS151,1.0,5.689773361501515,128.32320763517797,-86.5550964584666
TS151,1.0,5.698500007761486,129.2474863316291,-85.54704502374284
TS151,1.0,5.707226654021458,130.17232145406805,-84.53489397641899
TS151,1.0,5.715953300281429,131.0977781508266,-83.51849571783005
TS151,1.0,5.724679946541401,132.02391903660083,-82.4977007249303
TS151,1.0,5.733406592801373,132.9508040872131,-81.47235752848185
TS151,1.0,5.742133239061344,133.87849052722999,-80.44231269266686
TS151,1.0,5.750859885321316,134.80703271016833,-79.40741079636686
TS151,1.0,5.759586531581287,135.73648199101874,-78.36749441636755
TS151,1.0,5.768313177841259,136.666886590817,-77.32240411275946
TS151,1.0,5.777039824101231,137.59829145299068,-76.27197841682887
TS151,1.0,5.785766470361202,138.53073809121292,-75.21605382174364
TS151,1.0,5.794493116621174,139.46426442849867,-74.15446477636321
TS151,1.0,5.803219762881146,140.39890462728232,-73.08704368252022
TS151,1.0,5.811946409141117,141.33468891022824,-72.01362089613933
TS151,1.0,5.820673055401089,142.27164337153351,-70.93402473258348
TS151,1.0,5.82939970166106,143.20978977849666,-69.8480814766391
TS151,1.0,5.838126347921032,144.14914536314802,-68.75561539757206
TS151,1.0,5.846852994181004,145.08972260375188,-67.65644876971386
TS151,1.0,5.8555796404409755,146.03152899602568,-66.5504018990569
TS151,1.0,5.8643062867009474,146.97456681394422,-65.43729315636398
TS151,1.0,5.8730329329609186,147.91883286003744,-64.31693901732235
TS151,1.0,5.8817595792208905,148.86431820513366,-63.18915411029224
TS151,1.0,5.8904862254808625,149.81100791754287,-62.053751272229334
TS151,1.0,5.899212871740834,150.7588807817374,-60.91054161337777
TS151,1.0,5.907939518000806,151.70790900664463,-59.75933459135578
TS151,1.0,5.916666164260777,152.65805792373928,-58.59993809527689
TS151,1.0,5.925392810520749,153.60928567520523,-57.43215854056394
TS151,1.0,5.934119456780721,154.56154289252052,-56.25580097513636
TS151,1.0,5.942846103040692,155.51477236592578,-55.07066919765815
TS151,1.0,5.951572749300664,156.4689087053397,-53.87656588854814
TS151,1.0,5.960299395560636,157.42387799341,-52.673292754460356
TS151,1.0,5.969026041820607,158.37959743152174,-51.46065068694008
TS151,1.0,5.977752688080579,159.3359749797275,-50.23843993596008
TS151,1.0,5.98647933434055,160.29290899172352,-49.006460299030735
TS151,1.0,5.995205980600522,161.25028784616728,-47.764511326554675
TS151,1.0,6.003932626860494,162.2079895758133,-46.51239254407724
TS151,1.0,6.012659273120465,163.16588149614398,-45.2499036920398
TS151,1.0,6.021385919380437,164.12381983537986,-43.9768449836011
TS151,1.0,6.030112565640408,165.08164936797607,-42.69301738103214
TS151,1.0,6.03883921190038,166.0392030539473,-41.39822289111405
TS151,1.0,6.047565858160352,166.99630168660659,-40.092264879889164
TS151,1.0,6.056292504420323,167.9527535515584,-38.774948407005844
TS151,1.0,6.065019150680295,168.9083541000495,-37.446080579784706
TS151,1.0,6.073745796940266,169.8628856400448,-36.10547092699619
TS151,1.0,6.082472443200238,170.8161170486726,-34.75293179218024
TS151,1.0,6.09119908946021,171.7678035099465,-33.388278746170265
TS151,1.0,6.0999257357201815,172.71768628194354,-32.01133101827986
TS151,1.0,6.1086523819801535,173.66549249787445,-30.621911945398786
TS151,1.0,6.1173790282401255,174.61093500572522,-29.21984943800418
TS151,1.0,6.126105674500097,175.55371225137986,-27.804976461829533
TS151,1.0,6.134832320760069,176.4935082103344,-26.377131533654964
TS151,1.0,6.14355896702004,177.4299923732803,-24.93615922937984
TS151,1.0,6.152285613280012,178.3628197909738,-23.481910702212314
TS151,1.0,6.161012259539984,179.29163118388666,-22.014244208478992
TS151,1.0,6.169738905799955,180.21605312216923,-20.53302563819606
TS151,1.0,6.178465552059927,181.13569828142317,-19.03812904718328
TS151,1.0,6.187192198319898,182.0501657796762,-17.529437187129226
TS151,1.0,6.19591884457987,182.9590416007699,-16.006842029635315
TS151,1.0,6.204645490839842,183.8618991090945,-14.470245279901496
TS151,1.0,6.213372137099813,184.75829966023957,-12.91955887534438
TS151,1.0,6.222098783359785,185.64779331165283,-11.354705464096243
TS151,1.0,6.230825429619756,186.52991963681697,-9.775618858009818
TS151,1.0,6.239552075879728,187.40420864575947,-8.182244454497422
TS151,1.0,6.2482787221397,188.27018181389218,-6.574539621292336
TS151,1.0,6.257005368399671,189.12735322024926,-4.952474038013435
TS151,1.0,6.265732014659643,189.97523079514093,-3.3160299882823145
TS151,1.0,6.274458660919615,190.8133176760806,-1.6652025960751555
TS151,1.0,6.283185307179586,191.64111366958258,-4.6938535288097675e-14
TS151,2.0,0.0,206.5646854460626,0.0
TS151,2.0,0.008726646259971648,207.42579577511088,1.8101774961223256
TS151,2.0,0.017453292519943295,208.2745694314089,3.6354461323218037
TS151,2.0,0.026179938779914945,209.110488180306,5.475750842783882
TS151,2.0,0.03490658503988659,209.93303847652706,7.331023245341007
TS151,2.0,0.04363323129985824,210.74171343854556,9.201181918882346
TS151,2.0,0.05235987755982989,211.53601487711313,11.086132778093866
TS151,2.0,0.061086523819801536,212.31545536441575,12.985769548530868
TS151,2.0,0.06981317007977318,213.07956032897872,14.899974344130378
TS151,2.0,0.07853981633974483,213.82787016021848,16.828618348282095
TS151,2.0,0.08726646259971647,214.55994230547395,18.771562598505277
TS151,2.0,0.09599310885968812,215.27535334146225,20.72865887363821
TS151,2.0,0.10471975511965978,215.97370100143428,22.699750681253615
TS151,2.0,0.11344640137963143,216.65460613887294,24.684674341785907
TS151,2.0,0.12217304763960307,217.31771460840298,26.683260164615493
TS151,2.0,0.1308996938995747,217.96269904468613,28.695333710122828
TS151,2.0,0.13962634015954636,218.58926052046127,30.720717130524125
TS151,2.0,0.14835298641951802,219.19713006556992,32.75923058115443
TS151,2.0,0.15707963267948966,219.7860700297666,34.81069369279392
TS151,2.0,0.16580627893946132,220.35587527335252,36.874927094662674
TS151,2.0,0.17453292519943295,220.90637417116076,38.9517539768552
TS151,2.0,0.1832595714594046,221.4374294171404,41.04100168026686
TS151,2.0,0.19198621771937624,221.94893861870437,43.14250330149226
TS151,2.0,0.2007128639793479,222.44083467207835,45.256099299761296
TS151,2.0,0.20943951023931956,222.91308591207562,47.38163909272504
TS151,2.0,0.2181661564992912,223.36569603197708,49.51898262781462
TS151,2.0,0.22689280275926285,223.79870377146898,51.66800191596478
TS151,2.0,0.23561944901923448,224.2121823728263,53.8285825147128
TS151,2.0,0.24434609527920614,224.6062388076875,56.00062494803923
TS151,2.0,0.2530727415391778,224.98101277878993,58.18404605079234
TS151,2.0,0.2617993877991494,225.3366755028805,60.37878022611077
TS151,2.0,0.27052603405912107,225.67342828264904,62.58478060490629
TS151,2.0,0.2792526803190927,225.99150087690825,64.80202009716103
TS151,2.0,0.2879793265790644,226.29114967934166,67.03049232550502
TS151,2.0,0.29670597283903605,226.57265571693338,69.27021243223649
TS151,2.0,0.30543261909900765,226.83632247966884,71.52121775160212
TS151,2.0,0.3141592653589793,227.0824735932386,73.78356833973206
TS151,2.0,0.32288591161895097,227.31145034629648,76.05734735509871
TS151,2.0,0.33161255787892263,227.52360908331113,78.34266128270733
TS151,2.0,0.34033920413889424,227.71931847322801,80.63963999540292
TS151,2.0,0.3490658503988659,227.89895666303082,82.94843664566642
TS151,2.0,0.35779249665883756,228.06290832389004,85.26922738105002
TS151,2.0,0.3665191429188092,228.21156159592144,87.60221087594374
TS151,2.0,0.3752457891787809,228.3453049356836,89.94760767165418
TS151,2.0,0.3839724354387525,228.4645238684475,92.30565931579494
TS151,2.0,0.39269908169872414,228.5695976449997,94.67662729072033
TS151,2.0,0.4014257279586958,228.6608958003273,97.06079171916751
TS151,2.0,0.41015237421866746,228.73877460900923,99.458449833397
TS151,2.0,0.4188790204786391,228.80357342953886,101.8699141919287
TS151,2.0,0.4276056667386107,228.8556109271606,104.29551062545697
TS151,2.0,0.4363323129985824,228.8951811621598,106.73557589069088
TS151,2.0,0.44505895925855404,228.92254952793877,109.19045500770955
TS151,2.0,0.4537856055185257,228.93794852069502,111.6604982529565
TS151,2.0,0.4625122517784973,228.94157332013725,114.1460577762366
TS151,2.0,0.47123889803846897,228.9335771585065,116.6474838060555
TS151,2.0,0.4799655442984406,228.9140664532794,119.16512040339009
TS151,2.0,0.4886921905584123,228.88309567742573,121.6993007195639
TS151,2.0,0.49741883681838395,228.84066194007505,124.25034170939645
TS151,2.0,0.5061454830783556,228.78669925007227,126.8185382463175
TS151,2.0,0.5148721293383273,228.72107243533108,129.4041565818235
TS151,2.0,0.5235987755982988,228.64357069234254,132.00742708770116
TS151,2.0,0.5323254218582705,228.55390074291296,134.62853621609014
TS151,2.0,0.5410520681182421,228.45167957949587,137.26761761002177
TS151,2.0,0.5497787143782138,228.3364267866951,139.92474229594262
TS151,2.0,0.5585053606381855,228.20755643507363,142.5999078903957
TS151,2.0,0.5672320068981571,228.06436855477617,145.29302675608747
TS151,2.0,0.5759586531581288,227.90604021120288,148.00391304873233
TS151,2.0,0.5846852994181004,227.73161622364407,150.73226860618848
TS151,2.0,0.5934119456780721,227.53999959104442,153.47766764648176
TS151,2.0,0.6021385919380436,227.32994171755072,156.2395402624871
TS151,2.0,0.6108652381980153,227.10003256484953,159.0171547295782
TS151,2.0,0.619591884457987,226.84869089907852,161.8095986798232
TS151,2.0,0.6283185307179586,226.57415484770416,164.6157592437291
TS151,2.0,0.6370451769779303,226.27447303636015,167.4343023194896
TS151,2.0,0.6457718232379019,225.94749663700148,170.26365120139994
TS151,2.0,0.6544984694978736,225.59087272607528,173.10196488444436
TS151,2.0,0.6632251157578453,225.2020394232167,175.94711646135832
TS151,2.0,0.6719517620178169,224.77822335475858,178.79667214115833
TS151,2.0,0.6806784082777885,224.31644005843654,181.6478715424668
TS151,2.0,0.6894050545377601,223.813498010983,184.497610047545
TS151,2.0,0.6981317007977318,223.26600701222122,187.34242413837882
TS151,2.0,0.7068583470577035,222.6703916895277,190.17848076661042
TS151,2.0,0.7155849933176751,222.02291088540116,193.00157192403316
TS151,2.0,0.7243116395776468,221.31968364747564,195.8071156664507
TS151,2.0,0.7330382858376184,220.55672244334625,198.59016488506512
TS151,2.0,0.7417649320975901,219.72997406137074,201.34542509847384
TS151,2.0,0.7504915783575618,218.8353684246452,204.06728243647495
TS151,2.0,0.7592182246175333,217.86887523411335,206.74984278719853
TS151,2.0,0.767944870877505,216.82656796984898,209.38698276842618
TS151,2.0,0.7766715171374766,215.70469432672957,211.97241275608363
TS151,2.0,0.7853981633974483,214.49975166166593,214.49975166166593
TS151,2.0,0.7941248096574199,213.20856551461856,216.96261251265756
TS151,2.0,0.8028514559173916,211.8283687752885,219.354697187619
TS151,2.0,0.8115781021773633,210.35687864987153,221.6698979373738
TS151,2.0,0.8203047484373349,208.79236828929507,223.90240264538977
TS151,2.0,0.8290313946973066,207.13372982091715,226.04680021175255
TS151,2.0,0.8377580409572782,205.3805256187936,228.09818205442983
TS151,2.0,0.8464846872172498,203.5330249750709,230.05223556854907
TS151,2.0,0.8552113334772214,201.59222389534554,231.9053255106298
TS151,2.0,0.8639379797371931,199.55984650602238,233.6545596950612
TS151,2.0,0.8726646259971648,197.43832747815867,235.2978360878877
TS151,2.0,0.8813912722571364,195.2307758656124,236.83386930931326
TS151,2.0,0.8901179185171081,192.94092173912225,238.2621956348939
TS151,2.0,0.8988445647770797,190.57304788504172,239.58315672162993
TS151,2.0,0.9075712110370514,188.13190955135823,240.79786337876612
TS151,2.0,0.9162978572970231,185.62264570847105,241.9081416611932
TS151,2.0,0.9250245035569946,183.05068551907485,242.9164643121544
TS151,2.0,0.9337511498169663,180.4216536803508,243.82587107491395
TS151,2.0,0.9424777960769379,177.7412780387808,244.63988161401795
TS151,2.0,0.9512044423369096,175.01530242978714,245.36240474870021
TS151,2.0,0.9599310885968813,172.24940711960093,245.9976474403691
TS151,2.0,0.9686577348568529,169.44913858724672,246.55002654521238
TS151,2.0,0.9773843811168246,166.61984973810655,247.02408580117452
TS151,2.0,0.9861110273767962,163.76665103525096,247.42441992450733
TS151,2.0,0.9948376736367679,160.8943725057299,247.7556070965058
TS151,2.0,1.0035643198967394,158.0075361476758,248.02215056687717
TS151,2.0,1.0122909661567112,155.11033793899642,248.22842961500206
TS151,2.0,1.0210176124166828,152.20663842775392,248.37865971053188
TS151,2.0,1.0297442586766545,149.29996075848547,248.4768614060849
TS151,2.0,1.038470904936626,146.39349494343432,248.5268372747187
TS151,2.0,1.0471975511965976,143.49010720639515,248.53215606498145
TS151,2.0,1.0559241974565694,140.5923532929976,248.49614317487976
TS151,2.0,1.064650843716541,137.7024947393136,248.42187652973374
TS151,2.0,1.0733774899765127,134.8225172074164,248.31218697436447
TS151,2.0,1.0821041362364843,131.9541501211758,248.16966234517812
TS151,2.0,1.090830782496456,129.09888695992385,247.99665446188467
TS151,2.0,1.0995574287564276,126.25800568585798,247.79528836319386
TS151,2.0,1.1082840750163994,123.43258888932888,247.56747319909366
TS151,2.0,1.117010721276371,120.62354333238031,247.31491427928603
TS151,2.0,1.1257373675363425,117.83161865416251,247.03912585958307
TS151,2.0,1.1344640137963142,115.05742507221504,246.74144432337513
TS151,2.0,1.1431906600562858,112.30144997176973,246.42304148249823
TS151,2.0,1.1519173063162575,109.56407332224106,246.0849377804913
TS151,2.0,1.160643952576229,106.84558189722887,245.72801523146293
TS151,2.0,1.1693705988362009,104.14618230298566,245.35302997000068
TS151,2.0,1.1780972450961724,101.46601284173884,244.9606243224485
TS151,2.0,1.1868238913561442,98.80515425172464,244.55133833821293
TS151,2.0,1.1955505376161157,96.16363937641975,244.12562074236934
TS151,2.0,1.2042771838760873,93.5414618222205,243.68383928853928
TS151,2.0,1.213003830136059,90.93858366757603,243.22629050456163
TS151,2.0,1.2217304763960306,88.35494228803462,242.75320883359134
TS151,2.0,1.2304571226560024,85.79045636141144,242.264775180563
TS151,2.0,1.239183768915974,83.24503111580931,241.76112487899564
TS151,2.0,1.2479104151759457,80.71856288090527,241.2423550963783
TS151,2.0,1.2566370614359172,78.21094300006827,240.7085316982622
TS151,2.0,1.265363707695889,75.72206115771569,240.1596955920404
TS151,2.0,1.2740903539558606,73.25180817304332,239.59586857149665
TS151,2.0,1.2828170002158321,70.80007830798839,239.01705868279842
TS151,2.0,1.2915436464758039,68.36677113411064,238.42326513186316
TS151,2.0,1.3002702927357754,65.95179300005546,237.81448275211073
TS151,2.0,1.3089969389957472,63.5550581384334,237.19070605062737
TS151,2.0,1.3177235852557188,61.17648944833435,236.55193284980882
TS151,2.0,1.3264502315156905,58.8160189872846,235.89816754068335
TS151,2.0,1.335176877775662,56.47358820425645,235.22942396337024
TS151,2.0,1.3439035240356338,54.14914794332579,234.5457279295592
TS151,2.0,1.3526301702956054,51.84265824573513,233.8471194014833
TS151,2.0,1.361356816555577,49.55408797642353,233.13365434162625
TS151,2.0,1.3700834628155487,47.28341429951971,232.40540624733705
TS151,2.0,1.3788101090755203,45.030622025824975,231.66246738459884
TS151,2.0,1.387536755335492,42.79570285392437,230.90494973540746
TS151,2.0,1.3962634015954636,40.57865452523577,230.13298567351742
TS151,2.0,1.4049900478554354,38.379479912014695,229.34672838369215
TS151,2.0,1.413716694115407,36.19818605607191,228.54635204001295
TS151,2.0,1.4224433403753787,34.03478317470919,227.73205175923593
TS151,2.0,1.4311699866353502,31.889283649138402,226.90404334560117
TS151,2.0,1.4398966328953218,29.76170100940379,226.0625628438749
TS151,2.0,1.4486232791552935,27.65204892858637,225.20786591771108
TS151,2.0,1.457349925415265,25.56034023782313,224.34022707064403
TS151,2.0,1.4660765716752369,23.48658597243066,223.4599387271371
TS151,2.0,1.4748032179352084,21.430794458188924,222.56731019111612
TS151,2.0,1.4835298641951802,19.392970445615518,221.66266649929042
TS151,2.0,1.4922565104551517,17.373114298862454,220.74634718631046
TS151,2.0,1.5009831567151235,15.371221244692205,219.81870497842354
TS151,2.0,1.509709802975095,13.387280685859276,218.88010443177953
TS151,2.0,1.5184364492350666,11.421275582133578,217.93092053090282
TS151,2.0,1.5271630954950384,9.473181901172715,216.97153726210158
TS151,2.0,1.53588974175501,7.542968140479814,216.0023461757422
TS151,2.0,1.5446163880149817,5.630594920783678,215.0237449503867
TS151,2.0,1.5533430342749532,3.7360146503549534,214.03613597078933
TS151,2.0,1.562069680534925,1.8591712590233418,213.0399249306947
TS151,2.0,1.5707963267948966,1.2983431011241829e-14,212.0355194702897
TS151,2.0,1.5795229730548683,-1.8415726829743786,211.02332785704357
TS151,2.0,1.5882496193148399,-3.6656292261295986,210.0037577175555
TS151,2.0,1.5969762655748114,-5.4722609572047265,208.97721482691617
TS151,2.0,1.6057029118347832,-7.2615680517487515,207.94410196100534
TS151,2.0,1.6144295580947547,-9.033659438164515,206.9048178160933
TS151,2.0,1.6231562043547265,-10.788652655662109,205.8597559991106
TS151,2.0,1.631882850614698,-12.526673669402829,204.80930409099972
TS151,2.0,1.6406094968746698,-14.247856647171384,203.75384278467246
TS151,2.0,1.6493361431346414,-15.952343701908768,202.6937450982801
TS151,2.0,1.6580627893946132,-17.6402846043882,201.62937566375268
TS151,2.0,1.6667894356545847,-19.3118364702164,200.56109008989108
TS151,2.0,1.6755160819145565,-20.967163425210508,199.48923439869856
TS151,2.0,1.684242728174528,-22.606436253030985,198.4141445331143
TS151,2.0,1.6929693744344996,-24.2298320287607,197.33614593386184
TS151,2.0,1.7016960206944713,-25.8375337419049,196.25555318274894
TS151,2.0,1.710422666954443,-27.42972991205935,195.1726697094437
TS151,2.0,1.7191493132144147,-29.006614200255477,194.08778755850574
TS151,2.0,1.7278759594743862,-30.56838501874419,193.0011872132661
TS151,2.0,1.736602605734358,-32.11524514173591,191.9131374730175
TS151,2.0,1.7453292519943295,-33.64740131936459,190.82389537989337
TS151,2.0,1.7540558982543013,-35.16506389690515,189.73370619178152
TS151,2.0,1.7627825445142729,-36.668446441034845,188.64280339761802
TS151,2.0,1.7715091907742444,-38.15776537470499,187.55140877144672
TS151,2.0,1.7802358370342162,-39.63323962197091,186.45973246169882
TS151,2.0,1.7889624832941877,-41.09509026392373,185.36797311224066
TS151,2.0,1.7976891295541595,-42.543540206675274,184.27631801185186
TS151,2.0,1.806415775814131,-43.97881386216649,183.18494326893142
TS151,2.0,1.8151424220741028,-45.401136842405464,182.09401400837157
TS151,2.0,1.8238690683340744,-46.81073566758664,181.00368458770072
TS151,2.0,1.8325957145940461,-48.207837488405886,179.91409882975432
TS151,2.0,1.8413223608540177,-49.59266982275777,178.82539026930533
TS151,2.0,1.8500490071139892,-50.96546030689143,177.7376824112538
TS151,2.0,1.858775653373961,-52.32643646099801,176.65108899814498
TS151,2.0,1.8675022996339325,-53.67582546911588,175.56571428495548
TS151,2.0,1.8762289458939043,-55.01385397316221,174.48165331925006
TS151,2.0,1.8849555921538759,-56.3407478808305,173.39899222497363
TS151,2.0,1.8936822384138476,-57.656732187039346,172.31780848829862
TS151,2.0,1.9024088846738192,-58.962030808566674,171.23817124409635
TS151,2.0,1.911135530933791,-60.25686643146569,170.16014156174225
TS151,2.0,1.9198621771937625,-61.54146037082484,169.08377272910278
TS151,2.0,1.928588823453734,-62.81603244241023,168.00911053367517
TS151,2.0,1.9373154697137058,-64.08080084570769,166.93619353997443
TS151,2.0,1.9460421159736774,-65.33598205786969,165.86505336237187
TS151,2.0,1.9547687622336491,-66.58179073806234,164.795714932693
TS151,2.0,1.9634954084936207,-67.81843964170345,163.72819676198162
TS151,2.0,1.9722220547535925,-69.04613954408222,162.66251119592303
TS151,2.0,1.980948701013564,-70.26509917285333,161.59866466350323
TS151,2.0,1.9896753472735358,-71.47552514890396,160.53665791855389
TS151,2.0,1.9984019935335073,-72.67762193509981,159.4764862739038
TS151,2.0,2.007128639793479,-73.87159179242664,158.41813982791612
TS151,2.0,2.0158552860534504,-75.05763474305452,157.36160368324923
TS151,2.0,2.0245819323134224,-76.23594853986573,156.30685815772821
TS151,2.0,2.033308578573394,-77.40672864200047,155.25387898725901
TS151,2.0,2.0420352248333655,-78.57016819599033,154.20263752075732
TS151,2.0,2.050761871093337,-79.72645802206345,153.15310090710088
TS151,2.0,2.059488517353309,-80.87578660522213,152.1052322741436
TS151,2.0,2.0682151636132806,-82.01834009070879,151.0589908998582
TS151,2.0,2.076941809873252,-83.15430228349368,150.01433237569825
TS151,2.0,2.0856684561332237,-84.2838546514306,148.97120876228917
TS151,2.0,2.0943951023931953,-85.4071763317464,147.92956873757893
TS151,2.0,2.1031217486531673,-86.52444414054236,146.88935773758902
TS151,2.0,2.111848394913139,-87.6358325850017,145.85051808992324
TS151,2.0,2.1205750411731104,-88.7415138780131,144.8129891401986
TS151,2.0,2.129301687433082,-89.84165795493188,143.7767073715731
TS151,2.0,2.138028333693054,-90.93643249221596,142.74160651754963
TS151,2.0,2.1467549799530254,-92.02600292768554,141.7076176682412
TS151,2.0,2.155481626212997,-93.11053248216902,140.67466937028436
TS151,2.0,2.1642082724729685,-94.19018218230721,139.64268772059287
TS151,2.0,2.17293491873294,-95.26511088430107,138.61159645413974
TS151,2.0,2.181661564992912,-96.33547529839787,137.58131702596108
TS151,2.0,2.1903882112528836,-97.40143001391908,136.55176868757005
TS151,2.0,2.199114857512855,-98.463127524645,135.522868557969
TS151,2.0,2.2078415037728267,-99.52071825437682,134.49453168944788
TS151,2.0,2.2165681500327987,-100.57435058250594,133.46667112835013
TS151,2.0,2.2252947962927703,-101.62417086942752,132.4391979709881
TS151,2.0,2.234021442552742,-102.67032348164125,131.4120214148833
TS151,2.0,2.2427480888127134,-103.71295081638767,130.3850488055066
TS151,2.0,2.251474735072685,-104.75219332567482,129.35818567868589
TS151,2.0,2.260201381332657,-105.78818953955334,128.33133579884745
TS151,2.0,2.2689280275926285,-106.82107608850275,127.3044011932526
TS151,2.0,2.2776546738526,-107.85098772479516,126.27728218238522
TS151,2.0,2.2863813201125716,-108.87805734270464,125.24987740664491
TS151,2.0,2.2951079663725436,-109.90241599743412,124.22208384949386
TS151,2.0,2.303834612632515,-110.92419292263179,123.19379685720266
TS151,2.0,2.3125612588924866,-111.94351554637198,122.1649101553359
TS151,2.0,2.321287905152458,-112.96050950547453,121.13531586211666
TS151,2.0,2.3300145514124297,-113.97529865803779,120.10490449880218
TS151,2.0,2.3387411976724017,-114.98800509406023,119.07356499720376
TS151,2.0,2.3474678439323733,-115.99874914402382,118.04118470447763
TS151,2.0,2.356194490192345,-117.00764938531286,117.00764938531289
TS151,2.0,2.3649211364523164,-118.01482264633789,115.97284322163985
TS151,2.0,2.3736477827122884,-119.0203840082346,114.9366488099795
TS151,2.0,2.38237442897226,-120.02444680400329,113.8989471565541
TS151,2.0,2.3911010752322315,-121.02712261495273,112.859617670276
TS151,2.0,2.399827721492203,-122.02852126430781,111.81853815373333
TS151,2.0,2.4085543677521746,-123.02875080783717,110.77558479228776
TS151,2.0,2.4172810140121466,-124.02791752135319,109.73063214140195
TS151,2.0,2.426007660272118,-125.02612588493145,108.68355311231295
TS151,2.0,2.4347343065320897,-126.02347856369263,107.63421895616912
TS151,2.0,2.443460952792061,-127.02007638498412,106.58249924675016
TS151,2.0,2.452187599052033,-128.01601831179352,105.5282618618902
TS151,2.0,2.4609142453120048,-129.01140141222012,104.47137296372763
TS151,2.0,2.4696408915719763,-130.0063208248255,103.4116969779069
TS151,2.0,2.478367537831948,-131.00086971967664,102.34909657186246
TS151,2.0,2.4870941840919194,-131.99513925488884,101.28343263231734
TS151,2.0,2.4958208303518914,-132.98921852847175,100.21456424213541
TS151,2.0,2.504547476611863,-133.98319452527025,99.14234865666997
TS151,2.0,2.5132741228718345,-134.97715205879084,98.06664127975792
TS151,2.0,2.522000769131806,-135.97117370769243,96.9872956395166
TS151,2.0,2.530727415391778,-136.9653397467178,95.90416336410574
TS151,2.0,2.5394540616517496,-137.9597280718323,94.8170941576268
TS151,2.0,2.548180707911721,-138.954414119333,93.72593577633967
TS151,2.0,2.5569073541716927,-139.9494707786822,92.63053400538813
TS151,2.0,2.5656340004316642,-140.94496829881675,91.53073263623405
TS151,2.0,2.5743606466916362,-141.940974187677,90.42637344501303
TS151,2.0,2.5830872929516078,-142.93755310469626,89.31729617203662
TS151,2.0,2.5918139392115793,-143.93476674598682,88.20333850267802
TS151,2.0,2.600540585471551,-144.9326737219562,87.08433604989409
TS151,2.0,2.609267231731523,-145.93132942708533,85.96012233865028
TS151,2.0,2.6179938779914944,-146.93078590159936,84.83052879253164
TS151,2.0,2.626720524251466,-147.93109168476386,83.6953847228386
TS151,2.0,2.6354471705114375,-148.93229165954025,82.55451732048692
TS151,2.0,2.644173816771409,-149.9344268883385,81.40775165104593
TS151,2.0,2.652900463031381,-150.9375344396146,80.25491065327235
TS151,2.0,2.6616271092913526,-151.94164720506473,79.09581514151452
TS151,2.0,2.670353755551324,-152.9467937071848,77.93028381238503
TS151,2.0,2.6790804018112957,-153.9529978969749,76.75813325612033
TS151,2.0,2.6878070480712677,-154.96027894158908,75.57917797306916
TS151,2.0,2.6965336943312392,-155.96865100175256,74.39323039577435
TS151,2.0,2.705260340591211,-156.97812299879496,73.20010091713542
TS151,2.0,2.7139869868511823,-157.98869837117925,71.99959792516452
TS151,2.0,2.722713633111154,-159.00037482044414,70.79152784487087
TS151,2.0,2.731440279371126,-160.01314404651745,69.57569518783222
TS151,2.0,2.7401669256310974,-161.02699147241023,68.35190261003692
TS151,2.0,2.748893571891069,-162.04189595835308,67.11995097859989
TS151,2.0,2.7576202181510405,-163.05782950550253,65.8796394479807
TS151,2.0,2.7663468644110125,-164.07475694941314,64.63076554634938
TS151,2.0,2.775073510670984,-165.092635643553,63.373125272765954
TS151,2.0,2.7838001569309556,-166.11141513322826,62.106513205854405
TS151,2.0,2.792526803190927,-167.1310368203792,60.830722624666734
TS151,2.0,2.8012534494508987,-168.15143361982223,59.54554564244193
TS151,2.0,2.8099800957108707,-169.17252960762983,58.25077335397039
TS151,2.0,2.8187067419708423,-170.19423966247126,56.94619599727698
TS151,2.0,2.827433388230814,-171.21646910088376,55.631603130329964
TS151,2.0,2.8361600344907854,-172.23911330759339,54.30678382347425
TS151,2.0,2.8448866807507573,-173.2620573621784,52.97152686826828
TS151,2.0,2.853613327010729,-174.28517566354472,51.625621003378676
TS151,2.0,2.8623399732707004,-175.30833155387882,50.26885515814999
TS151,2.0,2.871066619530672,-176.33137694394702,48.90101871442364
TS151,2.0,2.8797932657906435,-177.3541519418301,47.521901787120065
TS151,2.0,2.8885199120506155,-178.37648448741018,46.131295524029944
TS151,2.0,2.897246558310587,-179.39818999516658,44.72899242517636
TS151,2.0,2.9059732045705586,-180.41907100808828,43.3147866820092
TS151,2.0,2.91469985083053,-181.4389168657647,41.88847453658056
TS151,2.0,2.923426497090502,-182.45750338998081,40.449854660714834
TS151,2.0,2.9321531433504737,-183.47459259140732,38.998728555037644
TS151,2.0,2.9408797896104453,-184.4899324012429,37.534900967555735
TS151,2.0,2.949606435870417,-185.5032564319265,36.05818033129137
TS151,2.0,2.9583330821303884,-186.51428377129383,34.56837922026083
TS151,2.0,2.9670597283903604,-187.52271881479476,33.0653148228552
TS151,2.0,2.975786374650332,-188.52825114061275,31.54880943142725
TS151,2.0,2.9845130209103035,-189.53055543273342,30.018690946612008
TS151,2.0,2.993239667170275,-190.52929145717835,28.474793394615165
TS151,2.0,3.001966313430247,-191.5241040967611,26.91695745538649
TS151,2.0,3.0106929596902186,-192.51462344981317,25.345030999264946
TS151,2.0,3.01941960595019,-193.50046499837254,23.758869629333045
TS151,2.0,3.0281462522101616,-194.48122985130706,22.158337226360842
TS151,2.0,3.036872898470133,-195.45650506776173,20.543306492848963
TS151,2.0,3.045599544730105,-196.42586406615695,18.91365949230934
TS151,2.0,3.0543261909900767,-197.38886712371885,17.269288179550365
TS151,2.0,3.0630528372500483,-198.3450619711871,15.61009491736717
TS151,2.0,3.07177948351002,-199.29398448690623,13.935992974688817
TS151,2.0,3.080506129769992,-200.2351594939688,12.246907000901231
TS151,2.0,3.0892327760299634,-201.16810166342412,10.542773470765122
TS151,2.0,3.097959422289935,-202.09231652580502,8.823541094082136
TS151,2.0,3.1066860685499065,-203.00730159234325,7.089171184047965
TS151,2.0,3.115412714809878,-203.91254758625425,5.339637978066807
TS151,2.0,3.12413936106985,-204.80753978336796,3.574928904707179
TS151,2.0,3.1328660073298216,-205.6917594601757,1.7950447904575166
TS151,2.0,3.141592653589793,-206.5646854460626,2.5296878084840044e-14
TS151,2.0,3.1503192998497647,-207.42579577511088,-1.8101774961222794
TS151,2.0,3.1590459461097367,-208.27456943140893,-3.6354461323218303
TS151,2.0,3.167772592369708,-209.11048818030596,-5.475750842783887
TS151,2.0,3.1764992386296798,-209.93303847652712,-7.331023245340995
TS151,2.0,3.1852258848896513,-210.74171343854553,-9.201181918882309
TS151,2.0,3.193952531149623,-211.53601487711308,-11.086132778093805
TS151,2.0,3.202679177409595,-212.31545536441575,-12.985769548530882
TS151,2.0,3.2114058236695664,-213.07956032897872,-14.899974344130372
TS151,2.0,3.220132469929538,-213.82787016021845,-16.828618348282063
TS151,2.0,3.2288591161895095,-214.55994230547395,-18.771562598505227
TS151,2.0,3.2375857624494815,-215.27535334146225,-20.728658873638242
TS151,2.0,3.246312408709453,-215.97370100143428,-22.699750681253622
TS151,2.0,3.2550390549694246,-216.65460613887294,-24.68467434178589
TS151,2.0,3.263765701229396,-217.31771460840295,-26.683260164615454
TS151,2.0,3.2724923474893677,-217.96269904468608,-28.69533371012276
TS151,2.0,3.2812189937493397,-218.58926052046127,-30.720717130524147
TS151,2.0,3.2899456400093112,-219.19713006556995,-32.75923058115443
TS151,2.0,3.2986722862692828,-219.78607002976656,-34.81069369279388
TS151,2.0,3.3073989325292543,-220.3558752733525,-36.87492709466262
TS151,2.0,3.3161255787892263,-220.90637417116076,-38.95175397685524
TS151,2.0,3.324852225049198,-221.4374294171404,-41.04100168026686
TS151,2.0,3.3335788713091694,-221.9489386187044,-43.14250330149225
TS151,2.0,3.342305517569141,-222.44083467207838,-45.25609929976125
TS151,2.0,3.351032163829113,-222.91308591207564,-47.38163909272509
TS151,2.0,3.3597588100890845,-223.36569603197708,-49.51898262781463
TS151,2.0,3.368485456349056,-223.798703771469,-51.66800191596478
TS151,2.0,3.3772121026090276,-224.2121823728263,-53.82858251471277
TS151,2.0,3.385938748868999,-224.60623880768748,-56.000624948039174
TS151,2.0,3.394665395128971,-224.98101277878993,-58.18404605079237
TS151,2.0,3.4033920413889427,-225.3366755028805,-60.378780226110784
TS151,2.0,3.4121186876489142,-225.673428282649,-62.58478060490627
TS151,2.0,3.420845333908886,-225.99150087690828,-64.80202009716099
TS151,2.0,3.429571980168858,-226.29114967934166,-67.03049232550505
TS151,2.0,3.4382986264288293,-226.57265571693338,-69.27021243223649
TS151,2.0,3.447025272688801,-226.83632247966884,-71.52121775160211
TS151,2.0,3.4557519189487724,-227.08247359323855,-73.783568339732
TS151,2.0,3.464478565208744,-227.31145034629643,-76.05734735509863
TS151,2.0,3.473205211468716,-227.52360908331113,-78.34266128270735
TS151,2.0,3.4819318577286875,-227.719318473228,-80.63963999540292
TS151,2.0,3.490658503988659,-227.89895666303076,-82.94843664566638
TS151,2.0,3.4993851502486306,-228.06290832389004,-85.26922738104997
TS151,2.0,3.5081117965086026,-228.2115615959214,-87.60221087594377
TS151,2.0,3.516838442768574,-228.3453049356836,-89.94760767165421
TS151,2.0,3.5255650890285457,-228.46452386844751,-92.30565931579494
TS151,2.0,3.5342917352885173,-228.56959764499976,-94.67662729072032
TS151,2.0,3.543018381548489,-228.66089580032735,-97.06079171916748
TS151,2.0,3.551745027808461,-228.7387746090092,-99.45844983339701
TS151,2.0,3.5604716740684323,-228.80357342953886,-101.8699141919287
TS151,2.0,3.569198320328404,-228.85561092716057,-104.29551062545693
TS151,2.0,3.5779249665883754,-228.89518116215976,-106.73557589069081
TS151,2.0,3.5866516128483474,-228.9225495279388,-109.19045500770962
TS151,2.0,3.595378259108319,-228.937948520695,-111.66049825295651
TS151,2.0,3.6041049053682905,-228.94157332013725,-114.1460577762366
TS151,2.0,3.612831551628262,-228.9335771585065,-116.64748380605548
TS151,2.0,3.6215581978882336,-228.91406645327936,-119.16512040339
TS151,2.0,3.6302848441482056,-228.8830956774257,-121.69930071956391
TS151,2.0,3.639011490408177,-228.84066194007505,-124.25034170939645
TS151,2.0,3.6477381366681487,-228.78669925007227,-126.81853824631744
TS151,2.0,3.6564647829281203,-228.72107243533105,-129.4041565818234
TS151,2.0,3.6651914291880923,-228.6435706923425,-132.00742708770122
TS151,2.0,3.673918075448064,-228.55390074291293,-134.62853621609017
TS151,2.0,3.6826447217080354,-228.45167957949587,-137.26761761002177
TS151,2.0,3.691371367968007,-228.3364267866951,-139.9247422959426
TS151,2.0,3.7000980142279785,-228.2075564350736,-142.59990789039566
TS151,2.0,3.7088246604879505,-228.06436855477614,-145.29302675608753
TS151,2.0,3.717551306747922,-227.90604021120288,-148.00391304873233
TS151,2.0,3.7262779530078936,-227.73161622364407,-150.73226860618848
TS151,2.0,3.735004599267865,-227.53999959104442,-153.47766764648168
TS151,2.0,3.743731245527837,-227.32994171755058,-156.23954026248708
TS151,2.0,3.7524578917878086,-227.10003256484953,-159.01715472957824
TS151,2.0,3.76118453804778,-226.84869089907852,-161.8095986798232
TS151,2.0,3.7699111843077517,-226.57415484770416,-164.61575924372906
TS151,2.0,3.7786378305677233,-226.27447303636026,-167.43430231948957
TS151,2.0,3.7873644768276953,-225.94749663700148,-170.26365120139997
TS151,2.0,3.796091123087667,-225.59087272607528,-173.10196488444436
TS151,2.0,3.8048177693476384,-225.20203942321672,-175.9471164613583
TS151,2.0,3.81354441560761,-224.77822335475864,-178.79667214115824
TS151,2.0,3.822271061867582,-224.3164400584365,-181.64787154246685
TS151,2.0,3.8309977081275535,-223.81349801098304,-184.49761004754504
TS151,2.0,3.839724354387525,-223.26600701222122,-187.34242413837882
TS151,2.0,3.8484510006474966,-222.67039168952772,-190.1784807666104
TS151,2.0,3.857177646907468,-222.02291088540122,-193.00157192403313
TS151,2.0,3.86590429316744,-221.31968364747564,-195.8071156664507
TS151,2.0,3.8746309394274117,-220.5567224433462,-198.59016488506506
TS151,2.0,3.883357585687383,-219.7299740613708,-201.34542509847384
TS151,2.0,3.8920842319473548,-218.83536842464522,-204.06728243647493
TS151,2.0,3.9008108782073267,-217.8688752341133,-206.7498427871986
TS151,2.0,3.9095375244672983,-216.82656796984892,-209.38698276842618
TS151,2.0,3.91826417072727,-215.70469432672957,-211.97241275608363
TS151,2.0,3.9269908169872414,-214.49975166166593,-214.49975166166587
TS151,2.0,3.935717463247213,-213.2085655146186,-216.96261251265747
TS151,2.0,3.944444109507185,-211.8283687752885,-219.354697187619
TS151,2.0,3.9531707557671565,-210.35687864987153,-221.6698979373738
TS151,2.0,3.961897402027128,-208.7923682892951,-223.90240264538977
TS151,2.0,3.9706240482870996,-207.13372982091718,-226.0468002117525
TS151,2.0,3.9793506945470716,-205.38052561879357,-228.09818205442986
TS151,2.0,3.988077340807043,-203.53302497507082,-230.05223556854904
TS151,2.0,3.9968039870670147,-201.59222389534554,-231.9053255106298
TS151,2.0,4.005530633326987,-199.5598465060223,-233.6545596950613
TS151,2.0,4.014257279586958,-197.43832747815867,-235.29783608788762
TS151,2.0,4.02298392584693,-195.2307758656124,-236.83386930931331
TS151,2.0,4.031710572106901,-192.9409217391224,-238.26219563489386
TS151,2.0,4.040437218366873,-190.57304788504175,-239.5831567216299
TS151,2.0,4.049163864626845,-188.1319095513582,-240.7978633787662
TS151,2.0,4.057890510886816,-185.6226457084712,-241.90814166119324
TS151,2.0,4.066617157146788,-183.0506855190748,-242.9164643121544
TS151,2.0,4.075343803406759,-180.4216536803509,-243.8258710749139
TS151,2.0,4.084070449666731,-177.7412780387808,-244.63988161401787
TS151,2.0,4.092797095926703,-175.0153024297871,-245.3624047487003
TS151,2.0,4.101523742186674,-172.24940711960113,-245.99764744036915
TS151,2.0,4.110250388446646,-169.44913858724672,-246.55002654521238
TS151,2.0,4.118977034706618,-166.6198497381065,-247.02408580117458
TS151,2.0,4.127703680966589,-163.766651035251,-247.42441992450725
TS151,2.0,4.136430327226561,-160.89437250572982,-247.75560709650577
TS151,2.0,4.145156973486532,-158.00753614767595,-248.02215056687717
TS151,2.0,4.153883619746504,-155.11033793899654,-248.22842961500217
TS151,2.0,4.162610266006476,-152.20663842775375,-248.3786597105318
TS151,2.0,4.171336912266447,-149.29996075848555,-248.47686140608482
TS151,2.0,4.180063558526419,-146.39349494343426,-248.5268372747187
TS151,2.0,4.1887902047863905,-143.49010720639524,-248.5321560649814
TS151,2.0,4.1975168510463625,-140.59235329299764,-248.49614317487976
TS151,2.0,4.2062434973063345,-137.70249473931352,-248.42187652973377
TS151,2.0,4.214970143566306,-134.82251720741655,-248.31218697436452
TS151,2.0,4.223696789826278,-131.95415012117576,-248.16966234517815
TS151,2.0,4.232423436086249,-129.09888695992404,-247.9966544618847
TS151,2.0,4.241150082346221,-126.25800568585804,-247.79528836319392
TS151,2.0,4.249876728606193,-123.4325888893289,-247.5674731990937
TS151,2.0,4.258603374866164,-120.62354333238044,-247.31491427928606
TS151,2.0,4.267330021126136,-117.83161865416241,-247.03912585958295
TS151,2.0,4.276056667386108,-115.05742507221491,-246.7414443233751
TS151,2.0,4.284783313646079,-112.30144997176976,-246.4230414824982
TS151,2.0,4.293509959906051,-109.56407332224103,-246.08493778049132
TS151,2.0,4.302236606166022,-106.84558189722901,-245.72801523146296
TS151,2.0,4.310963252425994,-104.14618230298568,-245.35302997000062
TS151,2.0,4.319689898685966,-101.46601284173873,-244.96062432244847
TS151,2.0,4.328416544945937,-98.80515425172474,-244.55133833821296
TS151,2.0,4.337143191205909,-96.16363937641972,-244.12562074236934
TS151,2.0,4.34586983746588,-93.54146182222063,-243.68383928853933
TS151,2.0,4.354596483725852,-90.93858366757607,-243.22629050456163
TS151,2.0,4.363323129985824,-88.35494228803452,-242.75320883359134
TS151,2.0,4.372049776245795,-85.79045636141154,-242.26477518056302
TS151,2.0,4.380776422505767,-83.24503111580928,-241.76112487899567
TS151,2.0,4.389503068765738,-80.71856288090541,-241.24235509637828
TS151,2.0,4.39822971502571,-78.21094300006828,-240.70853169826214
TS151,2.0,4.406956361285682,-75.72206115771566,-240.1596955920404
TS151,2.0,4.4156830075456535,-73.2518081730434,-239.59586857149665
TS151,2.0,4.4244096538056255,-70.80007830798836,-239.01705868279842
TS151,2.0,4.4331363000655974,-68.36677113411055,-238.42326513186316
TS151,2.0,4.4418629463255686,-65.95179300005549,-237.81448275211076
TS151,2.0,4.4505895925855405,-63.555058138433374,-237.19070605062734
TS151,2.0,4.459316238845512,-61.176489448334436,-236.55193284980882
TS151,2.0,4.468042885105484,-58.816018987284615,-235.8981675406833
TS151,2.0,4.476769531365456,-56.47358820425636,-235.2294239633702
TS151,2.0,4.485496177625427,-54.149147943325886,-234.54572792955926
TS151,2.0,4.494222823885399,-51.8426582457351,-233.84711940148327
TS151,2.0,4.50294947014537,-49.554087976423624,-233.1336543416263
TS151,2.0,4.511676116405342,-47.28341429951974,-232.40540624733708
TS151,2.0,4.520402762665314,-45.03062202582489,-231.66246738459878
TS151,2.0,4.529129408925285,-42.795702853924446,-230.90494973540743
TS151,2.0,4.537856055185257,-40.578654525235756,-230.13298567351745
TS151,2.0,4.546582701445229,-38.37947991201462,-229.34672838369212
TS151,2.0,4.5553093477052,-36.19818605607194,-228.546352040013
TS151,2.0,4.564035993965172,-34.03478317470917,-227.7320517592359
TS151,2.0,4.572762640225143,-31.8892836491385,-226.90404334560125
TS151,2.0,4.581489286485115,-29.761701009403765,-226.06256284387484
TS151,2.0,4.590215932745087,-27.652048928586286,-225.20786591771102
TS151,2.0,4.598942579005058,-25.56034023782316,-224.34022707064406
TS151,2.0,4.60766922526503,-23.486585972430635,-223.45993872713706
TS151,2.0,4.616395871525001,-21.430794458189006,-222.56731019111615
TS151,2.0,4.625122517784973,-19.392970445615543,-221.66266649929042
TS151,2.0,4.633849164044945,-17.373114298862383,-220.74634718631043
TS151,2.0,4.642575810304916,-15.371221244692283,-219.81870497842354
TS151,2.0,4.651302456564888,-13.387280685859253,-218.88010443177953
TS151,2.0,4.6600291028248595,-11.421275582133656,-217.9309205309029
TS151,2.0,4.6687557490848315,-9.473181901172742,-216.97153726210158
TS151,2.0,4.6774823953448035,-7.5429681404797435,-216.00234617574216
TS151,2.0,4.686209041604775,-5.630594920783754,-215.02374495038677
TS151,2.0,4.694935687864747,-3.736014650354931,-214.03613597078927
TS151,2.0,4.703662334124719,-1.859171259023273,-213.03992493069464
TS151,2.0,4.71238898038469,-3.895029303372549e-14,-212.03551947028973
TS151,2.0,4.721115626644662,1.8415726829743997,-211.0233278570436
TS151,2.0,4.729842272904633,3.6656292261295262,-210.00375771755552
TS151,2.0,4.738568919164605,5.472260957204747,-208.97721482691617
TS151,2.0,4.747295565424577,7.261568051748817,-207.9441019610053
TS151,2.0,4.756022211684548,9.03365943816449,-206.9048178160933
TS151,2.0,4.76474885794452,10.78865265566213,-205.8597559991106
TS151,2.0,4.773475504204491,12.526673669402763,-204.8093040909998
TS151,2.0,4.782202150464463,14.247856647171359,-203.75384278467246
TS151,2.0,4.790928796724435,15.952343701908834,-202.69374509828006
TS151,2.0,4.799655442984406,17.640284604388132,-201.6293756637527
TS151,2.0,4.808382089244378,19.311836470216416,-200.56109008989105
TS151,2.0,4.817108735504349,20.967163425210398,-199.4892343986986
TS151,2.0,4.825835381764321,22.60643625303096,-198.41414453311432
TS151,2.0,4.834562028024293,24.229832028760768,-197.33614593386184
TS151,2.0,4.843288674284264,25.837533741904835,-196.255553182749
TS151,2.0,4.852015320544236,27.429729912059376,-195.17266970944374
TS151,2.0,4.860741966804208,29.00661420025553,-194.08778755850568
TS151,2.0,4.869468613064179,30.56838501874417,-193.00118721326615
TS151,2.0,4.878195259324151,32.11524514173592,-191.91313747301749
TS151,2.0,4.886921905584122,33.64740131936453,-190.82389537989343
TS151,2.0,4.895648551844094,35.16506389690514,-189.73370619178155
TS151,2.0,4.904375198104066,36.668446441034895,-188.642803397618
TS151,2.0,4.9131018443640375,38.157765374704965,-187.55140877144675
TS151,2.0,4.9218284906240095,39.63323962197093,-186.45973246169882
TS151,2.0,4.930555136883981,41.09509026392368,-185.36797311224072
TS151,2.0,4.939281783143953,42.54354020667526,-184.2763180118519
TS151,2.0,4.948008429403925,43.97881386216654,-183.18494326893133
TS151,2.0,4.956735075663896,45.40113684240539,-182.09401400837157
TS151,2.0,4.965461721923868,46.810735667586655,-181.00368458770072
TS151,2.0,4.974188368183839,48.207837488405794,-179.91409882975438
TS151,2.0,4.982915014443811,49.59266982275775,-178.82539026930536
TS151,2.0,4.991641660703783,50.965460306891494,-177.73768241125376
TS151,2.0,5.000368306963754,52.32643646099794,-176.65108899814496
TS151,2.0,5.009094953223726,53.67582546911591,-175.5657142849555
TS151,2.0,5.017821599483698,55.01385397316226,-174.48165331925
TS151,2.0,5.026548245743669,56.34074788083048,-173.39899222497363
TS151,2.0,5.035274892003641,57.65673218703936,-172.31780848829862
TS151,2.0,5.044001538263612,58.96203080856663,-171.2381712440964
TS151,2.0,5.052728184523584,60.25686643146567,-170.16014156174228
TS151,2.0,5.061454830783556,61.54146037082489,-169.08377272910275
TS151,2.0,5.070181477043527,62.81603244241021,-168.00911053367517
TS151,2.0,5.078908123303499,64.08080084570773,-166.93619353997445
TS151,2.0,5.08763476956347,65.33598205786963,-165.8650533623719
TS151,2.0,5.096361415823442,66.58179073806232,-164.795714932693
TS151,2.0,5.105088062083414,67.81843964170348,-163.72819676198156
TS151,2.0,5.113814708343385,69.0461395440822,-162.66251119592314
TS151,2.0,5.122541354603357,70.26509917285334,-161.59866466350323
TS151,2.0,5.1312680008633285,71.4755251489039,-160.53665791855397
TS151,2.0,5.1399946471233005,72.6776219350998,-159.47648627390382
TS151,2.0,5.1487212933832724,73.87159179242668,-158.41813982791604
TS151,2.0,5.1574479396432436,75.05763474305449,-157.36160368324923
TS151,2.0,5.1661745859032155,76.23594853986573,-156.30685815772827
TS151,2.0,5.1749012321631875,77.40672864200052,-155.253878987259
TS151,2.0,5.183627878423159,78.5701681959903,-154.20263752075732
TS151,2.0,5.192354524683131,79.7264580220635,-153.15310090710085
TS151,2.0,5.201081170943102,80.87578660522205,-152.10523227414362
TS151,2.0,5.209807817203074,82.01834009070879,-151.05899089985823
TS151,2.0,5.218534463463046,83.15430228349372,-150.0143323756982
TS151,2.0,5.227261109723017,84.28385465143059,-148.9712087622892
TS151,2.0,5.235987755982989,85.40717633174647,-147.92956873757893
TS151,2.0,5.24471440224296,86.52444414054229,-146.8893577375891
TS151,2.0,5.253441048502932,87.6358325850017,-145.8505180899233
TS151,2.0,5.262167694762904,88.74151387801312,-144.81298914019854
TS151,2.0,5.270894341022875,89.84165795493189,-143.77670737157314
TS151,2.0,5.279620987282847,90.93643249221593,-142.74160651754966
TS151,2.0,5.288347633542818,92.02600292768547,-141.70761766824123
TS151,2.0,5.29707427980279,93.11053248216902,-140.6746693702844
TS151,2.0,5.305800926062762,94.19018218230723,-139.6426877205928
TS151,2.0,5.314527572322733,95.26511088430105,-138.61159645413974
TS151,2.0,5.323254218582705,96.33547529839785,-137.5813170259611
TS151,2.0,5.331980864842677,97.40143001391912,-136.55176868757002
TS151,2.0,5.340707511102648,98.46312752464499,-135.52286855796902
TS151,2.0,5.34943415736262,99.52071825437685,-134.49453168944785
TS151,2.0,5.358160803622591,100.57435058250589,-133.4666711283502
TS151,2.0,5.366887449882563,101.62417086942752,-132.4391979709881
TS151,2.0,5.375614096142535,102.67032348164129,-131.41202141488327
TS151,2.0,5.3843407424025065,103.71295081638766,-130.3850488055066
TS151,2.0,5.3930673886624785,104.75219332567485,-129.35818567868586
TS151,2.0,5.40179403492245,105.78818953955327,-128.3313357988475
TS151,2.0,5.410520681182422,106.82107608850272,-127.3044011932526
TS151,2.0,5.419247327442394,107.85098772479519,-126.27728218238518
TS151,2.0,5.427973973702365,108.87805734270461,-125.24987740664494
TS151,2.0,5.436700619962337,109.90241599743412,-124.22208384949388
TS151,2.0,5.445427266222308,110.92419292263172,-123.19379685720271
TS151,2.0,5.45415391248228,111.94351554637197,-122.16491015533592
TS151,2.0,5.462880558742252,112.96050950547458,-121.13531586211661
TS151,2.0,5.471607205002223,113.97529865803777,-120.10490449880221
TS151,2.0,5.480333851262195,114.9880050940602,-119.07356499720376
TS151,2.0,5.489060497522167,115.99874914402386,-118.04118470447759
TS151,2.0,5.497787143782138,117.00764938531285,-117.0076493853129
TS151,2.0,5.50651379004211,118.01482264633793,-115.9728432216398
TS151,2.0,5.515240436302081,119.02038400823453,-114.93664880997957
TS151,2.0,5.523967082562053,120.02444680400325,-113.8989471565541
TS151,2.0,5.532693728822025,121.02712261495277,-112.85961767027595
TS151,2.0,5.541420375081996,122.0285212643078,-111.81853815373334
TS151,2.0,5.550147021341968,123.0287508078372,-110.77558479228775
TS151,2.0,5.558873667601939,124.02791752135313,-109.73063214140203
TS151,2.0,5.567600313861911,125.02612588493142,-108.68355311231296
TS151,2.0,5.576326960121883,126.02347856369266,-107.63421895616906
TS151,2.0,5.585053606381854,127.02007638498411,-106.58249924675017
TS151,2.0,5.593780252641826,128.0160183117935,-105.5282618618902
TS151,2.0,5.602506898901797,129.01140141222007,-104.4713729637277
TS151,2.0,5.611233545161769,130.0063208248255,-103.41169697790691
TS151,2.0,5.619960191421741,131.00086971967667,-102.34909657186242
TS151,2.0,5.6286868376817125,131.9951392548888,-101.28343263231736
TS151,2.0,5.6374134839416845,132.98921852847172,-100.21456424213542
TS151,2.0,5.6461401302016565,133.98319452527033,-99.14234865666995
TS151,2.0,5.654866776461628,134.97715205879084,-98.06664127975793
TS151,2.0,5.6635934227216,135.97117370769246,-96.98729563951656
TS151,2.0,5.672320068981571,136.96533974671772,-95.90416336410583
TS151,2.0,5.681046715241543,137.9597280718323,-94.81709415762681
TS151,2.0,5.689773361501515,138.95441411933302,-93.7259357763396
TS151,2.0,5.698500007761486,139.94947077868218,-92.63053400538816
TS151,2.0,5.707226654021458,140.94496829881675,-91.53073263623399
TS151,2.0,5.715953300281429,141.94097418767694,-90.4263734450131
TS151,2.0,5.724679946541401,142.93755310469626,-89.31729617203666
TS151,2.0,5.733406592801373,143.93476674598685,-88.20333850267798
TS151,2.0,5.742133239061344,144.9326737219562,-87.0843360498941
TS151,2.0,5.750859885321316,145.93132942708533,-85.96012233865032
TS151,2.0,5.759586531581287,146.93078590159925,-84.8305287925317
TS151,2.0,5.768313177841259,147.93109168476386,-83.69538472283861
TS151,2.0,5.777039824101231,148.93229165954025,-82.55451732048687
TS151,2.0,5.785766470361202,149.93442688833846,-81.40775165104596
TS151,2.0,5.794493116621174,150.9375344396146,-80.25491065327236
TS151,2.0,5.803219762881146,151.94164720506475,-79.09581514151448
TS151,2.0,5.811946409141117,152.9467937071848,-77.93028381238504
TS151,2.0,5.820673055401089,153.95299789697492,-76.75813325612027
TS151,2.0,5.82939970166106,154.960278941589,-75.57917797306922
TS151,2.0,5.838126347921032,155.9686510017526,-74.39323039577438
TS151,2.0,5.846852994181004,156.97812299879496,-73.20010091713536
TS151,2.0,5.8555796404409755,157.98869837117925,-71.99959792516454
TS151,2.0,5.8643062867009474,159.00037482044416,-70.79152784487081
TS151,2.0,5.8730329329609186,160.01314404651743,-69.57569518783231
TS151,2.0,5.8817595792208905,161.0269914724102,-68.35190261003694
TS151,2.0,5.8904862254808625,162.04189595835314,-67.11995097859985
TS151,2.0,5.899212871740834,163.05782950550253,-65.87963944798072
TS151,2.0,5.907939518000806,164.07475694941314,-64.6307655463494
TS151,2.0,5.916666164260777,165.09263564355294,-63.37312527276604
TS151,2.0,5.925392810520749,166.11141513322826,-62.10651320585443
TS151,2.0,5.934119456780721,167.13103682037922,-60.8307226246667
TS151,2.0,5.942846103040692,168.15143361982226,-59.54554564244196
TS151,2.0,5.951572749300664,169.1725296076298,-58.250773353970395
TS151,2.0,5.960299395560636,170.19423966247132,-56.94619599727695
TS151,2.0,5.969026041820607,171.21646910088376,-55.63160313032999
TS151,2.0,5.977752688080579,172.2391133075934,-54.3067838234742
TS151,2.0,5.98647933434055,173.26205736217833,-52.97152686826837
TS151,2.0,5.995205980600522,174.2851756635447,-51.62562100337868
TS151,2.0,6.003932626860494,175.30833155387882,-50.26885515814994
TS151,2.0,6.012659273120465,176.33137694394702,-48.901018714423664
TS151,2.0,6.021385919380437,177.35415194183017,-47.52190178712001
TS151,2.0,6.030112565640408,178.37648448741007,-46.13129552403002
TS151,2.0,6.03883921190038,179.39818999516658,-44.728992425176386
TS151,2.0,6.047565858160352,180.41907100808834,-43.31478668200915
TS151,2.0,6.056292504420323,181.43891686576467,-41.88847453658058
TS151,2.0,6.065019150680295,182.45750338998081,-40.44985466071486
TS151,2.0,6.073745796940266,183.47459259140723,-38.99872855503774
TS151,2.0,6.082472443200238,184.48993240124284,-37.53490096755574
TS151,2.0,6.09119908946021,185.50325643192653,-36.05818033129132
TS151,2.0,6.0999257357201815,186.51428377129383,-34.56837922026085
TS151,2.0,6.1086523819801535,187.52271881479473,-33.06531482285522
TS151,2.0,6.1173790282401255,188.52825114061275,-31.54880943142719
TS151,2.0,6.126105674500097,189.53055543273334,-30.018690946612015
TS151,2.0,6.134832320760069,190.52929145717837,-28.47479339461511
TS151,2.0,6.14355896702004,191.52410409676108,-26.916957455386598
TS151,2.0,6.152285613280012,192.51462344981317,-25.345030999264967
TS151,2.0,6.161012259539984,193.50046499837256,-23.758869629332985
TS151,2.0,6.169738905799955,194.48122985130703,-22.158337226360864
TS151,2.0,6.178465552059927,195.45650506776175,-20.543306492848906
TS151,2.0,6.187192198319898,196.42586406615683,-18.913659492309442
TS151,2.0,6.19591884457987,197.38886712371885,-17.26928817955039
TS151,2.0,6.204645490839842,198.34506197118714,-15.610094917367109
TS151,2.0,6.213372137099813,199.29398448690617,-13.935992974688837
TS151,2.0,6.222098783359785,200.23515949396884,-12.246907000901256
TS151,2.0,6.230825429619756,201.1681016634241,-10.542773470765233
TS151,2.0,6.239552075879728,202.092316525805,-8.82354109408216
TS151,2.0,6.2482787221397,203.00730159234325,-7.0891711840479
TS151,2.0,6.257005368399671,203.91254758625422,-5.339637978066831
TS151,2.0,6.265732014659643,204.80753978336796,-3.5749289047072037
TS151,2.0,6.274458660919615,205.69175946017575,-1.7950447904574507
TS151,2.0,6.283185307179586,206.56468544606258,-5.059375616968008e-14
TS151,5.0,0.0,236.26314415846386,0.0
TS151,5.0,0.008726646259971648,237.219624808977,2.0701843030813456
TS151,5.0,0.017453292519943295,238.16167755667325,4.157127545164952
TS151,5.0,0.026179938779914945,239.0887432698892,6.2607590793407875
TS151,5.0,0.03490658503988659,240.0002701224452,8.380994110903098
TS151,5.0,0.04363323129985824,240.89571574405917,10.517734092006517
TS151,5.0,0.05235987755982989,241.7745494117337,12.67086722182688
TS151,5.0,0.061086523819801536,242.63625426671152,14.840269054451205
TS151,5.0,0.06981317007977318,243.48032954036654,17.025803215713154
TS151,5.0,0.07853981633974483,244.3062927713185,19.22732222909771
TS151,5.0,0.08726646259971647,245.11368199517304,21.44466844967603
TS151,5.0,0.09599310885968812,245.9020578876084,23.677675103813854
TS151,5.0,0.10471975511965978,246.6710058410952,25.926167431143522
TS151,5.0,0.11344640137963143,247.42013795535206,28.189963924020084
TS151,5.0,0.12217304763960307,248.1490949217396,30.46887765841899
TS151,5.0,0.1308996938995747,248.8575477821697,32.76271770899734
TS151,5.0,0.13962634015954636,249.5451995437791,35.071290639857544
TS151,5.0,0.14835298641951802,250.21178663156547,37.39440206144177
TS151,5.0,0.15707963267948966,250.8570801624119,39.731858242970944
TS151,5.0,0.16580627893946132,251.48088702540656,42.08346776894125
TS151,5.0,0.17453292519943295,252.08305075507658,44.449043227421384
TS151,5.0,0.1832595714594046,252.66345218606938,46.8284029172705
TS151,5.0,0.19198621771937624,253.2220098798867,49.22137256092678
TS151,5.0,0.2007128639793479,253.75868031647295,51.627787009109866
TS151,5.0,0.20943951023931956,254.27345784572597,54.04749192363482
TS151,5.0,0.2181661564992912,254.7663743962953,56.48034542455161
TS151,5.0,0.22689280275926285,255.23749894130066,58.92621968799091
TS151,5.0,0.23561944901923448,255.68693672280037,61.38500248140606
TS151,5.0,0.24434609527920614,256.1148282389175,63.856598623333554
TS151,5.0,0.2530727415391778,256.5213479994352,66.34093135533062
TS151,5.0,0.2617993877991494,256.90670305738126,68.83794361436753
TS151,5.0,0.27052603405912107,257.2711313255719,71.34759919462304
TS151,5.0,0.2792526803190927,257.61489968827686,73.86988378833155
TS151,5.0,0.2879793265790644,257.93830191904794,76.40480589602545
TS151,5.0,0.29670597283903605,258.24165641632794,78.95239759717718
TS151,5.0,0.30543261909900765,258.52530376870044,81.51271517284256
TS151,5.0,0.3141592653589793,258.78960416155894,84.0858395724078
TS151,5.0,0.32288591161895097,259.0349346365593,86.6718767169182
TS151,5.0,0.33161255787892263,259.2616862144914,89.27095763168994
TS151,5.0,0.34033920413889424,259.4702608911689,91.88323840094851
TS151,5.0,0.3490658503988659,259.66106851461177,94.50889993707565
TS151,5.0,0.35779249665883756,259.83452355020535,97.14814755665546
TS151,5.0,0.3665191429188092,259.99104173869193,99.8012103548755
TS151,5.0,0.3752457891787809,260.1310366498024,102.46834036893168
TS151,5.0,0.3839724354387525,260.2549161321096,105.1498115199015
TS151,5.0,0.39269908169872414,260.36307865730106,107.84591832106703
TS151,5.0,0.4014257279586958,260.45590955456873,110.556974338881
TS151,5.0,0.41015237421866746,260.5337771282204,113.28331039066404
TS151,5.0,0.4188790204786391,260.5970286489807,116.02527246069661
TS151,5.0,0.4276056667386107,260.6459862067966,118.78321931362113
TS151,5.0,0.4363323129985824,260.68094241033725,121.55751978100241
TS151,5.0,0.44505895925855404,260.70215591583866,124.34854969351595
TS151,5.0,0.4537856055185257,260.7098467655224,127.1566884275573
TS151,5.0,0.4625122517784973,260.70419151360426,129.98231503112257
TS151,5.0,0.47123889803846897,260.68531811595443,132.82580388962984
TS151,5.0,0.4799655442984406,260.6533005578767,135.68751988799173
TS151,5.0,0.4886921905584123,260.60815319335904,138.56781302078855
TS151,5.0,0.49741883681838395,260.5498247686127,141.46701239791426
TS151,5.0,0.5061454830783556,260.4781921029649,144.38541958872662
TS151,5.0,0.5148721293383273,260.39305340135473,147.32330124368085
TS151,5.0,0.5235987755982988,260.29412117506274,150.2808809288995
TS151,5.0,0.5323254218582705,260.18101475114554,153.25833010640412
TS151,5.0,0.5410520681182421,260.0532523566762,156.2557581911628
TS151,5.0,0.5497787143782138,259.91024277169566,159.27320161613613
TS151,5.0,0.5585053606381855,259.7512765551873,162.31061183866038
TS151,5.0,0.5672320068981571,259.5755168619004,165.36784222645068
TS151,5.0,0.5759586531581288,259.38198988500955,168.44463377000508
TS151,5.0,0.5846852994181004,259.1695749809997,171.54059958114783
TS151,5.0,0.5934119456780721,258.9369945594234,174.65520815591216
TS151,5.0,0.6021385919380436,258.6828038519022,177.78776540508838
TS151,5.0,0.6108652381980153,258.4053807124887,180.93739548883454
TS151,5.0,0.619591884457987,258.1029156457379,184.10302053411039
TS151,5.0,0.6283185307179586,257.77340230977876,187.28333936668957
TS151,5.0,0.6370451769779303,257.4146287993116,190.4768054543977
TS151,5.0,0.6457718232379019,257.02417007725234,193.6816043360229
TS151,5.0,0.6544984694978736,256.59938199260364,196.89563090164722
TS151,5.0,0.6632251157578453,256.13739739414603,200.11646699488546
TS151,5.0,0.6719517620178169,255.63512492176736,203.3413599246409
TS151,5.0,0.6806784082777885,255.0892511255636,206.5672026011529
TS151,5.0,0.6894050545377601,254.49624662171377,209.79051614426157
TS151,5.0,0.6981317007977318,253.85237703653638,213.00743594483347
TS151,5.0,0.7068583470577035,253.15371950757404,216.213702284655
TS151,5.0,0.7155849933176751,252.3961854932622,219.4046567246971
TS151,5.0,0.7243116395776468,251.57555058010635,222.57524554279183
TS151,5.0,0.7330382858376184,250.68749185770267,225.7200315235573
TS151,5.0,0.7417649320975901,249.72763324783273,228.83321535857908
TS151,5.0,0.7504915783575618,248.6915989173192,231.90866778609671
TS151,5.0,0.7592182246175333,247.57507457282517,234.93997337140505
TS151,5.0,0.767944870877505,246.37387603315722,237.9204864909295
TS151,5.0,0.7766715171374766,245.08402401295484,240.84339963091077
TS151,5.0,0.7853981633974483,243.701823552521,243.701823552521
TS151,5.0,0.7941248096574199,242.22394602355428,246.48887822844983
TS151,5.0,0.8028514559173916,240.64751117033973,249.1977927551415
TS151,5.0,0.8115781021773633,238.97016625760668,251.82201173735317
TS151,5.0,0.8203047484373349,237.19015913890948,254.3553049863415
TS151,5.0,0.8290313946973066,235.3064019782777,256.79187683491773
TS151,5.0,0.8377580409572782,233.31852248762877,259.12647101621695
TS151,5.0,0.8464846872172498,231.226899900387,261.35446693323837
TS151,5.0,0.8552113334772214,229.0326834828804,263.47196329975475
TS151,5.0,0.8639379797371931,226.73779215950185,265.4758455712678
TS151,5.0,0.8726646259971648,224.3448947417563,267.3638342886579
TS151,5.0,0.8813912722571364,221.85737123289283,269.1345123785559
TS151,5.0,0.8901179185171081,219.27925664619377,270.78733051950445
TS151,5.0,0.8988445647770797,216.61516964348567,272.3225908014203
TS151,5.0,0.9075712110370514,213.87022899894728,273.7414099824201
TS151,5.0,0.9162978572970231,211.0499613692247,275.0456645935299
TS151,5.0,0.9250245035569946,208.16020407690706,276.2379208877072
TS151,5.0,0.9337511498169663,205.20700659025556,277.32135312976465
TS151,5.0,0.9424777960769379,202.1965341320959,278.29965396134935
TS151,5.0,0.9512044423369096,199.13497641854718,279.1769405605676
TS151,5.0,0.9599310885968813,196.02846396901904,279.957660082073
TS151,5.0,0.9686577348568529,192.8829938016927,280.64649745883406
TS151,5.0,0.9773843811168246,189.7043656891932,281.2482881272653
TS151,5.0,0.9861110273767962,186.49812954439793,281.7679376590274
TS151,5.0,0.9948376736367679,183.26954397147546,282.2103496959512
TS151,5.0,1.0035643198967394,180.02354557461413,282.58036303002496
TS151,5.0,1.0122909661567112,176.76472827659558,282.8826981775949
TS151,5.0,1.0210176124166828,173.4973316612684,283.1219133837839
TS151,5.0,1.0297442586766545,170.22523721023992,283.30236966725226
TS151,5.0,1.038470904936626,166.9519712419035,283.4282042761693
TS151,5.0,1.0471975511965976,163.6807133648066,283.5033117669631
TS151,5.0,1.0559241974565694,160.41430931139234,283.53133182762224
TS151,5.0,1.064650843716541,157.15528710716646,283.5156429347197
TS151,5.0,1.0733774899765127,153.9058756410833,283.4593609452332
TS151,5.0,1.0821041362364843,150.66802482439164,283.3653417686914
TS151,5.0,1.090830782496456,147.44342664872087,283.23618733157696
TS151,5.0,1.0995574287564276,144.23353657354323,283.07425412539726
TS151,5.0,1.1082840750163994,141.0395947840024,282.8816637152962
TS151,5.0,1.117010721276371,137.86264695989365,282.66031467216027
TS151,5.0,1.1257373675363425,134.70356428401087,282.4118954740053
TS151,5.0,1.1344640137963142,131.56306249290176,282.13789799945937
TS151,5.0,1.1431906600562858,128.44171983569254,281.83963130583516
TS151,5.0,1.1519173063162575,125.33999385795018,281.51823544588467
TS151,5.0,1.160643952576229,122.2582369686952,281.17469513069784
TS151,5.0,1.1693705988362009,119.19671078090133,280.8098530915961
TS151,5.0,1.1780972450961724,116.15559924043383,280.4244230318293
TS151,5.0,1.1868238913561442,113.13502057658128,280.0190020900785
TS151,5.0,1.1955505376161157,110.13503812028381,279.59408276296676
TS151,5.0,1.2042771838760873,107.15567004485,279.1500642537758
TS151,5.0,1.213003830136059,104.19689808927835,278.68726323008667
TS151,5.0,1.2217304763960306,101.25867532701125,278.2059239848502
TS151,5.0,1.2304571226560024,98.34093304368265,277.706228004061
TS151,5.0,1.239183768915974,95.44358678670935,277.18830295035764
TS151,5.0,1.2479104151759457,92.566541647832,276.6522310759893
TS151,5.0,1.2566370614359172,89.7096968372951,276.098057081126
TS151,5.0,1.265363707695889,86.87294960551364,275.5257954348084
TS151,5.0,1.2740903539558606,84.05619856503216,274.9354371762583
TS151,5.0,1.2828170002158321,81.25934646247623,274.32695621405975
TS151,5.0,1.2915436464758039,78.48230244715346,273.70031514009366
TS151,5.0,1.3002702927357754,75.72498388004527,273.0554705742382
TS151,5.0,1.3089969389957472,72.98731772419852,272.39237805488136
TS151,5.0,1.3177235852557188,70.26924155500284,271.71099648933193
TS151,5.0,1.3264502315156905,67.5707042265284,271.01129217735013
TS151,5.0,1.335176877775662,64.89166622800911,270.2932424203103
TS151,5.0,1.3439035240356338,62.23209976265579,269.5568387279884
TS151,5.0,1.3526301702956054,59.59198857927463,268.80208963466623
TS151,5.0,1.361356816555577,56.9713275855993,268.02902313617074
TS151,5.0,1.3700834628155487,54.37012227081738,267.23768875960917
TS151,5.0,1.3788101090755203,51.78838796343405,266.4281592779129
TS151,5.0,1.387536755335492,49.22614894935472,265.6005320818354
TS151,5.0,1.3962634015954636,46.68343747385561,264.7549302227373
TS151,5.0,1.4049900478554354,44.160292649915334,263.89150314029956
TS151,5.0,1.413716694115407,41.65675929419699,263.0104270901898
TS151,5.0,1.4224433403753787,39.17288671076586,262.1119052876423
TS151,5.0,1.4311699866353502,36.708727441407014,261.19616778384176
TS151,5.0,1.4398966328953218,34.26433600014586,260.2634710929041
TS151,5.0,1.4486232791552935,31.839767608284713,259.3140975880748
TS151,5.0,1.457349925415265,29.43507694493504,258.3483546864945
TS151,5.0,1.4660765716752369,27.05031692666093,257.36657384247826
TS151,5.0,1.4748032179352084,24.685537528459,256.36910936969883
TS151,5.0,1.4835298641951802,22.340784656886246,255.35633711293804
TS151,5.0,1.4922565104551517,20.016099084731977,254.32865299016345
TS151,5.0,1.5009831567151235,17.711515455212197,253.2864714255851
TS151,5.0,1.509709802975095,15.427061362271505,252.23022369406027
TS151,5.0,1.5184364492350666,13.162756512208768,251.1603561967395
TS151,5.0,1.5271630954950384,10.918611970524713,250.07732868719236
TS151,5.0,1.53588974175501,8.694629496624039,248.9816124664342
TS151,5.0,1.5446163880149817,6.490800967810073,247.87368856430953
TS151,5.0,1.5533430342749532,4.307107892896721,246.75404592359303
TS151,5.0,1.562069680534925,2.143521014732113,245.62317960196188
TS151,5.0,1.5707963267948966,1.497017977131504e-14,244.48158900570945
TS151,5.0,1.5795229730548683,-2.123506786170564,243.3297761677117
TS151,5.0,1.5882496193148399,-4.227062423982281,242.16824408077034
TS151,5.0,1.5969762655748114,-6.310741504955451,240.99749509604263
TS151,5.0,1.6057029118347832,-8.374630124463176,239.81802939486266
TS151,5.0,1.6144295580947547,-10.418825805576592,238.63034354087168
TS151,5.0,1.6231562043547265,-12.443437359302356,237.434929118032
TS151,5.0,1.631882850614698,-14.448584686521022,236.23227145880594
TS151,5.0,1.6406094968746698,-16.434398527079505,235.02284846556196
TS151,5.0,1.6493361431346414,-18.401020161549184,233.8071295271227
TS151,5.0,1.6580627893946132,-20.34860107115393,232.58557453131476
TS151,5.0,1.6667894356545847,-22.277302561293784,231.35863297341487
TS151,5.0,1.6755160819145565,-24.187295353961783,230.12674315951688
TS151,5.0,1.684242728174528,-26.07875915416807,228.89033150307438
TS151,5.0,1.6929693744344996,-27.9518821952684,227.64981191220107
TS151,5.0,1.7016960206944713,-29.806860767838124,226.40558526473234
TS151,5.0,1.710422666954443,-31.643898736455707,225.158038967569
TS151,5.0,1.7191493132144147,-33.46320704846267,223.90754659642806
TS151,5.0,1.7278759594743862,-35.26500323845461,222.65446761181317
TS151,5.0,1.736602605734358,-37.049510931944205,221.39914714678537
TS151,5.0,1.7453292519943295,-38.81695935131474,220.141915861951
TS151,5.0,1.7540558982543013,-40.56758282686918,218.88308986298665
TS151,5.0,1.7627825445142729,-42.301620315466415,217.622970675984
TS151,5.0,1.7715091907742444,-44.01931492893795,216.3618452759072
TS151,5.0,1.7802358370342162,-45.72091347418656,215.09998616351726
TS151,5.0,1.7889624832941877,-47.40666600659417,213.83765148621137
TS151,5.0,1.7976891295541595,-49.07682539810671,212.5750851983551
TS151,5.0,1.806415775814131,-50.7316469211187,211.31251725684405
TS151,5.0,1.8151424220741028,-52.37138784905627,210.05016384780563
TS151,5.0,1.8238690683340744,-53.996307074346774,208.78822764055008
TS151,5.0,1.8325957145940461,-55.606664744275264,207.52689806508425
TS151,5.0,1.8413223608540177,-57.202721915051875,206.26635160971983
TS151,5.0,1.8500490071139892,-58.784740224261775,205.00675213552628
TS151,5.0,1.858775653373961,-60.3529815817274,203.7482512046032
TS151,5.0,1.8675022996339325,-61.907707878691085,202.49098841936808
TS151,5.0,1.8762289458939043,-63.44918071511827,201.23509177027327
TS151,5.0,1.8849555921538759,-64.97766114482616,199.98067798958365
TS151,5.0,1.8936822384138476,-66.4934094380644,198.7278529090494
TS151,5.0,1.9024088846738192,-67.99668486110404,197.47671181951333
TS151,5.0,1.911135530933791,-69.48774547233651,196.2273398306797
TS151,5.0,1.9198621771937625,-70.96684793433553,194.9798122294568
TS151,5.0,1.928588823453734,-72.43424734130097,193.73419483545555
TS151,5.0,1.9373154697137058,-73.89019706127239,192.49054435239074
TS151,5.0,1.9460421159736774,-75.3349485924812,191.24890871428124
TS151,5.0,1.9547687622336491,-76.76875143319697,190.00932742548923
TS151,5.0,1.9634954084936207,-78.1918529644127,188.77183189376805
TS151,5.0,1.9722220547535925,-79.60449834471565,187.53644575561134
TS151,5.0,1.980948701013564,-81.00693041668801,186.303185193306
TS151,5.0,1.9896753472735358,-82.39938962419146,185.0720592431955
TS151,5.0,1.9984019935335073,-83.78211393989568,183.84307009475168
TS151,5.0,2.007128639793479,-85.15533880242624,182.6162133801393
TS151,5.0,2.0158552860534504,-86.51929706251917,181.391478454033
TS151,5.0,2.0245819323134224,-87.87421893758739,180.16884866351552
TS151,5.0,2.033308578573394,-89.22033197412172,178.94830160794908
TS151,5.0,2.0420352248333655,-90.55786101736867,177.7298093887631
TS151,5.0,2.050761871093337,-91.88702818774613,176.5133388491561
TS151,5.0,2.059488517353309,-93.20805286347942,175.29885180374566
TS151,5.0,2.0682151636132806,-94.52115166896075,174.0863052582447
TS151,5.0,2.076941809873252,-95.8265384683562,172.87565161926878
TS151,5.0,2.0856684561332237,-97.12442436400461,171.66683889441344
TS151,5.0,2.0943951023931953,-98.4150176991737,170.45981088275926
TS151,5.0,2.1031217486531673,-99.6985240647594,169.25450735598653
TS151,5.0,2.111848394913139,-100.97514630953292,168.05086423029724
TS151,5.0,2.1205750411731104,-102.24508455356153,166.84881372935516
TS151,5.0,2.129301687433082,-103.508536204444,165.64828453846746
TS151,5.0,2.138028333693054,-104.76569597602352,164.44920195023997
TS151,5.0,2.1467549799530254,-106.01675590925453,163.2514880019437
TS151,5.0,2.155481626212997,-107.261905394919,162.05506160483566
TS151,5.0,2.1642082724729685,-108.5013311979006,160.85983866568117
TS151,5.0,2.17293491873294,-109.73521748274159,159.6657322007234
TS151,5.0,2.181661564992912,-110.96374584022072,158.4726524423498
TS151,5.0,2.1903882112528836,-112.18709531470202,157.28050693870063
TS151,5.0,2.199114857512855,-113.40544243201894,156.08920064646537
TS151,5.0,2.2078415037728267,-114.61896122766638,154.89863601710903
TS151,5.0,2.2165681500327987,-115.82782327508609,153.70871307676697
TS151,5.0,2.2252947962927703,-117.03219771383888,152.5193295000434
TS151,5.0,2.234021442552742,-118.2322512774669,151.33038067794323
TS151,5.0,2.2427480888127134,-119.42814832085564,150.14175978016405
TS151,5.0,2.251474735072685,-120.62005084691381,148.95335781196727
TS151,5.0,2.260201381332657,-121.80811853239526,147.76506366584547
TS151,5.0,2.2689280275926285,-122.99250875269142,146.5767641681948
TS151,5.0,2.2776546738526,-124.17337660543048,145.38834412119724
TS151,5.0,2.2863813201125716,-125.35087493271958,144.19968634011263
TS151,5.0,2.2951079663725436,-126.52515434187362,143.01067168617408
TS151,5.0,2.303834612632515,-127.69636322447477,141.82117909527597
TS151,5.0,2.3125612588924866,-128.86464777360993,140.63108560263788
TS151,5.0,2.321287905152458,-130.03015199913372,139.44026636362446
TS151,5.0,2.3300145514124297,-131.19301774080733,138.2485946708955
TS151,5.0,2.3387411976724017,-132.35338467916185,137.0559419680564
TS151,5.0,2.3474678439323733,-133.51139034393609,135.86217785997658
TS151,5.0,2.356194490192345,-134.66717011993705,134.66717011993708
TS151,5.0,2.3649211364523164,-135.8208572501701,133.47078469376905
TS151,5.0,2.3736477827122884,-136.9725828360844,132.27288570113873
TS151,5.0,2.38237442897226,-138.12247583477588,131.07333543413455
TS151,5.0,2.3911010752322315,-139.27066305298925,129.87199435330754
TS151,5.0,2.399827721492203,-140.4172691377537,128.66872108131838
TS151,5.0,2.4085543677521746,-141.56241656348712,127.46337239433939
TS151,5.0,2.4172810140121466,-142.70622561539756,126.25580321136277
TS151,5.0,2.426007660272118,-143.8488143690049,125.04586658156423
TS151,5.0,2.4347343065320897,-144.99029866560463,123.83341366987237
TS151,5.0,2.443460952792061,-146.13079208348591,122.61829374089686
TS151,5.0,2.452187599052033,-147.2704059047145,121.4003541413679
TS151,5.0,2.4609142453120048,-148.40924907728228,120.17944028124403
TS151,5.0,2.4696408915719763,-149.54742817242195,118.9553956136467
TS151,5.0,2.478367537831948,-150.68504733687652,117.72806161378598
TS151,5.0,2.4870941840919194,-151.82220823990943,116.49727775704426
TS151,5.0,2.4958208303518914,-152.95901001483278,115.26288149639106
TS151,5.0,2.504547476611863,-154.0955491948258,114.0247082393085
TS151,5.0,2.5132741228718345,-155.2319196428099,112.7825913244122
TS151,5.0,2.522000769131806,-156.36821247513834,111.53636199796226
TS151,5.0,2.530727415391778,-157.50451597885402,110.28584939046522
TS151,5.0,2.5394540616517496,-158.64091552226347,109.03088049357876
TS151,5.0,2.548180707911721,-159.77749345856853,107.7712801375396
TS151,5.0,2.5569073541716927,-160.91432902229255,106.50687096934827
TS151,5.0,2.5656340004316642,-162.0514982182342,105.2374734319542
TS151,5.0,2.5743606466916362,-163.18907370267792,103.96290574469823
TS151,5.0,2.5830872929516078,-164.32712465658705,102.6829838852848
TS151,5.0,2.5918139392115793,-165.46571665050564,101.39752157356854
TS151,5.0,2.600540585471551,-166.60491150089217,100.10633025745803
TS151,5.0,2.609267231731523,-167.74476711761122,98.80921910125477
TS151,5.0,2.6179938779914944,-168.8853373423113,97.50599497676416
TS151,5.0,2.626720524251466,-170.02667177742248,96.19646245753243
TS151,5.0,2.6354471705114375,-171.16881560551232,94.88042381658549
TS151,5.0,2.644173816771409,-172.31180939875023,93.55767902806348
TS151,5.0,2.652900463031381,-173.45568891824075,92.22802577316803
TS151,5.0,2.6616271092913526,-174.60048490300235,90.89125945086063
TS151,5.0,2.670353755551324,-175.74622284838696,89.54717319377244
TS151,5.0,2.6790804018112957,-176.89292277375642,88.195557889811
TS151,5.0,2.6878070480712677,-178.04059897926166,86.83620220997173
TS151,5.0,2.6965336943312392,-179.18925979159852,85.46889264288671
TS151,5.0,2.705260340591211,-180.3389072986545,84.09341353666697
TS151,5.0,2.7139869868511823,-181.48953707299873,82.70954714861995
TS151,5.0,2.722713633111154,-182.64113788422074,81.31707370344674
TS151,5.0,2.731440279371126,-183.79369140017488,79.91577146054694
TS151,5.0,2.7401669256310974,-184.9471718772519,78.50541679108267
TS151,5.0,2.748893571891069,-186.10154583987037,77.08578426547258
TS151,5.0,2.7576202181510405,-187.2567717494573,75.6566467520087
TS151,5.0,2.7663468644110125,-188.4127996632773,74.21777552730438
TS151,5.0,2.775073510670984,-189.56957088356629,72.76894039929802
TS151,5.0,2.7838001569309556,-190.72701759753556,71.3099098435473
TS151,5.0,2.792526803190927,-191.88506250892718,69.84045115355914
TS151,5.0,2.8012534494508987,-193.04361846193555,68.36033060590138
TS151,5.0,2.8099800957108707,-194.20258805844958,66.86931364084197
TS151,5.0,2.8187067419708423,-195.361863269724,65.36716505925364
TS151,5.0,2.827433388230814,-196.52132504375564,63.85364923650535
TS151,5.0,2.8361600344907854,-197.6808429098184,62.32853035404239
TS151,5.0,2.8448866807507573,-198.84027458180307,60.79157264932177
TS151,5.0,2.853613327010729,-199.99946556221147,59.24254068473086
TS151,5.0,2.8623399732707004,-201.15824874887244,57.68119963606168
TS151,5.0,2.871066619530672,-202.31644404667276,56.107315601051376
TS151,5.0,2.8797932657906435,-203.47385798683803,54.52065592841825
TS151,5.0,2.8885199120506155,-204.63028335654423,52.92098956773079
TS151,5.0,2.897246558310587,-205.78549884190028,51.30808744033867
TS151,5.0,2.9059732045705586,-206.93926868760377,49.68172283146666
TS151,5.0,2.91469985083053,-208.09134237684046,48.04167180343144
TS151,5.0,2.923426497090502,-209.24145433526684,46.387713629775064
TS151,5.0,2.9321531433504737,-210.38932366318272,44.71963124992754
TS151,5.0,2.9408797896104453,-211.53465390026403,43.037211743805145
TS151,5.0,2.949606435870417,-212.67713282747584,41.3402468255284
TS151,5.0,2.9583330821303884,-213.81643231102635,39.62853335519375
TS151,5.0,2.9670597283903604,-214.95220819343885,37.901873867366426
TS151,5.0,2.975786374650332,-216.0841002370112,36.16007711467245
TS151,5.0,2.9845130209103035,-217.21173212509282,34.40295862455596
TS151,5.0,2.993239667170275,-218.33471152672888,32.63034126694263
TS151,5.0,3.001966313430247,-219.45263023029443,30.842055830200813
TS151,5.0,3.0106929596902186,-220.56506435176266,29.03794160243424
TS151,5.0,3.01941960595019,-221.67157462320446,27.217846954765626
TS151,5.0,3.0281462522101616,-222.7717067670046,25.381629922894504
TS151,5.0,3.036872898470133,-223.86499196108528,23.529158782826737
TS151,5.0,3.045599544730105,-224.9509474001472,21.66031261629473
TS151,5.0,3.0543261909900767,-226.029076957565,19.77498186101559
TS151,5.0,3.0630528372500483,-227.09887195209745,17.873068840575566
TS151,5.0,3.07177948351002,-228.15981202299236,15.954488268398524
TS151,5.0,3.080506129769992,-229.21136611637212,14.019167719949227
TS151,5.0,3.0892327760299634,-230.2529935849812,12.067048067061192
TS151,5.0,3.097959422289935,-231.28414540245623,10.098083868060659
TS151,5.0,3.1066860685499065,-232.30426549224612,8.112243707204533
TS151,5.0,3.115412714809878,-233.31279217016748,6.109510476856079
TS151,5.0,3.12413936106985,-234.3091596983376,4.089881595810568
TS151,5.0,3.1328660073298216,-235.29279994689003,2.0533691572539716
TS151,5.0,3.141592653589793,-236.26314415846386,2.8933890325015246e-14
TS151,5.0,3.1503192998497647,-237.21962480897696,-2.0701843030812928
TS151,5.0,3.1590459461097367,-238.16167755667325,-4.1571275451649825
TS151,5.0,3.167772592369708,-239.0887432698892,-6.260759079340794
TS151,5.0,3.1764992386296798,-240.00027012244516,-8.38099411090308
TS151,5.0,3.1852258848896513,-240.89571574405917,-10.517734092006476
TS151,5.0,3.193952531149623,-241.7745494117337,-12.670867221826814
TS151,5.0,3.202679177409595,-242.63625426671157,-14.840269054451225
TS151,5.0,3.2114058236695664,-243.48032954036654,-17.02580321571315
TS151,5.0,3.220132469929538,-244.3062927713185,-19.22732222909768
TS151,5.0,3.2288591161895095,-245.113681995173,-21.444668449675973
TS151,5.0,3.2375857624494815,-245.90205788760846,-23.677675103813893
TS151,5.0,3.246312408709453,-246.6710058410952,-25.92616743114353
TS151,5.0,3.2550390549694246,-247.42013795535203,-28.189963924020063
TS151,5.0,3.263765701229396,-248.14909492173953,-30.468877658418936
TS151,5.0,3.2724923474893677,-248.8575477821697,-32.76271770899727
TS151,5.0,3.2812189937493397,-249.54519954377915,-35.07129063985758
TS151,5.0,3.2899456400093112,-250.21178663156547,-37.39440206144176
TS151,5.0,3.2986722862692828,-250.8570801624119,-39.73185824297091
TS151,5.0,3.3073989325292543,-251.48088702540656,-42.08346776894119
TS151,5.0,3.3161255787892263,-252.08305075507658,-44.44904322742142
TS151,5.0,3.324852225049198,-252.66345218606938,-46.8284029172705
TS151,5.0,3.3335788713091694,-253.2220098798867,-49.22137256092676
TS151,5.0,3.342305517569141,-253.75868031647292,-51.6277870091098
TS151,5.0,3.351032163829113,-254.27345784572594,-54.047491923634865
TS151,5.0,3.3597588100890845,-254.7663743962953,-56.48034542455162
TS151,5.0,3.368485456349056,-255.23749894130054,-58.92621968799088
TS151,5.0,3.3772121026090276,-255.6869367228004,-61.38500248140603
TS151,5.0,3.385938748868999,-256.1148282389175,-63.8565986233335
TS151,5.0,3.394665395128971,-256.5213479994352,-66.34093135533065
TS151,5.0,3.4033920413889427,-256.90670305738126,-68.83794361436755
TS151,5.0,3.4121186876489142,-257.27113132557184,-71.347599194623
TS151,5.0,3.420845333908886,-257.6148996882768,-73.86988378833149
TS151,5.0,3.429571980168858,-257.93830191904794,-76.40480589602548
TS151,5.0,3.4382986264288293,-258.24165641632794,-78.95239759717718
TS151,5.0,3.447025272688801,-258.52530376870044,-81.51271517284255
TS151,5.0,3.4557519189487724,-258.789604161559,-84.08583957240778
TS151,5.0,3.464478565208744,-259.0349346365593,-86.67187671691812
TS151,5.0,3.473205211468716,-259.2616862144914,-89.27095763168997
TS151,5.0,3.4819318577286875,-259.4702608911689,-91.88323840094856
TS151,5.0,3.490658503988659,-259.6610685146117,-94.50889993707563
TS151,5.0,3.4993851502486306,-259.8345235502053,-97.14814755665539
TS151,5.0,3.5081117965086026,-259.99104173869193,-99.80121035487555
TS151,5.0,3.516838442768574,-260.1310366498024,-102.4683403689317
TS151,5.0,3.5255650890285457,-260.2549161321096,-105.1498115199015
TS151,5.0,3.5342917352885173,-260.3630786573011,-107.845918321067
TS151,5.0,3.543018381548489,-260.45590955456873,-110.55697433888092
TS151,5.0,3.551745027808461,-260.5337771282204,-113.28331039066408
TS151,5.0,3.5604716740684323,-260.5970286489807,-116.02527246069661
TS151,5.0,3.569198320328404,-260.6459862067965,-118.78321931362106
TS151,5.0,3.5779249665883754,-260.68094241033725,-121.55751978100237
TS151,5.0,3.5866516128483474,-260.70215591583866,-124.34854969351603
TS151,5.0,3.595378259108319,-260.7098467655223,-127.15668842755727
TS151,5.0,3.6041049053682905,-260.70419151360426,-129.98231503112257
TS151,5.0,3.612831551628262,-260.68531811595443,-132.8258038896298
TS151,5.0,3.6215581978882336,-260.6533005578767,-135.68751988799164
TS151,5.0,3.6302848441482056,-260.60815319335916,-138.5678130207886
TS151,5.0,3.639011490408177,-260.5498247686127,-141.46701239791426
TS151,5.0,3.6477381366681487,-260.47819210296495,-144.3854195887266
TS151,5.0,3.6564647829281203,-260.3930534013547,-147.32330124368073
TS151,5.0,3.6651914291880923,-260.29412117506274,-150.2808809288996
TS151,5.0,3.673918075448064,-260.1810147511455,-153.25833010640414
TS151,5.0,3.6826447217080354,-260.0532523566762,-156.2557581911628
TS151,5.0,3.691371367968007,-259.9102427716957,-159.27320161613613
TS151,5.0,3.7000980142279785,-259.7512765551873,-162.31061183866032
TS151,5.0,3.7088246604879505,-259.57551686190044,-165.36784222645076
TS151,5.0,3.717551306747922,-259.38198988500955,-168.44463377000508
TS151,5.0,3.7262779530078936,-259.1695749809997,-171.54059958114783
TS151,5.0,3.735004599267865,-258.9369945594234,-174.6552081559121
TS151,5.0,3.743731245527837,-258.6828038519022,-177.78776540508846
TS151,5.0,3.7524578917878086,-258.4053807124887,-180.93739548883457
TS151,5.0,3.76118453804778,-258.1029156457379,-184.10302053411039
TS151,5.0,3.7699111843077517,-257.77340230977876,-187.28333936668955
TS151,5.0,3.7786378305677233,-257.41462879931163,-190.47680545439763
TS151,5.0,3.7873644768276953,-257.0241700772523,-193.68160433602287
TS151,5.0,3.796091123087667,-256.59938199260364,-196.89563090164722
TS151,5.0,3.8048177693476384,-256.137397394146,-200.11646699488534
TS151,5.0,3.81354441560761,-255.63512492176736,-203.34135992464078
TS151,5.0,3.822271061867582,-255.0892511255636,-206.56720260115299
TS151,5.0,3.8309977081275535,-254.49624662171382,-209.79051614426166
TS151,5.0,3.839724354387525,-253.85237703653638,-213.00743594483347
TS151,5.0,3.8484510006474966,-253.15371950757412,-216.213702284655
TS151,5.0,3.857177646907468,-252.39618549326227,-219.40465672469708
TS151,5.0,3.86590429316744,-251.57555058010635,-222.57524554279183
TS151,5.0,3.8746309394274117,-250.68749185770267,-225.7200315235573
TS151,5.0,3.883357585687383,-249.72763324783264,-228.83321535857897
TS151,5.0,3.8920842319473548,-248.6915989173192,-231.90866778609663
TS151,5.0,3.9008108782073267,-247.57507457282517,-234.9399733714052
TS151,5.0,3.9095375244672983,-246.37387603315725,-237.92048649092956
TS151,5.0,3.91826417072727,-245.08402401295484,-240.84339963091077
TS151,5.0,3.9269908169872414,-243.70182355252103,-243.70182355252098
TS151,5.0,3.935717463247213,-242.2239460235543,-246.48887822844972
TS151,5.0,3.944444109507185,-240.64751117033973,-249.1977927551415
TS151,5.0,3.9531707557671565,-238.97016625760668,-251.82201173735317
TS151,5.0,3.961897402027128,-237.19015913890948,-254.35530498634148
TS151,5.0,3.9706240482870996,-235.30640197827776,-256.7918768349176
TS151,5.0,3.9793506945470716,-233.31852248762877,-259.12647101621707
TS151,5.0,3.988077340807043,-231.226899900387,-261.3544669332384
TS151,5.0,3.9968039870670147,-229.0326834828804,-263.47196329975475
TS151,5.0,4.005530633326987,-226.73779215950174,-265.4758455712679
TS151,5.0,4.014257279586958,-224.34489474175635,-267.36383428865787
TS151,5.0,4.02298392584693,-221.8573712328928,-269.1345123785559
TS151,5.0,4.031710572106901,-219.2792566461939,-270.78733051950434
TS151,5.0,4.040437218366873,-216.61516964348576,-272.3225908014203
TS151,5.0,4.049163864626845,-213.8702289989472,-273.7414099824202
TS151,5.0,4.057890510886816,-211.04996136922477,-275.04566459352986
TS151,5.0,4.066617157146788,-208.160204076907,-276.2379208877072
TS151,5.0,4.075343803406759,-205.2070065902557,-277.32135312976465
TS151,5.0,4.084070449666731,-202.19653413209602,-278.2996539613494
TS151,5.0,4.092797095926703,-199.13497641854707,-279.1769405605676
TS151,5.0,4.101523742186674,-196.02846396901916,-279.9576600820729
TS151,5.0,4.110250388446646,-192.8829938016927,-280.64649745883406
TS151,5.0,4.118977034706618,-189.70436568919308,-281.2482881272653
TS151,5.0,4.127703680966589,-186.49812954439804,-281.7679376590274
TS151,5.0,4.136430327226561,-183.26954397147543,-282.2103496959512
TS151,5.0,4.145156973486532,-180.02354557461425,-282.5803630300249
TS151,5.0,4.153883619746504,-176.76472827659563,-282.8826981775949
TS151,5.0,4.162610266006476,-173.49733166126825,-283.121913383784
TS151,5.0,4.171336912266447,-170.22523721024004,-283.30236966725226
TS151,5.0,4.180063558526419,-166.95197124190346,-283.4282042761694
TS151,5.0,4.1887902047863905,-163.68071336480673,-283.5033117669631
TS151,5.0,4.1975168510463625,-160.41430931139246,-283.53133182762235
TS151,5.0,4.2062434973063345,-157.1552871071664,-283.5156429347198
TS151,5.0,4.214970143566306,-153.90587564108338,-283.4593609452332
TS151,5.0,4.223696789826278,-150.66802482439152,-283.3653417686913
TS151,5.0,4.232423436086249,-147.44342664872107,-283.23618733157696
TS151,5.0,4.241150082346221,-144.2335365735433,-283.0742541253973
TS151,5.0,4.249876728606193,-141.03959478400236,-282.8816637152962
TS151,5.0,4.258603374866164,-137.8626469598938,-282.66031467216027
TS151,5.0,4.267330021126136,-134.70356428401084,-282.4118954740054
TS151,5.0,4.276056667386108,-131.56306249290168,-282.1378979994594
TS151,5.0,4.284783313646079,-128.44171983569257,-281.83963130583516
TS151,5.0,4.293509959906051,-125.33999385795012,-281.51823544588467
TS151,5.0,4.302236606166022,-122.25823696869533,-281.17469513069784
TS151,5.0,4.310963252425994,-119.19671078090134,-280.809853091596
TS151,5.0,4.319689898685966,-116.15559924043373,-280.4244230318293
TS151,5.0,4.328416544945937,-113.13502057658138,-280.01900209007846
TS151,5.0,4.337143191205909,-110.13503812028377,-279.59408276296676
TS151,5.0,4.34586983746588,-107.15567004485014,-279.1500642537759
TS151,5.0,4.354596483725852,-104.19689808927839,-278.68726323008667
TS151,5.0,4.363323129985824,-101.25867532701115,-278.2059239848502
TS151,5.0,4.372049776245795,-98.34093304368274,-277.706228004061
TS151,5.0,4.380776422505767,-95.44358678670928,-277.1883029503575
TS151,5.0,4.389503068765738,-92.56654164783217,-276.6522310759893
TS151,5.0,4.39822971502571,-89.70969683729513,-276.098057081126
TS151,5.0,4.406956361285682,-86.87294960551361,-275.5257954348084
TS151,5.0,4.4156830075456535,-84.05619856503226,-274.9354371762583
TS151,5.0,4.4244096538056255,-81.25934646247619,-274.3269562140597
TS151,5.0,4.4331363000655974,-78.48230244715334,-273.7003151400936
TS151,5.0,4.4418629463255686,-75.7249838800453,-273.0554705742382
TS151,5.0,4.4505895925855405,-72.9873177241985,-272.3923780548814
TS151,5.0,4.459316238845512,-70.26924155500295,-271.710996489332
TS151,5.0,4.468042885105484,-67.57070422652843,-271.0112921773501
TS151,5.0,4.476769531365456,-64.891666228009,-270.2932424203103
TS151,5.0,4.485496177625427,-62.23209976265591,-269.55683872798846
TS151,5.0,4.494222823885399,-59.59198857927461,-268.8020896346663
TS151,5.0,4.50294947014537,-56.97132758559939,-268.02902313617074
TS151,5.0,4.511676116405342,-54.370122270817404,-267.2376887596091
TS151,5.0,4.520402762665314,-51.78838796343396,-266.4281592779129
TS151,5.0,4.529129408925285,-49.22614894935482,-265.6005320818354
TS151,5.0,4.537856055185257,-46.683437473855584,-264.75493022273724
TS151,5.0,4.546582701445229,-44.16029264991524,-263.8915031402995
TS151,5.0,4.5553093477052,-41.65675929419702,-263.01042709018986
TS151,5.0,4.564035993965172,-39.172886710765844,-262.11190528764234
TS151,5.0,4.572762640225143,-36.70872744140713,-261.1961677838419
TS151,5.0,4.581489286485115,-34.26433600014584,-260.2634710929041
TS151,5.0,4.590215932745087,-31.839767608284617,-259.3140975880747
TS151,5.0,4.598942579005058,-29.435076944935076,-258.34835468649453
TS151,5.0,4.60766922526503,-27.050316926660905,-257.3665738424783
TS151,5.0,4.616395871525001,-24.685537528459093,-256.3691093696989
TS151,5.0,4.625122517784973,-22.34078465688627,-255.35633711293798
TS151,5.0,4.633849164044945,-20.01609908473189,-254.32865299016342
TS151,5.0,4.642575810304916,-17.711515455212282,-253.2864714255851
TS151,5.0,4.651302456564888,-15.427061362271475,-252.23022369406024
TS151,5.0,4.6600291028248595,-13.16275651220886,-251.16035619673963
TS151,5.0,4.6687557490848315,-10.918611970524745,-250.0773286871924
TS151,5.0,4.6774823953448035,-8.694629496623957,-248.98161246643414
TS151,5.0,4.686209041604775,-6.490800967810158,-247.87368856430953
TS151,5.0,4.694935687864747,-4.3071078928966955,-246.75404592359297
TS151,5.0,4.703662334124719,-2.143521014732034,-245.62317960196185
TS151,5.0,4.71238898038469,-4.4910539313945125e-14,-244.48158900570948
TS151,5.0,4.721115626644662,2.123506786170588,-243.3297761677117
TS151,5.0,4.729842272904633,4.227062423982198,-242.16824408077036
TS151,5.0,4.738568919164605,6.310741504955474,-240.99749509604263
TS151,5.0,4.747295565424577,8.374630124463252,-239.8180293948626
TS151,5.0,4.756022211684548,10.418825805576564,-238.6303435408717
TS151,5.0,4.76474885794452,12.443437359302377,-237.43492911803193
TS151,5.0,4.773475504204491,14.448584686520945,-236.232271458806
TS151,5.0,4.782202150464463,16.43439852707948,-235.022848465562
TS151,5.0,4.790928796724435,18.40102016154926,-233.80712952712264
TS151,5.0,4.799655442984406,20.34860107115385,-232.58557453131476
TS151,5.0,4.808382089244378,22.277302561293798,-231.3586329734148
TS151,5.0,4.817108735504349,24.187295353961655,-230.12674315951693
TS151,5.0,4.825835381764321,26.07875915416804,-228.8903315030744
TS151,5.0,4.834562028024293,27.951882195268475,-227.64981191220105
TS151,5.0,4.843288674284264,29.80686076783805,-226.40558526473237
TS151,5.0,4.852015320544236,31.643898736455736,-225.15803896756904
TS151,5.0,4.860741966804208,33.463207048462735,-223.907546596428
TS151,5.0,4.869468613064179,35.265003238454575,-222.65446761181317
TS151,5.0,4.878195259324151,37.04951093194422,-221.39914714678534
TS151,5.0,4.886921905584122,38.81695935131468,-220.14191586195108
TS151,5.0,4.895648551844094,40.56758282686915,-218.88308986298665
TS151,5.0,4.904375198104066,42.30162031546648,-217.62297067598396
TS151,5.0,4.9131018443640375,44.01931492893793,-216.3618452759072
TS151,5.0,4.9218284906240095,45.72091347418658,-215.09998616351726
TS151,5.0,4.930555136883981,47.4066660065941,-213.83765148621143
TS151,5.0,4.939281783143953,49.07682539810669,-212.5750851983551
TS151,5.0,4.948008429403925,50.73164692111876,-211.31251725684396
TS151,5.0,4.956735075663896,52.37138784905619,-210.05016384780566
TS151,5.0,4.965461721923868,53.99630707434679,-208.78822764055008
TS151,5.0,4.974188368183839,55.60666474427516,-207.5268980650843
TS151,5.0,4.982915014443811,57.20272191505185,-206.26635160971986
TS151,5.0,4.991641660703783,58.78474022426184,-205.00675213552623
TS151,5.0,5.000368306963754,60.35298158172734,-203.7482512046033
TS151,5.0,5.009094953223726,61.9077078786911,-202.49098841936805
TS151,5.0,5.017821599483698,63.44918071511834,-201.23509177027327
TS151,5.0,5.026548245743669,64.97766114482614,-199.9806779895837
TS151,5.0,5.035274892003641,66.49340943806442,-198.7278529090494
TS151,5.0,5.044001538263612,67.996684861104,-197.47671181951344
TS151,5.0,5.052728184523584,69.48774547233648,-196.22733983067974
TS151,5.0,5.061454830783556,70.96684793433558,-194.97981222945674
TS151,5.0,5.070181477043527,72.43424734130097,-193.73419483545564
TS151,5.0,5.078908123303499,73.89019706127237,-192.49054435239069
TS151,5.0,5.08763476956347,75.33494859248117,-191.24890871428136
TS151,5.0,5.096361415823442,76.76875143319694,-190.00932742548923
TS151,5.0,5.105088062083414,78.19185296441276,-188.77183189376802
TS151,5.0,5.113814708343385,79.6044983447156,-187.5364457556114
TS151,5.0,5.122541354603357,81.00693041668802,-186.30318519330598
TS151,5.0,5.1312680008633285,82.39938962419137,-185.07205924319555
TS151,5.0,5.1399946471233005,83.78211393989564,-183.84307009475168
TS151,5.0,5.1487212933832724,85.1553388024263,-182.61621338013924
TS151,5.0,5.1574479396432436,86.51929706251916,-181.391478454033
TS151,5.0,5.1661745859032155,87.87421893758739,-180.16884866351558
TS151,5.0,5.1749012321631875,89.22033197412175,-178.948301607949
TS151,5.0,5.183627878423159,90.55786101736864,-177.72980938876313
TS151,5.0,5.192354524683131,91.88702818774618,-176.51333884915604
TS151,5.0,5.201081170943102,93.20805286347934,-175.29885180374572
TS151,5.0,5.209807817203074,94.52115166896073,-174.0863052582447
TS151,5.0,5.218534463463046,95.82653846835625,-172.87565161926872
TS151,5.0,5.227261109723017,97.12442436400458,-171.66683889441347
TS151,5.0,5.235987755982989,98.41501769917377,-170.45981088275923
TS151,5.0,5.24471440224296,99.69852406475931,-169.2545073559866
TS151,5.0,5.253441048502932,100.97514630953289,-168.05086423029724
TS151,5.0,5.262167694762904,102.24508455356157,-166.84881372935513
TS151,5.0,5.270894341022875,103.50853620444397,-165.64828453846746
TS151,5.0,5.279620987282847,104.76569597602351,-164.44920195023997
TS151,5.0,5.288347633542818,106.01675590925446,-163.25148800194376
TS151,5.0,5.29707427980279,107.26190539491901,-162.0550616048357
TS151,5.0,5.305800926062762,108.50133119790065,-160.8598386656811
TS151,5.0,5.314527572322733,109.73521748274158,-159.66573220072343
TS151,5.0,5.323254218582705,110.96374584022071,-158.4726524423498
TS151,5.0,5.331980864842677,112.18709531470206,-157.2805069387006
TS151,5.0,5.340707511102648,113.40544243201892,-156.0892006464654
TS151,5.0,5.34943415736262,114.61896122766642,-154.898636017109
TS151,5.0,5.358160803622591,115.827823275086,-153.70871307676703
TS151,5.0,5.366887449882563,117.03219771383887,-152.5193295000434
TS151,5.0,5.375614096142535,118.23225127746697,-151.3303806779432
TS151,5.0,5.3843407424025065,119.42814832085563,-150.14175978016405
TS151,5.0,5.3930673886624785,120.62005084691386,-148.9533578119672
TS151,5.0,5.40179403492245,121.80811853239517,-147.76506366584553
TS151,5.0,5.410520681182422,122.9925087526914,-146.5767641681948
TS151,5.0,5.419247327442394,124.17337660543055,-145.3883441211972
TS151,5.0,5.427973973702365,125.35087493271952,-144.19968634011263
TS151,5.0,5.436700619962337,126.52515434187359,-143.01067168617408
TS151,5.0,5.445427266222308,127.69636322447468,-141.82117909527602
TS151,5.0,5.45415391248228,128.8646477736099,-140.6310856026379
TS151,5.0,5.462880558742252,130.03015199913378,-139.44026636362443
TS151,5.0,5.471607205002223,131.1930177408073,-138.2485946708955
TS151,5.0,5.480333851262195,132.35338467916185,-137.0559419680564
TS151,5.0,5.489060497522167,133.51139034393614,-135.86217785997653
TS151,5.0,5.497787143782138,134.66717011993703,-134.66717011993708
TS151,5.0,5.50651379004211,135.82085725017015,-133.470784693769
TS151,5.0,5.515240436302081,136.9725828360843,-132.27288570113882
TS151,5.0,5.523967082562053,138.12247583477588,-131.07333543413458
TS151,5.0,5.532693728822025,139.27066305298928,-129.87199435330749
TS151,5.0,5.541420375081996,140.41726913775366,-128.6687210813184
TS151,5.0,5.550147021341968,141.56241656348715,-127.46337239433934
TS151,5.0,5.558873667601939,142.7062256153975,-126.25580321136286
TS151,5.0,5.567600313861911,143.84881436900488,-125.04586658156424
TS151,5.0,5.576326960121883,144.99029866560466,-123.83341366987231
TS151,5.0,5.585053606381854,146.1307920834859,-122.61829374089689
TS151,5.0,5.593780252641826,147.2704059047145,-121.40035414136791
TS151,5.0,5.602506898901797,148.40924907728223,-120.17944028124411
TS151,5.0,5.611233545161769,149.54742817242192,-118.9553956136467
TS151,5.0,5.619960191421741,150.68504733687655,-117.72806161378594
TS151,5.0,5.6286868376817125,151.82220823990943,-116.4972777570443
TS151,5.0,5.6374134839416845,152.95901001483276,-115.26288149639107
TS151,5.0,5.6461401302016565,154.09554919482582,-114.02470823930845
TS151,5.0,5.654866776461628,155.2319196428099,-112.7825913244122
TS151,5.0,5.6635934227216,156.3682124751384,-111.53636199796222
TS151,5.0,5.672320068981571,157.50451597885393,-110.28584939046532
TS151,5.0,5.681046715241543,158.64091552226347,-109.0308804935788
TS151,5.0,5.689773361501515,159.77749345856859,-107.77128013753955
TS151,5.0,5.698500007761486,160.91432902229252,-106.5068709693483
TS151,5.0,5.707226654021458,162.05149821823426,-105.23747343195416
TS151,5.0,5.715953300281429,163.18907370267786,-103.9629057446983
TS151,5.0,5.724679946541401,164.327124656587,-102.68298388528481
TS151,5.0,5.733406592801373,165.46571665050567,-101.3975215735685
TS151,5.0,5.742133239061344,166.60491150089214,-100.10633025745805
TS151,5.0,5.750859885321316,167.7447671176112,-98.80921910125478
TS151,5.0,5.759586531581287,168.88533734231123,-97.50599497676426
TS151,5.0,5.768313177841259,170.0266717774225,-96.19646245753249
TS151,5.0,5.777039824101231,171.1688156055124,-94.88042381658546
TS151,5.0,5.785766470361202,172.31180939875023,-93.55767902806349
TS151,5.0,5.794493116621174,173.4556889182407,-92.22802577316803
TS151,5.0,5.803219762881146,174.60048490300244,-90.89125945086062
TS151,5.0,5.811946409141117,175.74622284838696,-89.54717319377245
TS151,5.0,5.820673055401089,176.89292277375645,-88.19555788981093
TS151,5.0,5.82939970166106,178.04059897926157,-86.83620220997182
TS151,5.0,5.838126347921032,179.18925979159852,-85.46889264288673
TS151,5.0,5.846852994181004,180.3389072986545,-84.09341353666692
TS151,5.0,5.8555796404409755,181.48953707299873,-82.70954714861998
TS151,5.0,5.8643062867009474,182.6411378842208,-81.31707370344668
TS151,5.0,5.8730329329609186,183.79369140017482,-79.91577146054703
TS151,5.0,5.8817595792208905,184.94717187725186,-78.5054167910827
TS151,5.0,5.8904862254808625,186.10154583987043,-77.08578426547253
TS151,5.0,5.899212871740834,187.2567717494573,-75.65664675200873
TS151,5.0,5.907939518000806,188.41279966327727,-74.2177755273044
TS151,5.0,5.916666164260777,189.56957088356623,-72.76894039929812
TS151,5.0,5.925392810520749,190.7270175975355,-71.3099098435473
TS151,5.0,5.934119456780721,191.88506250892718,-69.84045115355909
TS151,5.0,5.942846103040692,193.04361846193552,-68.3603306059014
TS151,5.0,5.951572749300664,194.20258805844955,-66.86931364084198
TS151,5.0,5.960299395560636,195.36186326972398,-65.36716505925357
TS151,5.0,5.969026041820607,196.5213250437556,-63.853649236505376
TS151,5.0,5.977752688080579,197.68084290981844,-62.32853035404232
TS151,5.0,5.98647933434055,198.84027458180304,-60.791572649321886
TS151,5.0,5.995205980600522,199.99946556221147,-59.24254068473089
TS151,5.0,6.003932626860494,201.15824874887247,-57.68119963606163
TS151,5.0,6.012659273120465,202.31644404667276,-56.1073156010514
TS151,5.0,6.021385919380437,203.47385798683808,-54.52065592841819
TS151,5.0,6.030112565640408,204.63028335654417,-52.9209895677309
TS151,5.0,6.03883921190038,205.78549884190028,-51.308087440338696
TS151,5.0,6.047565858160352,206.9392686876038,-49.68172283146659
TS151,5.0,6.056292504420323,208.09134237684046,-48.04167180343147
TS151,5.0,6.065019150680295,209.24145433526684,-46.38771362977509
TS151,5.0,6.073745796940266,210.38932366318264,-44.719631249927644
TS151,5.0,6.082472443200238,211.53465390026403,-43.03721174380517
TS151,5.0,6.09119908946021,212.67713282747584,-41.34024682552834
TS151,5.0,6.0999257357201815,213.81643231102632,-39.628533355193774
TS151,5.0,6.1086523819801535,214.9522081934388,-37.90187386736644
TS151,5.0,6.1173790282401255,216.08410023701123,-36.16007711467238
TS151,5.0,6.126105674500097,217.21173212509282,-34.40295862455598
TS151,5.0,6.134832320760069,218.33471152672888,-32.630341266942565
TS151,5.0,6.14355896702004,219.4526302302944,-30.842055830200934
TS151,5.0,6.152285613280012,220.56506435176266,-29.037941602434266
TS151,5.0,6.161012259539984,221.6715746232045,-27.21784695476555
TS151,5.0,6.169738905799955,222.7717067670046,-25.381629922894533
TS151,5.0,6.178465552059927,223.86499196108534,-23.529158782826674
TS151,5.0,6.187192198319898,224.9509474001471,-21.660312616294853
TS151,5.0,6.19591884457987,226.02907695756494,-19.774981861015615
TS151,5.0,6.204645490839842,227.0988719520975,-17.8730688405755
TS151,5.0,6.213372137099813,228.15981202299233,-15.954488268398547
TS151,5.0,6.222098783359785,229.21136611637215,-14.019167719949259
TS151,5.0,6.230825429619756,230.25299358498114,-12.067048067061318
TS151,5.0,6.239552075879728,231.28414540245623,-10.098083868060689
TS151,5.0,6.2482787221397,232.30426549224617,-8.112243707204462
TS151,5.0,6.257005368399671,233.31279217016746,-6.109510476856107
TS151,5.0,6.265732014659643,234.3091596983376,-4.0898815958105965
TS151,5.0,6.274458660919615,235.29279994689006,-2.0533691572538957
TS151,5.0,6.283185307179586,236.2631441584638,-5.786778065003048e-14
TS151,10.0,0.0,266.5180678033621,0.0
TS151,10.0,0.008726646259971648,267.5762838512885,2.335102853112741
TS151,10.0,0.017453292519943295,268.61839211199145,4.688751475228221
TS151,10.0,0.026179938779914945,269.64380083636064,7.0608714203184
TS151,10.0,0.03490658503988659,270.6519271800787,9.451373561552819
TS151,10.0,0.04363323129985824,271.64219944795366,11.860154561639753
TS151,10.0,0.05235987755982989,272.61405937092815,14.287097452965494
TS151,10.0,0.061086523819801536,273.5669643996498,16.732072329296848
TS151,10.0,0.06981317007977318,274.50038999735324,19.194937149765188
TS151,10.0,0.07853981633974483,275.41383191383017,21.675538654727006
TS151,10.0,0.08726646259971647,276.3068084214893,24.173713391909622
TS151,10.0,0.09599310885968812,277.1788624939411,26.68928885001802
TS151,10.0,0.10471975511965978,278.0295639072256,29.222084695718472
TS151,10.0,0.11344640137963143,278.85851124373175,31.77191410864583
TS151,10.0,0.12217304763960307,279.66533377906,34.338585207826135
TS151,10.0,0.1308996938995747,280.44969323256095,36.921902561685634
TS151,10.0,0.13962634015954636,281.21128536303536,39.52166877265338
TS151,10.0,0.14835298641951802,281.9498413921052,42.137686126277885
TS151,10.0,0.15707963267948966,282.66512923904935,44.76975829378954
TS151,10.0,0.16580627893946132,283.3569545524153,47.4176920761664
TS151,10.0,0.17453292519943295,284.02516152544786,50.08129917701629
TS151,10.0,0.1832595714594046,284.66963348428857,52.760397990987975
TS151,10.0,0.19198621771937624,285.29029323994865,55.45481539397157
TS151,10.0,0.2007128639793479,285.88710319721673,58.16438852105418
TS151,10.0,0.20943951023931956,286.46006521586617,60.88896651805482
TS151,10.0,0.2181661564992912,287.00922022175456,63.62841225247512
TS151,10.0,0.22689280275926285,287.5346475675839,66.38260396985439
TS151,10.0,0.23561944901923448,288.0364641451918,69.15143688180198
TS151,10.0,0.24434609527920614,288.51482325321416,71.93482467237716
TS151,10.0,0.2530727415391778,288.969913225751,74.73270090997497
TS151,10.0,0.2617993877991494,289.40195582926094,77.5450203524379
TS151,10.0,0.27052603405912107,289.8112044362461,80.37176013371459
TS151,10.0,0.2792526803190927,290.19794198536334,83.21292082100517
TS151,10.0,0.2879793265790644,290.5624787383708,86.06852733193796
TS151,10.0,0.29670597283903605,290.9051498447873,88.93862970188053
TS151,10.0,0.30543261909900765,291.2263127252824,91.82330369197363
TS151,10.0,0.3141592653589793,291.5263442846406,94.72265122885509
TS151,10.0,0.32288591161895097,291.8056379646401,97.63680066728504
TS151,10.0,0.33161255787892263,292.06460064637577,100.5659068669658
TS151,10.0,0.34033920413889424,292.3036494104393,103.51015107473837
TS151,10.0,0.3490658503988659,292.52320816197584,106.46974060301541
TS151,10.0,0.35779249665883756,292.72370412597576,109.44490829474523
TS151,10.0,0.3665191429188092,292.9055642162651,112.4359117643806
TS151,10.0,0.3752457891787809,293.06921127955314,115.44303240322482
TS151,10.0,0.3839724354387525,293.21506021360733,118.46657413613201
TS151,10.0,0.39269908169872414,293.34351395619217,121.5068619148361
TS151,10.0,0.4014257279586958,293.45495933885826,124.5642399311589
TS151,10.0,0.41015237421866746,293.5497627970419,127.6390695310005
TS151,10.0,0.4188790204786391,293.6282659252677,130.7317268073322
TS151,10.0,0.4276056667386107,293.69078086358974,133.84259984740464
TS151,10.0,0.4363323129985824,293.73758549879943,136.97208560604884
TS151,10.0,0.44505895925855404,293.7689184614325,140.12058637330415
TS151,10.0,0.4537856055185257,293.784973897291,143.2885058006798
TS151,10.0,0.4625122517784973,293.7858959901197,146.47624444617205
TS151,10.0,0.47123889803846897,293.7717732103551,149.68419479378156
TS151,10.0,0.4799655442984406,293.7426322635838,152.91273569876006
TS151,10.0,0.4886921905584123,293.6984317116497,156.16222620526887
TS151,10.0,0.49741883681838395,293.6390552393938,159.43299867867466
TS151,10.0,0.5061454830783556,293.56430454098165,162.72535119050335
TS151,10.0,0.5148721293383273,293.473891801893,166.03953909033405
TS151,10.0,0.5235987755982988,293.36743175620586,169.3757656959146
TS151,10.0,0.5323254218582705,293.24443330408906,172.73417203084227
TS151,10.0,0.5410520681182421,293.1042906818181,176.11482553871122
TS151,10.0,0.5497787143782138,292.9462741865631,179.51770770418244
TS151,10.0,0.5585053606381855,292.76952047113343,182.94270051560173
TS151,10.0,0.5672320068981571,292.5730224403605,186.389571711317
TS151,10.0,0.5759586531581288,292.35561880140574,189.85795876358978
TS151,10.0,0.5846852994181004,292.11598334562143,193.34735157094792
TS151,10.0,0.5934119456780721,291.8526140702748,196.8570738531262
TS151,10.0,0.6021385919380436,291.5638222850337,200.38626327360836
TS151,10.0,0.6108652381980153,291.24772189111184,203.93385035456157
TS151,10.0,0.619591884457987,290.9022190706745,207.4985362989682
TS151,10.0,0.6283185307179586,290.5250026805927,211.07876989632206
TS151,10.0,0.6370451769779303,290.1135357075458,214.67272376247112
TS151,10.0,0.6457718232379019,289.6650482099488,218.27827025182805
TS151,10.0,0.6544984694978736,289.17653224460685,221.89295748145486
TS151,10.0,0.6632251157578453,288.64473934986785,225.51398602082966
TS151,10.0,0.6719517620178169,288.0661812287267,229.13818692667306
TS151,10.0,0.6806784082777885,287.43713433988086,232.7620019357638
TS151,10.0,0.6894050545377601,286.75364915580064,236.3814667650709
TS151,10.0,0.6981317007977318,286.01156487660535,239.9921986003962
TS151,10.0,0.7068583470577035,285.20653038772855,243.5893889722082
TS151,10.0,0.7155849933176751,284.3340322077977,247.1678033080504
TS151,10.0,0.7243116395776468,283.3894300801588,250.72178850002663
TS151,10.0,0.7330382858376184,282.36800070694596,254.24528981682948
TS151,10.0,0.7417649320975901,281.2649899001653,257.7318784052172
TS151,10.0,0.7504915783575618,280.07567312506615,261.1747904492846
TS151,10.0,0.7592182246175333,278.7954240375004,264.5669787738377
TS151,10.0,0.767944870877505,277.41979017656536,267.9011772828429
TS151,10.0,0.7766715171374766,275.9445744829162,271.16997811598543
TS151,10.0,0.7853981633974483,274.36592079770253,274.36592079770253
TS151,10.0,0.7941248096574199,272.68040099272605,277.4815919688017
TS151,10.0,0.8028514559173916,270.88510093263426,280.50973356996093
TS151,10.0,0.8115781021773633,268.9777021229996,283.44335664095985
TS151,10.0,0.8203047484373349,266.9565557019437,286.27585727072574
TS151,10.0,0.8290313946973066,264.8207454291327,289.00113074631395
TS151,10.0,0.8377580409572782,262.5701365430228,291.61367966509107
TS151,10.0,0.8464846872172498,260.2054078046816,294.1087117426022
TS151,10.0,0.8552113334772214,257.7280647106447,296.4822232973376
TS151,10.0,0.8639379797371931,255.14043270004265,298.73106492461045
TS151,10.0,0.8726646259971648,252.44563014256167,300.852986657107
TS151,10.0,0.8813912722571364,249.64752189765662,302.8466608932721
TS151,10.0,0.8901179185171081,246.75065519861047,304.71168247792497
TS151,10.0,0.8988445647770797,243.7601804575033,306.44854645065874
TS151,10.0,0.9075712110370514,240.6817602419835,308.05860504322766
TS151,10.0,0.9162978572970231,237.5214700960469,309.544006423712
TS151,10.0,0.9250245035569946,234.2856950445529,310.90761838861243
TS151,10.0,0.9337511498169663,230.98102554092443,312.1529406557391
TS151,10.0,0.9424777960769379,227.61415631855047,313.2840096001524
TS151,10.0,0.9512044423369096,224.19179113526368,314.3052992176778
TS151,10.0,0.9599310885968813,220.7205558131318,315.2216218315358
TS151,10.0,0.9686577348568529,217.20692133113374,316.03803162694504
TS151,10.0,0.9773843811168246,213.65713808014155,316.75973356175496
TS151,10.0,0.9861110273767962,210.07718178287786,317.39199961300704
TS151,10.0,0.9948376736367679,206.4727110491212,317.9400937283539
TS151,10.0,1.0035643198967394,202.84903609874607,318.4092062963868
TS151,10.0,1.0122909661567112,199.21109785081177,318.8043984588295
TS151,10.0,1.0210176124166828,195.56345634472575,319.1305561768781
TS151,10.0,1.0297442586766545,191.9102873210788,319.39235364046425
TS151,10.0,1.038470904936626,188.2553857320446,319.59422537179887
TS151,10.0,1.0471975511965976,184.60217495881395,319.7403462163848
TS151,10.0,1.0559241974565694,180.95372057058847,319.83461832540326
TS151,10.0,1.064650843716541,177.3127475512423,319.88066420082725
TS151,10.0,1.0733774899765127,173.68166003278228,319.8818248863393
TS151,10.0,1.0821041362364843,170.0625626983276,319.8411624313646
TS151,10.0,1.090830782496456,166.45728314298384,319.7614658218507
TS151,10.0,1.0995574287564276,162.8673946024603,319.64525965104144
TS151,10.0,1.1082840750163994,159.29423857228304,319.49481488938517
TS151,10.0,1.117010721276371,155.73894694239604,319.3121611995088
TS151,10.0,1.1257373675363425,152.20246336149435,319.0991003259933
TS151,10.0,1.1344640137963142,148.6855636223033,318.8572201678937
TS151,10.0,1.1431906600562858,145.1888749235704,318.5879092129448
TS151,10.0,1.1519173063162575,141.71289391763457,318.2923710753943
TS151,10.0,1.160643952576229,138.25800349519295,317.9716389341839
TS151,10.0,1.1693705988362009,134.82448829254452,317.6265897149679
TS151,10.0,1.1780972450961724,131.41254893243595,317.2579578987048
TS151,10.0,1.1868238913561442,128.0223150288888,316.8663488719222
TS151,10.0,1.1955505376161157,124.6538570001976,316.45225175999116
TS151,10.0,1.2042771838760873,121.30719674367415,316.016051705605
TS151,10.0,1.213003830136059,117.98231723158742,315.55804157089676
TS151,10.0,1.2217304763960306,114.67917109087652,315.0784330539564
TS151,10.0,1.2304571226560024,111.39768823025958,314.57736721957076
TS151,10.0,1.239183768915974,108.13778257787392,314.0549244504044
TS151,10.0,1.2479104151759457,104.89935799099544,313.5111338290717
TS151,10.0,1.2566370614359172,101.68231339708078,312.9459819640902
TS151,10.0,1.265363707695889,98.48654722261267,312.35942127393747
TS151,10.0,1.2740903539558606,95.31196116325594,311.7513777436944
TS151,10.0,1.2828170002158321,92.15846334578933,311.12175816833377
TS151,10.0,1.2915436464758039,89.02597092931187,310.4704568958431
TS151,10.0,1.3002702927357754,85.91441219039979,309.7973620822467
TS151,10.0,1.3089969389957472,82.82372813427484,309.1023614693856
TS151,10.0,1.3177235852557188,79.75387367166803,308.38534769513836
TS151,10.0,1.3264502315156905,76.70481839892543,307.6462231447396
TS151,10.0,1.335176877775662,73.67654701701612,306.88490435103296
TS151,10.0,1.3439035240356338,70.6690594234327,306.10132595095223
TS151,10.0,1.3526301702956054,67.68237050951402,305.2954442052709
TS151,10.0,1.361356816555577,64.71650969442217,304.46724008873264
TS151,10.0,1.3700834628155487,61.77152022585222,303.61672195805465
TS151,10.0,1.3788101090755203,58.84745827649368,302.7439278059807
TS151,10.0,1.387536755335492,55.944391864271395,301.8489271105162
TS151,10.0,1.3962634015954636,53.06239962343499,300.93182228967635
TS151,10.0,1.4049900478554354,50.20156945260212,299.99274977347136
TS151,10.0,1.413716694115407,47.36199706487538,299.0318807063918
TS151,10.0,1.4224433403753787,44.543784464109756,298.0494212952942
TS151,10.0,1.4311699866353502,41.74703837030255,297.04561281926254
TS151,10.0,1.4398966328953218,38.971868615883324,296.0207313196797
TS151,10.0,1.4486232791552935,36.2183865334051,294.9750869903409
TS151,10.0,1.457349925415265,33.486703353765314,293.90902328891724
TS151,10.0,1.4660765716752369,30.77692863262505,292.8229157923931
TS151,10.0,1.4748032179352084,28.089168721158163,291.7171708202239
TS151,10.0,1.4835298641951802,25.423525295648716,290.592223849841
TS151,10.0,1.4922565104551517,22.78009395879683,289.44853774976883
TS151,10.0,1.5009831567151235,20.158962923889526,288.28660085597403
TS151,10.0,1.509709802975095,17.56021179128128,287.1069249171501
TS151,10.0,1.5184364492350666,14.983910424913065,285.91004293444115
TS151,10.0,1.5271630954950384,12.43011793491457,284.69650692063306
TS151,10.0,1.53588974175501,9.89888177068981,283.4668856031086
TS151,10.0,1.5446163880149817,7.390236927308286,282.22176209388823
TS151,10.0,1.5533430342749532,4.904205266530273,280.96173154888623
TS151,10.0,1.562069680534925,2.4407949523928862,279.6873988371346
TS151,10.0,1.5707963267948966,1.704704524979687e-14,278.3993762391848
TS151,10.0,1.5795229730548683,-2.4182000650111846,277.0982811922384
TS151,10.0,1.5882496193148399,-4.8138404398882795,275.7847340977982
TS151,10.0,1.5969762655748114,-7.186971175535019,274.4593562058168
TS151,10.0,1.6057029118347832,-9.53765720987045,273.12276758747646
TS151,10.0,1.6144295580947547,-11.86597830964543,271.77558520688956
TS151,10.0,1.6231562043547265,-14.172028927087661,270.4184211001978
TS151,10.0,1.631882850614698,-16.455917978118595,269.0518806687898
TS151,10.0,1.6406094968746698,-18.717768549142733,267.67656109166916
TS151,10.0,1.6493361431346414,-20.957717539548025,266.29304986041706
TS151,10.0,1.6580627893946132,-23.175915247099162,264.9019234387073
TS151,10.0,1.6667894356545847,-25.372524903348356,263.50374604696685
TS151,10.0,1.6755160819145565,-27.54772216605712,262.0990685715333
TS151,10.0,1.684242728174528,-29.70169457541295,260.6884275965549
TS151,10.0,1.6929693744344996,-31.834640980562472,259.27234455589786
TS151,10.0,1.7016960206944713,-33.946770942664656,257.8513250014837
TS151,10.0,1.710422666954443,-36.038304120314805,256.4258579837622
TS151,10.0,1.7191493132144147,-38.109469642806665,254.9964155394337
TS151,10.0,1.7278759594743862,-40.16050547629277,253.56345228105891
TS151,10.0,1.736602605734358,-42.1916577874894,252.12740508283386
TS151,10.0,1.7453292519943295,-44.2031803091459,250.68869285654273
TS151,10.0,1.7540558982543013,-46.195333711079684,249.24771641153416
TS151,10.0,1.7627825445142729,-48.16838498015943,247.8048583924832
TS151,10.0,1.7715091907742444,-50.122606812217825,246.36048328869006
TS151,10.0,1.7802358370342162,-52.05827701848245,244.91493750872277
TS151,10.0,1.7889624832941877,-53.97567794874397,243.4685495143241
TS151,10.0,1.7976891295541595,-55.875095933129,242.02163000766097
TS151,10.0,1.806415775814131,-57.75682074401475,240.5744721661982
TS151,10.0,1.8151424220741028,-59.62114507931841,239.12735191970467
TS151,10.0,1.8238690683340744,-61.46836406810972,237.68052826416294
TS151,10.0,1.8325957145940461,-63.29877479923998,236.234243607624
TS151,10.0,1.8413223608540177,-65.11267587344358,234.78872414334228
TS151,10.0,1.8500490071139892,-66.91036697915995,233.3441802458183
TS151,10.0,1.858775653373961,-68.69214849213402,231.90080688568102
TS151,10.0,1.8675022996339325,-70.4583210986879,230.45878405963978
TS151,10.0,1.8762289458939043,-72.20918544241091,229.01827723203183
TS151,10.0,1.8849555921538759,-73.94504179388814,227.57943778478568
TS151,10.0,1.8936822384138476,-75.66618974298066,226.1424034728968
TS151,10.0,1.9024088846738192,-77.37292791307826,224.70729888278922
TS151,10.0,1.911135530933791,-79.06555369667173,223.27423589119323
TS151,10.0,1.9198621771937625,-80.74436301152703,221.84331412241755
TS151,10.0,1.928588823453734,-82.40965007669908,220.4146214021278
TS151,10.0,1.9373154697137058,-84.06170720758175,218.98823420596332
TS151,10.0,1.9460421159736774,-85.70082462916668,217.56421810152992
TS151,10.0,1.9547687622336491,-87.327290306665,216.1426281824949
TS151,10.0,1.9634954084936207,-88.94138979263573,214.72350949369317
TS151,10.0,1.9722220547535925,-90.54340608976402,213.3068974463113
TS151,10.0,1.980948701013564,-92.13361952843368,211.8928182223691
TS151,10.0,1.9896753472735358,-93.71230765825018,210.48128916785558
TS151,10.0,1.9984019935335073,-95.27974515268077,209.07231917400077
TS151,10.0,2.007128639793479,-96.83620372599795,207.6659090462762
TS151,10.0,2.0158552860534504,-98.38195206173104,206.26205186082197
TS151,10.0,2.0245819323134224,-99.91725575185383,204.86073330808688
TS151,10.0,2.033308578573394,-101.44237724596056,203.46193202355204
TS151,10.0,2.0420352248333655,-102.95757580970974,202.0656199054793
TS151,10.0,2.050761871093337,-104.46310749183944,200.67176241969133
TS151,10.0,2.059488517353309,-105.95922509908887,199.2803188914457
TS151,10.0,2.0682151636132806,-107.44617817838603,197.89124278451484
TS151,10.0,2.076941809873252,-108.92421300569261,196.50448196762622
TS151,10.0,2.0856684561332237,-110.39357258092106,195.1199789684533
TS151,10.0,2.0943951023931953,-111.85449662837068,193.73767121537978
TS151,10.0,2.1031217486531673,-113.30722160215352,192.35749126728427
TS151,10.0,2.111848394913139,-114.75198069610839,190.97936703161588
TS151,10.0,2.1205750411731104,-116.18900385772751,189.6032219710461
TS151,10.0,2.129301687433082,-117.61851780564336,188.22897529900075
TS151,10.0,2.138028333693054,-119.04074605024823,186.85654216438041
TS151,10.0,2.1467549799530254,-120.45590891704077,185.4858338257917
TS151,10.0,2.155481626212997,-121.86422357231748,184.1167578156119
TS151,10.0,2.1642082724729685,-123.26590405084337,182.74921809421693
TS151,10.0,2.17293491873294,-124.66116128516018,181.3831151947
TS151,10.0,2.181661564992912,-126.05020313620533,180.0183463584102
TS151,10.0,2.1903882112528836,-127.43323442493316,178.65480566163814
TS151,10.0,2.199114857512855,-128.81045696464702,177.29238413377035
TS151,10.0,2.2078415037728267,-130.1820695937622,175.93096986723307
TS151,10.0,2.2165681500327987,-131.5482682087381,174.57044811953867
TS151,10.0,2.2252947962927703,-132.90924579692665,173.21070140774322
TS151,10.0,2.234021442552742,-134.26519246909837,171.85160959561563
TS151,10.0,2.2427480888127134,-135.61629549141597,170.49304997381574
TS151,10.0,2.251474735072685,-136.96273931663703,169.13489733336664
TS151,10.0,2.260201381332657,-138.30470561433435,167.77702403270396
TS151,10.0,2.2689280275926285,-139.64237329993006,166.4193000585734
TS151,10.0,2.2776546738526,-140.97591856234922,165.06159308104327
TS151,10.0,2.2863813201125716,-142.3055148901,163.70376850289006
TS151,10.0,2.2951079663725436,-143.63133309559657,162.34568950360784
TS151,10.0,2.303834612632515,-144.95354133754265,160.9872170782856
TS151,10.0,2.3125612588924866,-146.27230514119856,159.62821007158848
TS151,10.0,2.321287905152458,-147.58778741635663,158.2685252070755
TS151,10.0,2.3300145514124297,-148.90014847285082,156.90801711207467
TS151,10.0,2.3387411976724017,-150.20954603343046,155.54653833833723
TS151,10.0,2.3474678439323733,-151.5161352438247,154.1839393786804
TS151,10.0,2.356194490192345,-152.8200686798286,152.82006867982864
TS151,10.0,2.3649211364523164,-154.12149635123663,151.4547726516551
TS151,10.0,2.3736477827122884,-155.42056570245163,150.08789567302279
TS151,10.0,2.38237442897226,-156.71742160959332,148.71928009442084
TS151,10.0,2.3911010752322315,-158.0122063739299,147.3487662375872
TS151,10.0,2.399827721492203,-159.3050597114507,145.97619239230937
TS151,10.0,2.4085543677521746,-160.59611873839754,144.6013948105893
TS151,10.0,2.4172810140121466,-161.88551795256694,143.22420769836074
TS151,10.0,2.426007660272118,-163.17338921019078,141.84446320494422
TS151,10.0,2.4347343065320897,-164.4598616982007,140.4619914104262
TS151,10.0,2.443460952792061,-165.74506190167367,139.07662031114987
TS151,10.0,2.452187599052033,-167.02911356625341,137.68817580350537
TS151,10.0,2.4609142453120048,-168.31213765533542,136.29648166621072
TS151,10.0,2.4696408915719763,-169.59425230179932,134.90135954127675
TS151,10.0,2.478367537831948,-170.8755727540645,133.5026289138535
TS151,10.0,2.4870941840919194,-172.15621131624093,132.10010709116062
TS151,10.0,2.4958208303518914,-173.43627728214057,130.69360918070822
TS151,10.0,2.504547476611863,-174.7158768629083,129.2829480680225
TS151,10.0,2.5132741228718345,-175.99511310802805,127.86793439409617
TS151,10.0,2.522000769131806,-177.2740858194505,126.4483765327929
TS151,10.0,2.530727415391778,-178.55289145858742,125.02408056844297
TS151,10.0,2.5394540616517496,-179.8316230459109,123.5948502738776
TS151,10.0,2.548180707911721,-181.11037005289262,122.16048708915966
TS151,10.0,2.5569073541716927,-182.38921828601312,120.7207901012813
TS151,10.0,2.5656340004316642,-183.66824976257124,119.27555602511069
TS151,10.0,2.5743606466916362,-184.94754257801947,117.8245791858838
TS151,10.0,2.5830872929516078,-186.22717076455152,116.36765150355296
TS151,10.0,2.5918139392115793,-187.50720414067018,114.90456247931783
TS151,10.0,2.600540585471551,-188.78770815146325,113.43509918468266
TS151,10.0,2.609267231731523,-190.06874369932277,111.95904625340103
TS151,10.0,2.6179938779914944,-191.35036696484514,110.476185876687
TS151,10.0,2.626720524251466,-192.63262921766201,108.98629780209126
TS151,10.0,2.6354471705114375,-193.91557661695884,107.48915933646323
TS151,10.0,2.644173816771409,-195.19925000145454,105.98454535343797
TS151,10.0,2.652900463031381,-196.48368466863238,104.47222830591171
TS151,10.0,2.6616271092913526,-197.76891014302964,102.95197824399028
TS151,10.0,2.670353755551324,-199.05494993342433,101.42356283891908
TS151,10.0,2.6790804018112957,-200.34182127877853,99.88674741352662
TS151,10.0,2.6878070480712677,-201.6295348828379,98.34129497973714
TS151,10.0,2.6965336943312392,-202.91809463732181,96.78696628373223
TS151,10.0,2.705260340591211,-204.2074973336862,95.22351985936434
TS151,10.0,2.7139869868511823,-205.49773236348855,93.65071209044993
TS151,10.0,2.722713633111154,-206.78878140744624,92.06829728259162
TS151,10.0,2.731440279371126,-208.080618113341,90.47602774520084
TS151,10.0,2.7401669256310974,-209.3732077629967,88.87365388441341
TS151,10.0,2.748893571891069,-210.66650692864008,87.26092430760835
TS151,10.0,2.7576202181510405,-211.96046311904095,85.63758594025812
TS151,10.0,2.7663468644110125,-213.25501441593227,84.00338415585124
TS151,10.0,2.775073510670984,-214.55008910131693,82.3580629196395
TS151,10.0,2.7838001569309556,-215.84560527639158,80.70136494696736
TS151,10.0,2.792526803190927,-217.14147047294713,79.03303187694627
TS151,10.0,2.8012534494508987,-218.43758125824922,77.35280446222964
TS151,10.0,2.8099800957108707,-219.73382283455783,75.66042277563743
TS151,10.0,2.8187067419708423,-221.0300686346111,73.95562643436287
TS151,10.0,2.827433388230814,-222.32617991457755,72.23815484246704
TS151,10.0,2.8361600344907854,-223.62200534617253,70.50774745233784
TS151,10.0,2.8448866807507573,-224.9173806098389,68.7641440457429
TS151,10.0,2.853613327010729,-226.21212799110418,67.00708503505439
TS151,10.0,2.8623399732707004,-227.50605598245747,65.23631178515473
TS151,10.0,2.871066619530672,-228.79895889332,63.45156695645572
TS151,10.0,2.8797932657906435,-230.0906164709343,61.65259486936609
TS151,10.0,2.8885199120506155,-231.3807935352455,59.83914189043416
TS151,10.0,2.897246558310587,-232.66923963111188,58.01095684026656
TS151,10.0,2.9059732045705586,-233.9556887014412,56.16779142317596
TS151,10.0,2.91469985083053,-235.23985878511567,54.30940067835261
TS151,10.0,2.923426497090502,-236.52145174382918,52.43554345216656
TS151,10.0,2.9321531433504737,-237.8001530222175,50.54598289100766
TS151,10.0,2.9408797896104453,-239.07563144590938,48.640486953843165
TS151,10.0,2.949606435870417,-240.34753906235736,46.71882894343093
TS151,10.0,2.9583330821303884,-241.6155110295224,44.78078805485636
TS151,10.0,2.9670597283903604,-242.87916555767262,42.826149939775796
TS151,10.0,2.975786374650332,-244.1381039097136,40.85470728444219
TS151,10.0,2.9845130209103035,-245.3919104655881,38.866260399260916
TS151,10.0,2.993239667170275,-246.64015285635372,36.86061781728406
TS151,10.0,3.001966313430247,-247.88238217357144,34.8375968986909
TS151,10.0,3.0106929596902186,-249.118133259597,32.79702443793565
TS151,10.0,3.01941960595019,-250.34692508426343,30.738737269863655
TS151,10.0,3.0281462522101616,-251.5682612132585,28.662582870719902
TS151,10.0,3.036872898470133,-252.78163037323674,26.56841994959001
TS151,10.0,3.045599544730105,-253.98650711835342,24.456119025443595
TS151,10.0,3.0543261909900767,-255.18235260245183,22.325562984589613
TS151,10.0,3.0630528372500483,-256.3686154605878,20.17664761301256
TS151,10.0,3.07177948351002,-257.5447328029093,18.009282097750738
TS151,10.0,3.080506129769992,-258.71013132314715,15.823389491199526
TS151,10.0,3.0892327760299634,-259.8642285230864,13.618907131995687
TS151,10.0,3.097959422289935,-261.00643405340725,11.39578701596015
TS151,10.0,3.1066860685499065,-262.13615117018054,9.153996110467856
TS151,10.0,3.115412714809878,-263.2527783051148,6.893516605568362
TS151,10.0,3.12413936106985,-264.35571074635993,4.614346095222801
TS151,10.0,3.1328660073298216,-265.4443424253032,2.3164976821505316
TS151,10.0,3.141592653589793,-266.5180678033621,3.2639049865032463e-14
TS151,10.0,3.1503192998497647,-267.5762838512885,-2.3351028531126814
TS151,10.0,3.1590459461097367,-268.61839211199145,-4.688751475228254
TS151,10.0,3.167772592369708,-269.64380083636064,-7.060871420318407
TS151,10.0,3.1764992386296798,-270.6519271800787,-9.451373561552801
TS151,10.0,3.1852258848896513,-271.64219944795366,-11.860154561639705
TS151,10.0,3.193952531149623,-272.61405937092815,-14.28709745296542
TS151,10.0,3.202679177409595,-273.5669643996498,-16.732072329296866
TS151,10.0,3.2114058236695664,-274.50038999735324,-19.19493714976518
TS151,10.0,3.220132469929538,-275.41383191383017,-21.67553865472697
TS151,10.0,3.2288591161895095,-276.3068084214893,-24.17371339190956
TS151,10.0,3.2375857624494815,-277.17886249394115,-26.689288850018063
TS151,10.0,3.246312408709453,-278.0295639072257,-29.222084695718486
TS151,10.0,3.2550390549694246,-278.85851124373175,-31.771914108645806
TS151,10.0,3.263765701229396,-279.66533377905995,-34.33858520782608
TS151,10.0,3.2724923474893677,-280.44969323256095,-36.921902561685556
TS151,10.0,3.2812189937493397,-281.2112853630354,-39.52166877265342
TS151,10.0,3.2899456400093112,-281.94984139210516,-42.13768612627787
TS151,10.0,3.2986722862692828,-282.66512923904935,-44.76975829378951
TS151,10.0,3.3073989325292543,-283.35695455241523,-47.417692076166325
TS151,10.0,3.3161255787892263,-284.02516152544786,-50.081299177016334
TS151,10.0,3.324852225049198,-284.66963348428857,-52.760397990987975
TS151,10.0,3.3335788713091694,-285.29029323994865,-55.45481539397154
TS151,10.0,3.342305517569141,-285.8871031972166,-58.1643885210541
TS151,10.0,3.351032163829113,-286.46006521586617,-60.88896651805487
TS151,10.0,3.3597588100890845,-287.00922022175456,-63.62841225247514
TS151,10.0,3.368485456349056,-287.5346475675839,-66.38260396985437
TS151,10.0,3.3772121026090276,-288.03646414519176,-69.15143688180193
TS151,10.0,3.385938748868999,-288.5148232532141,-71.93482467237708
TS151,10.0,3.394665395128971,-288.969913225751,-74.732700909975
TS151,10.0,3.4033920413889427,-289.40195582926094,-77.54502035243793
TS151,10.0,3.4121186876489142,-289.8112044362462,-80.37176013371459
TS151,10.0,3.420845333908886,-290.19794198536334,-83.21292082100511
TS151,10.0,3.429571980168858,-290.5624787383708,-86.06852733193799
TS151,10.0,3.4382986264288293,-290.9051498447873,-88.93862970188053
TS151,10.0,3.447025272688801,-291.2263127252824,-91.82330369197362
TS151,10.0,3.4557519189487724,-291.5263442846406,-94.72265122885503
TS151,10.0,3.464478565208744,-291.8056379646401,-97.63680066728497
TS151,10.0,3.473205211468716,-292.06460064637577,-100.56590686696582
TS151,10.0,3.4819318577286875,-292.3036494104393,-103.51015107473839
TS151,10.0,3.490658503988659,-292.52320816197584,-106.4697406030154
TS151,10.0,3.4993851502486306,-292.7237041259757,-109.44490829474516
TS151,10.0,3.5081117965086026,-292.9055642162651,-112.43591176438065
TS151,10.0,3.516838442768574,-293.0692112795531,-115.44303240322483
TS151,10.0,3.5255650890285457,-293.21506021360733,-118.46657413613201
TS151,10.0,3.5342917352885173,-293.3435139561922,-121.50686191483605
TS151,10.0,3.543018381548489,-293.4549593388583,-124.56423993115884
TS151,10.0,3.551745027808461,-293.54976279704186,-127.63906953100052
TS151,10.0,3.5604716740684323,-293.6282659252677,-130.7317268073322
TS151,10.0,3.569198320328404,-293.6907808635898,-133.84259984740464
TS151,10.0,3.5779249665883754,-293.7375854987994,-136.97208560604875
TS151,10.0,3.5866516128483474,-293.7689184614326,-140.12058637330426
TS151,10.0,3.595378259108319,-293.7849738972911,-143.28850580067981
TS151,10.0,3.6041049053682905,-293.7858959901197,-146.47624444617205
TS151,10.0,3.612831551628262,-293.7717732103551,-149.68419479378153
TS151,10.0,3.6215581978882336,-293.74263226358386,-152.91273569875997
TS151,10.0,3.6302848441482056,-293.6984317116496,-156.1622262052689
TS151,10.0,3.639011490408177,-293.6390552393938,-159.43299867867466
TS151,10.0,3.6477381366681487,-293.56430454098165,-162.7253511905033
TS151,10.0,3.6564647829281203,-293.47389180189293,-166.03953909033393
TS151,10.0,3.6651914291880923,-293.3674317562059,-169.37576569591468
TS151,10.0,3.673918075448064,-293.244433304089,-172.73417203084233
TS151,10.0,3.6826447217080354,-293.1042906818181,-176.11482553871122
TS151,10.0,3.691371367968007,-292.94627418656313,-179.51770770418244
TS151,10.0,3.7000980142279785,-292.76952047113343,-182.94270051560167
TS151,10.0,3.7088246604879505,-292.57302244036055,-186.38957171131707
TS151,10.0,3.717551306747922,-292.35561880140574,-189.85795876358978
TS151,10.0,3.7262779530078936,-292.11598334562143,-193.34735157094792
TS151,10.0,3.735004599267865,-291.8526140702748,-196.8570738531261
TS151,10.0,3.743731245527837,-291.56382228503367,-200.3862632736084
TS151,10.0,3.7524578917878086,-291.24772189111184,-203.93385035456163
TS151,10.0,3.76118453804778,-290.9022190706745,-207.4985362989682
TS151,10.0,3.7699111843077517,-290.5250026805926,-211.07876989632194
TS151,10.0,3.7786378305677233,-290.1135357075458,-214.67272376247098
TS151,10.0,3.7873644768276953,-289.6650482099488,-218.2782702518281
TS151,10.0,3.796091123087667,-289.17653224460685,-221.89295748145486
TS151,10.0,3.8048177693476384,-288.6447393498678,-225.51398602082955
TS151,10.0,3.81354441560761,-288.0661812287267,-229.13818692667294
TS151,10.0,3.822271061867582,-287.4371343398808,-232.76200193576383
TS151,10.0,3.8309977081275535,-286.75364915580064,-236.3814667650709
TS151,10.0,3.839724354387525,-286.01156487660535,-239.9921986003962
TS151,10.0,3.8484510006474966,-285.2065303877286,-243.5893889722082
TS151,10.0,3.857177646907468,-284.33403220779786,-247.16780330805037
TS151,10.0,3.86590429316744,-283.3894300801588,-250.72178850002663
TS151,10.0,3.8746309394274117,-282.36800070694596,-254.24528981682948
TS151,10.0,3.883357585687383,-281.26498990016523,-257.73187840521706
TS151,10.0,3.8920842319473548,-280.07567312506615,-261.17479044928456
TS151,10.0,3.9008108782073267,-278.79542403750037,-264.56697877383783
TS151,10.0,3.9095375244672983,-277.4197901765654,-267.90117728284304
TS151,10.0,3.91826417072727,-275.9445744829162,-271.16997811598543
TS151,10.0,3.9269908169872414,-274.3659207977026,-274.36592079770253
TS151,10.0,3.935717463247213,-272.6804009927262,-277.48159196880164
TS151,10.0,3.944444109507185,-270.88510093263426,-280.50973356996093
TS151,10.0,3.9531707557671565,-268.9777021229996,-283.44335664095985
TS151,10.0,3.961897402027128,-266.95655570194384,-286.2758572707258
TS151,10.0,3.9706240482870996,-264.8207454291328,-289.0011307463139
TS151,10.0,3.9793506945470716,-262.5701365430228,-291.6136796650912
TS151,10.0,3.988077340807043,-260.2054078046816,-294.10871174260234
TS151,10.0,3.9968039870670147,-257.7280647106447,-296.4822232973376
TS151,10.0,4.005530633326987,-255.1404327000425,-298.7310649246105
TS151,10.0,4.014257279586958,-252.44563014256173,-300.852986657107
TS151,10.0,4.02298392584693,-249.64752189765662,-302.8466608932721
TS151,10.0,4.031710572106901,-246.75065519861062,-304.71168247792485
TS151,10.0,4.040437218366873,-243.7601804575034,-306.44854645065874
TS151,10.0,4.049163864626845,-240.68176024198345,-308.0586050432277
TS151,10.0,4.057890510886816,-237.521470096047,-309.54400642371195
TS151,10.0,4.066617157146788,-234.285695044553,-310.9076183886126
TS151,10.0,4.075343803406759,-230.9810255409246,-312.15294065573903
TS151,10.0,4.084070449666731,-227.61415631855053,-313.2840096001524
TS151,10.0,4.092797095926703,-224.19179113526357,-314.3052992176778
TS151,10.0,4.101523742186674,-220.72055581313194,-315.2216218315358
TS151,10.0,4.110250388446646,-217.20692133113374,-316.03803162694504
TS151,10.0,4.118977034706618,-213.65713808014144,-316.75973356175496
TS151,10.0,4.127703680966589,-210.07718178287797,-317.39199961300704
TS151,10.0,4.136430327226561,-206.4727110491212,-317.94009372835393
TS151,10.0,4.145156973486532,-202.8490360987462,-318.40920629638674
TS151,10.0,4.153883619746504,-199.2110978508118,-318.80439845882944
TS151,10.0,4.162610266006476,-195.56345634472555,-319.13055617687803
TS151,10.0,4.171336912266447,-191.91028732107895,-319.39235364046425
TS151,10.0,4.180063558526419,-188.25538573204454,-319.5942253717989
TS151,10.0,4.1887902047863905,-184.60217495881417,-319.7403462163849
TS151,10.0,4.1975168510463625,-180.95372057058853,-319.83461832540326
TS151,10.0,4.2062434973063345,-177.3127475512422,-319.8806642008273
TS151,10.0,4.214970143566306,-173.6816600327824,-319.88182488633925
TS151,10.0,4.223696789826278,-170.06256269832755,-319.8411624313646
TS151,10.0,4.232423436086249,-166.4572831429841,-319.7614658218508
TS151,10.0,4.241150082346221,-162.86739460246037,-319.6452596510415
TS151,10.0,4.249876728606193,-159.29423857228304,-319.49481488938517
TS151,10.0,4.258603374866164,-155.73894694239618,-319.3121611995088
TS151,10.0,4.267330021126136,-152.20246336149432,-319.09910032599333
TS151,10.0,4.276056667386108,-148.6855636223032,-318.8572201678938
TS151,10.0,4.284783313646079,-145.18887492357047,-318.5879092129448
TS151,10.0,4.293509959906051,-141.7128939176345,-318.29237107539427
TS151,10.0,4.302236606166022,-138.2580034951931,-317.97163893418383
TS151,10.0,4.310963252425994,-134.82448829254457,-317.6265897149679
TS151,10.0,4.319689898685966,-131.4125489324358,-317.25795789870483
TS151,10.0,4.328416544945937,-128.02231502888893,-316.86634887192224
TS151,10.0,4.337143191205909,-124.65385700019756,-316.45225175999116
TS151,10.0,4.34586983746588,-121.30719674367428,-316.016051705605
TS151,10.0,4.354596483725852,-117.98231723158749,-315.5580415708968
TS151,10.0,4.363323129985824,-114.67917109087644,-315.0784330539565
TS151,10.0,4.372049776245795,-111.39768823025972,-314.57736721957076
TS151,10.0,4.380776422505767,-108.13778257787386,-314.0549244504044
TS151,10.0,4.389503068765738,-104.89935799099565,-313.51113382907175
TS151,10.0,4.39822971502571,-101.68231339708082,-312.9459819640902
TS151,10.0,4.406956361285682,-98.48654722261261,-312.3594212739374
TS151,10.0,4.4156830075456535,-95.31196116325609,-311.75137774369443
TS151,10.0,4.4244096538056255,-92.15846334578929,-311.1217581683337
TS151,10.0,4.4331363000655974,-89.02597092931177,-310.4704568958431
TS151,10.0,4.4418629463255686,-85.91441219039982,-309.7973620822467
TS151,10.0,4.4505895925855405,-82.82372813427482,-309.10236146938564
TS151,10.0,4.459316238845512,-79.75387367166816,-308.3853476951384
TS151,10.0,4.468042885105484,-76.70481839892545,-307.6462231447396
TS151,10.0,4.476769531365456,-73.67654701701599,-306.8849043510329
TS151,10.0,4.485496177625427,-70.6690594234328,-306.1013259509522
TS151,10.0,4.494222823885399,-67.68237050951399,-305.2954442052709
TS151,10.0,4.50294947014537,-64.7165096944223,-304.46724008873275
TS151,10.0,4.511676116405342,-61.771520225852264,-303.6167219580547
TS151,10.0,4.520402762665314,-58.847458276493576,-302.74392780598066
TS151,10.0,4.529129408925285,-55.9443918642715,-301.8489271105162
TS151,10.0,4.537856055185257,-53.06239962343497,-300.93182228967635
TS151,10.0,4.546582701445229,-50.20156945260202,-299.99274977347136
TS151,10.0,4.5553093477052,-47.36199706487542,-299.0318807063918
TS151,10.0,4.564035993965172,-44.54378446410973,-298.0494212952942
TS151,10.0,4.572762640225143,-41.74703837030268,-297.04561281926266
TS151,10.0,4.581489286485115,-38.9718686158833,-296.0207313196797
TS151,10.0,4.590215932745087,-36.218386533404995,-294.9750869903409
TS151,10.0,4.598942579005058,-33.48670335376535,-293.90902328891724
TS151,10.0,4.60766922526503,-30.77692863262502,-292.82291579239313
TS151,10.0,4.616395871525001,-28.089168721158266,-291.7171708202239
TS151,10.0,4.625122517784973,-25.423525295648748,-290.592223849841
TS151,10.0,4.633849164044945,-22.780093958796733,-289.4485377497688
TS151,10.0,4.642575810304916,-20.158962923889625,-288.28660085597403
TS151,10.0,4.651302456564888,-17.560211791281244,-287.10692491715
TS151,10.0,4.6600291028248595,-14.983910424913162,-285.91004293444115
TS151,10.0,4.6687557490848315,-12.430117934914605,-284.69650692063306
TS151,10.0,4.6774823953448035,-9.89888177068972,-283.4668856031086
TS151,10.0,4.686209041604775,-7.390236927308383,-282.22176209388823
TS151,10.0,4.694935687864747,-4.904205266530244,-280.96173154888623
TS151,10.0,4.703662334124719,-2.440794952392796,-279.68739883713454
TS151,10.0,4.71238898038469,-5.114113574939061e-14,-278.39937623918485
TS151,10.0,4.721115626644662,2.418200065011211,-277.09828119223835
TS151,10.0,4.729842272904633,4.8138404398881836,-275.7847340977982
TS151,10.0,4.738568919164605,7.186971175535045,-274.45935620581673
TS151,10.0,4.747295565424577,9.537657209870536,-273.1227675874764
TS151,10.0,4.756022211684548,11.865978309645396,-271.77558520688956
TS151,10.0,4.76474885794452,14.17202892708769,-270.4184211001978
TS151,10.0,4.773475504204491,16.45591797811851,-269.0518806687899
TS151,10.0,4.782202150464463,18.717768549142704,-267.67656109166916
TS151,10.0,4.790928796724435,20.95771753954811,-266.293049860417
TS151,10.0,4.799655442984406,23.175915247099073,-264.90192343870734
TS151,10.0,4.808382089244378,25.372524903348378,-263.5037460469668
TS151,10.0,4.817108735504349,27.547722166056978,-262.09906857153334
TS151,10.0,4.825835381764321,29.701694575412912,-260.6884275965549
TS151,10.0,4.834562028024293,31.834640980562547,-259.27234455589775
TS151,10.0,4.843288674284264,33.94677094266457,-257.8513250014837
TS151,10.0,4.852015320544236,36.03830412031484,-256.4258579837622
TS151,10.0,4.860741966804208,38.10946964280674,-254.99641553943366
TS151,10.0,4.869468613064179,40.160505476292734,-253.56345228105891
TS151,10.0,4.878195259324151,42.19165778748942,-252.1274050828339
TS151,10.0,4.886921905584122,44.203180309145814,-250.68869285654276
TS151,10.0,4.895648551844094,46.195333711079655,-249.24771641153418
TS151,10.0,4.904375198104066,48.1683849801595,-247.8048583924831
TS151,10.0,4.9131018443640375,50.122606812217796,-246.3604832886901
TS151,10.0,4.9218284906240095,52.05827701848248,-244.9149375087228
TS151,10.0,4.930555136883981,53.975677948743886,-243.46854951432414
TS151,10.0,4.939281783143953,55.875095933128975,-242.02163000766097
TS151,10.0,4.948008429403925,57.75682074401484,-240.57447216619818
TS151,10.0,4.956735075663896,59.62114507931834,-239.12735191970475
TS151,10.0,4.965461721923868,61.468364068109736,-237.68052826416294
TS151,10.0,4.974188368183839,63.29877479923986,-236.23424360762408
TS151,10.0,4.982915014443811,65.11267587344355,-234.7887241433423
TS151,10.0,4.991641660703783,66.91036697916,-233.34418024581822
TS151,10.0,5.000368306963754,68.69214849213395,-231.90080688568108
TS151,10.0,5.009094953223726,70.45832109868792,-230.45878405963975
TS151,10.0,5.017821599483698,72.209185442411,-229.0182772320318
TS151,10.0,5.026548245743669,73.94504179388814,-227.57943778478574
TS151,10.0,5.035274892003641,75.66618974298066,-226.14240347289677
TS151,10.0,5.044001538263612,77.37292791307819,-224.70729888278925
TS151,10.0,5.052728184523584,79.06555369667171,-223.2742358911933
TS151,10.0,5.061454830783556,80.74436301152708,-221.84331412241752
TS151,10.0,5.070181477043527,82.40965007669908,-220.41462140212786
TS151,10.0,5.078908123303499,84.06170720758178,-218.98823420596332
TS151,10.0,5.08763476956347,85.70082462916662,-217.56421810152997
TS151,10.0,5.096361415823442,87.32729030666499,-216.1426281824949
TS151,10.0,5.105088062083414,88.94138979263579,-214.72350949369311
TS151,10.0,5.113814708343385,90.54340608976395,-213.30689744631138
TS151,10.0,5.122541354603357,92.13361952843368,-211.89281822236904
TS151,10.0,5.1312680008633285,93.71230765825007,-210.48128916785564
TS151,10.0,5.1399946471233005,95.27974515268075,-209.0723191740008
TS151,10.0,5.1487212933832724,96.83620372599802,-207.66590904627614
TS151,10.0,5.1574479396432436,98.38195206173101,-206.26205186082197
TS151,10.0,5.1661745859032155,99.91725575185379,-204.86073330808688
TS151,10.0,5.1749012321631875,101.44237724596063,-203.461932023552
TS151,10.0,5.183627878423159,102.95757580970971,-202.06561990547934
TS151,10.0,5.192354524683131,104.46310749183951,-200.6717624196913
TS151,10.0,5.201081170943102,105.95922509908877,-199.28031889144577
TS151,10.0,5.209807817203074,107.44617817838602,-197.89124278451484
TS151,10.0,5.218534463463046,108.92421300569265,-196.5044819676261
TS151,10.0,5.227261109723017,110.39357258092102,-195.1199789684533
TS151,10.0,5.235987755982989,111.85449662837073,-193.73767121537972
TS151,10.0,5.24471440224296,113.30722160215343,-192.3574912672844
TS151,10.0,5.253441048502932,114.75198069610836,-190.97936703161588
TS151,10.0,5.262167694762904,116.18900385772756,-189.60322197104608
TS151,10.0,5.270894341022875,117.61851780564335,-188.22897529900075
TS151,10.0,5.279620987282847,119.04074605024819,-186.85654216438041
TS151,10.0,5.288347633542818,120.45590891704067,-185.48583382579173
TS151,10.0,5.29707427980279,121.86422357231747,-184.1167578156119
TS151,10.0,5.305800926062762,123.26590405084345,-182.7492180942169
TS151,10.0,5.314527572322733,124.66116128516015,-181.3831151947
TS151,10.0,5.323254218582705,126.0502031362053,-180.01834635841024
TS151,10.0,5.331980864842677,127.4332344249332,-178.65480566163808
TS151,10.0,5.340707511102648,128.810456964647,-177.29238413377038
TS151,10.0,5.34943415736262,130.18206959376224,-175.930969867233
TS151,10.0,5.358160803622591,131.54826820873805,-174.57044811953878
TS151,10.0,5.366887449882563,132.90924579692668,-173.21070140774324
TS151,10.0,5.375614096142535,134.26519246909842,-171.8516095956156
TS151,10.0,5.3843407424025065,135.61629549141594,-170.49304997381574
TS151,10.0,5.3930673886624785,136.96273931663708,-169.13489733336658
TS151,10.0,5.40179403492245,138.30470561433424,-167.77702403270402
TS151,10.0,5.410520681182422,139.64237329993,-166.4193000585734
TS151,10.0,5.419247327442394,140.97591856234925,-165.06159308104318
TS151,10.0,5.427973973702365,142.30551489009997,-163.70376850289009
TS151,10.0,5.436700619962337,143.63133309559657,-162.34568950360784
TS151,10.0,5.445427266222308,144.95354133754253,-160.98721707828565
TS151,10.0,5.45415391248228,146.27230514119856,-159.6282100715885
TS151,10.0,5.462880558742252,147.58778741635666,-158.2685252070754
TS151,10.0,5.471607205002223,148.9001484728508,-156.90801711207467
TS151,10.0,5.480333851262195,150.20954603343046,-155.54653833833723
TS151,10.0,5.489060497522167,151.51613524382475,-154.18393937868035
TS151,10.0,5.497787143782138,152.82006867982858,-152.82006867982867
TS151,10.0,5.50651379004211,154.1214963512367,-151.45477265165505
TS151,10.0,5.515240436302081,155.4205657024515,-150.08789567302287
TS151,10.0,5.523967082562053,156.7174216095933,-148.71928009442087
TS151,10.0,5.532693728822025,158.01220637392993,-147.34876623758717
TS151,10.0,5.541420375081996,159.3050597114506,-145.97619239230937
TS151,10.0,5.550147021341968,160.59611873839756,-144.60139481058926
TS151,10.0,5.558873667601939,161.88551795256686,-143.22420769836083
TS151,10.0,5.567600313861911,163.17338921019075,-141.84446320494425
TS151,10.0,5.576326960121883,164.45986169820074,-140.46199141042615
TS151,10.0,5.585053606381854,165.74506190167364,-139.0766203111499
TS151,10.0,5.593780252641826,167.02911356625341,-137.6881758035054
TS151,10.0,5.602506898901797,168.3121376553354,-136.29648166621087
TS151,10.0,5.611233545161769,169.59425230179932,-134.90135954127675
TS151,10.0,5.619960191421741,170.87557275406456,-133.50262891385347
TS151,10.0,5.6286868376817125,172.1562113162409,-132.10010709116065
TS151,10.0,5.6374134839416845,173.4362772821405,-130.6936091807082
TS151,10.0,5.6461401302016565,174.71587686290835,-129.28294806802245
TS151,10.0,5.654866776461628,175.99511310802805,-127.8679343940962
TS151,10.0,5.6635934227216,177.27408581945056,-126.44837653279286
TS151,10.0,5.672320068981571,178.55289145858734,-125.02408056844308
TS151,10.0,5.681046715241543,179.83162304591093,-123.59485027387765
TS151,10.0,5.689773361501515,181.11037005289265,-122.16048708915959
TS151,10.0,5.698500007761486,182.3892182860131,-120.72079010128132
TS151,10.0,5.707226654021458,183.6682497625713,-119.27555602511065
TS151,10.0,5.715953300281429,184.94754257801944,-117.82457918588389
TS151,10.0,5.724679946541401,186.2271707645515,-116.36765150355299
TS151,10.0,5.733406592801373,187.50720414067015,-114.90456247931775
TS151,10.0,5.742133239061344,188.78770815146322,-113.43509918468268
TS151,10.0,5.750859885321316,190.06874369932277,-111.95904625340107
TS151,10.0,5.759586531581287,191.35036696484508,-110.47618587668711
TS151,10.0,5.768313177841259,192.63262921766201,-108.9862978020913
TS151,10.0,5.777039824101231,193.91557661695887,-107.48915933646317
TS151,10.0,5.785766470361202,195.19925000145454,-105.98454535343801
TS151,10.0,5.794493116621174,196.48368466863238,-104.47222830591173
TS151,10.0,5.803219762881146,197.76891014302973,-102.95197824399024
TS151,10.0,5.811946409141117,199.05494993342433,-101.4235628389191
TS151,10.0,5.820673055401089,200.34182127877858,-99.88674741352658
TS151,10.0,5.82939970166106,201.62953488283776,-98.34129497973721
TS151,10.0,5.838126347921032,202.91809463732181,-96.78696628373226
TS151,10.0,5.846852994181004,204.20749733368618,-95.22351985936426
TS151,10.0,5.8555796404409755,205.4977323634885,-93.65071209044993
TS151,10.0,5.8643062867009474,206.7887814074463,-92.06829728259156
TS151,10.0,5.8730329329609186,208.08061811334093,-90.47602774520094
TS151,10.0,5.8817595792208905,209.37320776299669,-88.87365388441344
TS151,10.0,5.8904862254808625,210.6665069286401,-87.26092430760828
TS151,10.0,5.899212871740834,211.96046311904095,-85.63758594025815
TS151,10.0,5.907939518000806,213.25501441593227,-84.00338415585126
TS151,10.0,5.916666164260777,214.55008910131681,-82.3580629196396
TS151,10.0,5.925392810520749,215.84560527639158,-80.70136494696739
TS151,10.0,5.934119456780721,217.14147047294722,-79.03303187694623
TS151,10.0,5.942846103040692,218.43758125824922,-77.35280446222966
TS151,10.0,5.951572749300664,219.73382283455783,-75.66042277563744
TS151,10.0,5.960299395560636,221.03006863461118,-73.95562643436283
TS151,10.0,5.969026041820607,222.32617991457755,-72.23815484246708
TS151,10.0,5.977752688080579,223.6220053461726,-70.50774745233778
TS151,10.0,5.98647933434055,224.91738060983883,-68.76414404574301
TS151,10.0,5.995205980600522,226.21212799110415,-67.0070850350544
TS151,10.0,6.003932626860494,227.50605598245747,-65.23631178515465
TS151,10.0,6.012659273120465,228.79895889332,-63.45156695645575
TS151,10.0,6.021385919380437,230.09061647093438,-61.65259486936603
TS151,10.0,6.030112565640408,231.38079353524546,-59.8391418904343
TS151,10.0,6.03883921190038,232.66923963111188,-58.01095684026659
TS151,10.0,6.047565858160352,233.9556887014413,-56.1677914231759
TS151,10.0,6.056292504420323,235.23985878511567,-54.309400678352645
TS151,10.0,6.065019150680295,236.52145174382912,-52.435543452166584
TS151,10.0,6.073745796940266,237.80015302221742,-50.54598289100779
TS151,10.0,6.082472443200238,239.07563144590932,-48.64048695384318
TS151,10.0,6.09119908946021,240.3475390623574,-46.718828943430864
TS151,10.0,6.0999257357201815,241.6155110295224,-44.78078805485639
TS151,10.0,6.1086523819801535,242.87916555767262,-42.826149939775824
TS151,10.0,6.1173790282401255,244.13810390971364,-40.85470728444212
TS151,10.0,6.126105674500097,245.3919104655881,-38.866260399260945
TS151,10.0,6.134832320760069,246.64015285635378,-36.86061781728399
TS151,10.0,6.14355896702004,247.88238217357136,-34.83759689869103
TS151,10.0,6.152285613280012,249.11813325959693,-32.79702443793567
TS151,10.0,6.161012259539984,250.34692508426352,-30.73873726986358
TS151,10.0,6.169738905799955,251.5682612132585,-28.66258287071993
TS151,10.0,6.178465552059927,252.78163037323677,-26.56841994958993
TS151,10.0,6.187192198319898,253.98650711835333,-24.456119025443734
TS151,10.0,6.19591884457987,255.18235260245189,-22.32556298458965
TS151,10.0,6.204645490839842,256.3686154605878,-20.176647613012477
TS151,10.0,6.213372137099813,257.5447328029093,-18.009282097750766
TS151,10.0,6.222098783359785,258.7101313231471,-15.823389491199558
TS151,10.0,6.230825429619756,259.8642285230863,-13.618907131995828
TS151,10.0,6.239552075879728,261.00643405340725,-11.395787015960183
TS151,10.0,6.2482787221397,262.1361511701806,-9.153996110467775
TS151,10.0,6.257005368399671,263.2527783051148,-6.893516605568394
TS151,10.0,6.265732014659643,264.35571074635993,-4.614346095222833
TS151,10.0,6.274458660919615,265.4443424253033,-2.316497682150447
TS151,10.0,6.283185307179586,266.5180678033621,-6.527809973006493e-14
TS298,0.25,0.0,170.92480442127743,0.0
TS298,0.25,0.008726646259971648,171.58769671722578,1.4974231437720453
TS298,0.25,0.017453292519943295,172.23904887488607,3.0064437812855784
TS298,0.25,0.026179938779914945,172.87863076053858,4.52698626608389
TS298,0.25,0.03490658503988659,173.50622419294115,6.058970860425201
TS298,0.25,0.04363323129985824,174.1216234782345,7.602314261820631
TS298,0.25,0.05235987755982989,174.72463587486973,9.156930152239918
TS298,0.25,0.061086523819801536,175.31508198324232,10.722729765992066
TS298,0.25,0.06981317007977318,175.89279605525323,12.299622471973924
TS298,0.25,0.07853981633974483,176.45762621962032,13.887516365704663
TS298,0.25,0.08726646259971647,177.00943461941415,15.486318866331969
TS298,0.25,0.09599310885968812,177.54809745899152,17.09593731361012
TS298,0.25,0.10471975511965978,178.0735049582286,18.71627955971326
TS298,0.25,0.11344640137963143,178.58556121270968,20.347254550660825
TS298,0.25,0.12217304763960307,179.08418395929056,21.98877289209648
TS298,0.25,0.1308996938995747,179.56930424721943,23.640747394177406
TS298,0.25,0.13962634015954636,180.04086601575227,25.303093590395243
TS298,0.25,0.14835298641951802,180.49882557992825,26.97573022526184
TS298,0.25,0.15707963267948966,180.94315102687483,28.658579705949613
TS298,0.25,0.16580627893946132,181.37382152566713,30.35156851317287
TS298,0.25,0.17453292519943295,181.79082655438478,32.05462756683091
TS298,0.25,0.1832595714594046,182.19416504856395,33.767692542199185
TS298,0.25,0.19198621771937624,182.58384447574684,35.49070413274878
TS298,0.25,0.2007128639793479,182.959879841272,37.22360825599053
TS298,0.25,0.20943951023931956,183.32229263082442,38.96635619907367
TS298,0.25,0.2181661564992912,183.67110969558559,40.718904701217255
TS298,0.25,0.22689280275926285,184.00636208607665,42.481215970407916
TS298,0.25,0.23561944901923448,184.32808384099033,44.25325763216055
TS298,0.25,0.24434609527920614,184.63631073745435,46.03500260850241
TS298,0.25,0.2530727415391778,184.93107900926987,47.82642892570566
TS298,0.25,0.2617993877991494,185.21242403973318,49.62751944965716
TS298,0.25,0.27052603405912107,185.48037903567595,51.43826154811485
TS298,0.25,0.2792526803190927,185.7349736893689,53.25864667946013
TS298,0.25,0.2879793265790644,185.9762328349222,55.088669907913896
TS298,0.25,0.29670597283903605,186.2041751058038,56.92832934554513
TS298,0.25,0.30543261909900765,186.4188116000821,58.777625521765295
TS298,0.25,0.3141592653589793,186.62014455999665,60.63656068137517
TS298,0.25,0.32288591161895097,186.80816607247718,62.50513801261685
TS298,0.25,0.33161255787892263,186.98285679727135,64.38336080708771
TS298,0.25,0.34033920413889424,187.14418472941313,66.27123155380102
TS298,0.25,0.3490658503988659,187.29210400287084,68.16875097013484
TS298,0.25,0.35779249665883756,187.4265537423619,70.0759169729045
TS298,0.25,0.3665191429188092,187.54745697050666,71.9927235933297
TS298,0.25,0.3752457891787809,187.6547195777242,73.91915984024997
TS298,0.25,0.3839724354387525,187.7482293625389,75.85520851657995
TS298,0.25,0.39269908169872414,187.82785515026828,77.80084499469032
TS298,0.25,0.4014257279586958,187.89344599839217,79.75603595715681
TS298,0.25,0.41015237421866746,187.94483049725005,81.7207381101394
TS298,0.25,0.4188790204786391,187.98181617506745,83.6948968775362
TS298,0.25,0.4276056667386107,188.0041890166571,85.67844508500141
TS298,0.25,0.4363323129985824,188.01171310545746,87.67130164391533
TS298,0.25,0.44505895925855404,188.0041303988424,89.67337024644222
TS298,0.25,0.4537856055185257,187.98116064683157,91.6845380838942
TS298,0.25,0.4625122517784973,187.94250146443224,93.70467460172102
TS298,0.25,0.47123889803846897,187.88782856780935,95.73363030554523
TS298,0.25,0.4799655442984406,187.81679618429416,97.77123563373648
TS298,0.25,0.4886921905584123,187.72903764585215,99.8172999130324
TS298,0.25,0.49741883681838395,187.62416617501768,101.87161041463506
TS298,0.25,0.5061454830783556,187.5017758714223,103.93393152899777
TS298,0.25,0.5148721293383273,187.36144290586586,106.004004078121
TS298,0.25,0.5235987755982988,187.20272692736728,108.08154478454748
TS298,0.25,0.5323254218582705,187.0251726867645,110.16624591633158
TS298,0.25,0.5410520681182421,186.8283118781808,112.25777512699781
TS298,0.25,0.5497787143782138,186.6116651970239,114.35577550884135
TS298,0.25,0.5585053606381855,186.37474461013147,116.45986587679928
TS298,0.25,0.5672320068981571,186.1170558302229,118.56964129848285
TS298,0.25,0.5759586531581288,185.83810098298125,120.68467388375377
TS298,0.25,0.5846852994181004,185.53738145090705,122.80451384441268
TS298,0.25,0.5934119456780721,185.21440087360335,124.92869083111285
TS298,0.25,0.6021385919380436,184.86866827943393,127.05671555049298
TS298,0.25,0.6108652381980153,184.49970131863324,129.18808166074692
TS298,0.25,0.619591884457987,184.1070295630321,131.32226793841983
TS298,0.25,0.6283185307179586,183.69019783271548,133.45874070318595
TS298,0.25,0.6370451769779303,183.24876950527872,135.5969564807736
TS298,0.25,0.6457718232379019,182.78232975903086,137.7363648771422
TS298,0.25,0.6544984694978736,182.29048869765535,139.8764116295846
TS298,0.25,0.6632251157578453,181.7728843006224,142.01654179274485
TS298,0.25,0.6719517620178169,181.22918514118655,144.15620300974334
TS298,0.25,0.6806784082777885,180.65909281223085,146.29484881083943
TS298,0.25,0.6894050545377601,180.06234399962955,148.43194187448125
TS298,0.25,0.6981317007977318,179.43871214328604,150.56695717835743
TS298,0.25,0.7068583470577035,178.788008627597,152.69938496130624
TS298,0.25,0.7155849933176751,178.11008344582612,154.8287334107981
TS298,0.25,0.7243116395776468,177.4048252867006,156.9545309852772
TS298,0.25,0.7330382858376184,176.6721609964247,159.0763282760199
TS298,0.25,0.7417649320975901,175.91205437512244,161.19369930937276
TS298,0.25,0.7504915783575618,175.12450427336069,163.30624218728826
TS298,0.25,0.7592182246175333,174.30954196170012,165.41357896195387
TS298,0.25,0.767944870877505,173.46722775400977,167.51535463894936
TS298,0.25,0.7766715171374766,172.59764687339634,169.6112352026949
TS298,0.25,0.7853981633974483,171.7009045578737,171.7009045578737
TS298,0.25,0.7941248096574199,170.77712041121117,173.78406028093931
TS298,0.25,0.8028514559173916,169.82642201265992,175.86040807669943
TS298,0.25,0.8115781021773633,168.84893780744142,177.92965483628302
TS298,0.25,0.8203047484373349,167.8447893080386,179.99150019462596
TS298,0.25,0.8290313946973066,166.81408264461257,182.0456264881377
TS298,0.25,0.8377580409572782,165.75689951151045,184.09168701676842
TS298,0.25,0.8464846872172498,164.67328756621438,186.12929251982675
TS298,0.25,0.8552113334772214,163.56325034768753,188.15799578236056
TS298,0.25,0.8639379797371931,162.42673679352444,190.1772742997737
TS298,0.25,0.8726646259971648,161.26363045035578,192.1865109439965
TS298,0.25,0.8813912722571364,160.07373849044328,194.18497259671233
TS298,0.25,0.8901179185171081,158.85678067028488,196.1717867460471
TS298,0.25,0.8988445647770797,157.61237839532805,198.14591608533877
TS298,0.25,0.9075712110370514,156.3400440895571,200.1061312091256
TS298,0.25,0.9162978572970231,155.03917111065525,202.05098157567517
TS298,0.25,0.9250245035569946,153.70902450132016,203.97876500080162
TS298,0.25,0.9337511498169663,152.34873292536747,205.8874960679549
TS298,0.25,0.9424777960769379,150.95728220311926,207.7748739878382
TS298,0.25,0.9512044423369096,149.53351093292235,209.63825061946903
TS298,0.25,0.9599310885968813,148.07610876188502,211.47459957441467
TS298,0.25,0.9686577348568529,146.5836179447943,213.2804875651479
TS298,0.25,0.9773843811168246,145.05443889932738,215.05204942165892
TS298,0.25,0.9861110273767962,143.48684051931008,216.7849684771823
TS298,0.25,0.9948376736367679,141.87897603444108,218.4744642973247
TS298,0.25,1.0035643198967394,140.228905190514,220.1152899725258
TS298,0.25,1.0122909661567112,138.53462345251023,221.70174137875225
TS298,0.25,1.0210176124166828,136.7940987867584,223.22768089443397
TS298,0.25,1.0297442586766545,135.00531634128825,224.68657799504717
TS298,0.25,1.038470904936626,133.1663310028635,226.0715688795317
TS298,0.25,1.0471975511965976,131.27532735961202,227.37553676708467
TS298,0.25,1.0559241974565694,129.3306860459272,228.5912137027643
TS298,0.25,1.064650843716541,127.33105481333796,229.71130361234495
TS298,0.25,1.0733774899765127,125.27542199818102,230.72862497180523
TS298,0.25,1.0821041362364843,123.16318940469667,231.63626986987592
TS298,0.25,1.090830782496456,120.99424106815798,232.42777455837214
TS298,0.25,1.0995574287564276,118.76900399416125,233.09729496732405
TS298,0.25,1.1082840750163994,116.48849687248041,233.63977930769704
TS298,0.25,1.117010721276371,114.15436300474475,234.05112900166566
TS298,0.25,1.1257373675363425,111.76888429878343,234.3283389538411
TS298,0.25,1.1344640137963142,109.33497415591009,234.4696087310829
TS298,0.25,1.1431906600562858,106.85614834420412,234.47441758501844
TS298,0.25,1.1519173063162575,104.33647439436596,234.34355834926154
TS298,0.25,1.160643952576229,101.78050152255496,234.07912788061648
TS298,0.25,1.1693705988362009,99.19317441172748,233.68447461143637
TS298,0.25,1.1780972450961724,96.57973521919344,233.1641066165792
TS298,0.25,1.1868238913561442,93.94561881331944,232.52356606090564
TS298,0.25,1.1955505376161157,91.29634642398146,231.76927773108017
TS298,0.25,1.2042771838760873,88.63742263003063,230.9083804161356
TS298,0.25,1.213003830136059,85.97423996965112,229.94855014685155
TS298,0.25,1.2217304763960306,83.31199455298866,228.8978238040628
TS298,0.25,1.2304571226560024,80.65561500634,227.76443051246088
TS298,0.25,1.239183768915974,78.00970600634555,226.55663674792163
TS298,0.25,1.2479104151759457,75.37850667427632,225.28260941142452
TS298,0.25,1.2566370614359172,72.76586326821892,223.95029944894281
TS298,0.25,1.265363707695889,70.17521497546909,222.56734707091888
TS298,0.25,1.2740903539558606,67.60959117941691,221.14100834383802
TS298,0.25,1.2828170002158321,65.07161834162488,219.67810193777632
TS298,0.25,1.2915436464758039,62.56353457201957,218.18497412420112
TS298,0.25,1.3002702927357754,60.087210021556785,216.66747970418268
TS298,0.25,1.3089969389957472,57.644171384307825,215.1309763664448
TS298,0.25,1.3177235852557188,55.23562900457734,213.58032997696768
TS298,0.25,1.3264502315156905,52.86250531997641,212.01992843629858
TS298,0.25,1.335176877775662,50.52546361066323,210.45370196120723
TS298,0.25,1.3439035240356338,48.22493625219395,208.88514791526953
TS298,0.25,1.3526301702956054,45.961151874490994,207.31735859836982
TS298,0.25,1.361356816555577,43.734161006985396,205.75305068624192
TS298,0.25,1.3700834628155487,41.54385993830263,204.19459527358552
TS298,0.25,1.3788101090755203,39.39001263868194,202.6440477094523
TS298,0.25,1.387536755335492,37.27227068698832,201.10317661751728
TS298,0.25,1.3962634015954636,35.19019121486887,199.5734916657566
TS298,0.25,1.4049900478554354,33.1432529318176,198.0562697913474
TS298,0.25,1.413716694115407,31.13087033012536,196.5525796999813
TS298,0.25,1.4224433403753787,29.152406191106373,195.06330454758455
TS298,0.25,1.4311699866353502,27.207182526472355,193.58916278024208
TS298,0.25,1.4398966328953218,25.294490093685372,192.13072715839604
TS298,0.25,1.4486232791552935,23.413596623587885,190.688442027356
TS298,0.25,1.457349925415265,21.5637538942011,189.2626389206687
TS298,0.25,1.4660765716752369,19.744203777588716,187.85355059841737
TS298,0.25,1.4748032179352084,17.954183378094644,186.461323631129
TS298,0.25,1.4835298641951802,16.192929370818117,185.08602964337146
TS298,0.25,1.4922565104551517,14.459681639445982,183.72767533070683
TS298,0.25,1.5009831567151235,12.753686302897787,182.38621136053965
TS298,0.25,1.509709802975095,11.074198210932067,181.06154026242072
TS298,0.25,1.5184364492350666,9.420482980073976,179.75352340720823
TS298,0.25,1.5271630954950384,7.79181863306644,178.4619871676514
TS298,0.25,1.53588974175501,6.18749689756161,177.18672834582821
TS298,0.25,1.5446163880149817,4.606824212973928,175.927518945707
TS298,0.25,1.5533430342749532,3.0491224882984818,174.68411036210486
TS298,0.25,1.562069680534925,1.5137296482232716,173.45623705062013
TS298,0.25,1.5707963267948966,1.054687987921108e-14,172.24361973679643
TS298,0.25,1.5795229730548683,-1.4926955507711275,171.04596821688864
TS298,0.25,1.5882496193148399,-2.964969411080276,169.86298379716473
TS298,0.25,1.5969762655748114,-4.417417317143041,168.69436141369397
TS298,0.25,1.6057029118347832,-5.850618438620607,167.539791470036
TS298,0.25,1.6144295580947547,-7.265135554862205,166.39896142613597
TS298,0.25,1.6231562043547265,-8.6615152898262,165.2715571680215
TS298,0.25,1.631882850614698,-10.040288394263458,164.15726418456865
TS298,0.25,1.6406094968746698,-11.401970065421597,163.05576857461406
TS298,0.25,1.6493361431346414,-12.74706029597538,161.96675790502704
TS298,0.25,1.6580627893946132,-14.076044245143361,160.8899219379713
TS298,0.25,1.6667894356545847,-15.389392626030045,159.8249532434722
TS298,0.25,1.6755160819145565,-16.68756210416708,158.77154771151896
TS298,0.25,1.684242728174528,-17.97099570302733,157.7294049762649
TS298,0.25,1.6929693744344996,-19.24012321297746,156.6982287634042
TS298,0.25,1.7016960206944713,-20.495361600724703,155.67772717049377
TS298,0.25,1.710422666954443,-21.737115416822217,154.6676128888279
TS298,0.25,1.7191493132144147,-22.965777199231677,153.6676033744467
TS298,0.25,1.7278759594743862,-24.181727871311235,152.67742097495108
TS298,0.25,1.736602605734358,-25.385337132915765,151.6967930179974
TS298,0.25,1.7453292519943295,-26.57696384356301,150.72545186663615
TS298,0.25,1.7540558982543013,-27.75695639685029,149.76313494603312
TS298,0.25,1.7627825445142729,-28.925653085498137,148.80958474556346
TS298,0.25,1.7715091907742444,-30.08338245656267,147.86454879977825
TS298,0.25,1.7802358370342162,-31.230463656494955,146.92777965131873
TS298,0.25,1.7889624832941877,-32.367206765841985,145.99903479847157
TS298,0.25,1.7976891295541595,-33.49391312348074,145.07807662972627
TS298,0.25,1.806415775814131,-34.61087564035586,144.16467234740233
TS298,0.25,1.8151424220741028,-35.718379102759634,143.25859388215343
TS298,0.25,1.8238690683340744,-36.81670046524517,142.35961779992797
TS298,0.25,1.8325957145940461,-37.90610913331019,141.46752520276422
TS298,0.25,1.8413223608540177,-38.986867236021745,140.58210162462046
TS298,0.25,1.8500490071139892,-40.05922988878284,139.70313692328477
TS298,0.25,1.858775653373961,-41.12344544646149,138.83042516927156
TS298,0.25,1.8675022996339325,-42.17975574712037,137.9637645324902
TS298,0.25,1.8762289458939043,-43.22839634659743,137.10295716736528
TS298,0.25,1.8849555921538759,-44.2695967441944,136.24780909699436
TS298,0.25,1.8936822384138476,-45.303580599737195,135.3981300968452
TS298,0.25,1.9024088846738192,-46.33056594227243,134.5537335784246
TS298,0.25,1.911135530933791,-47.35076537066607,133.71443647328405
TS298,0.25,1.9198621771937625,-48.364386246366806,132.8800591176745
TS298,0.25,1.928588823453734,-49.37163087859493,132.05042513811134
TS298,0.25,1.9373154697137058,-50.37269670221171,131.22536133806926
TS298,0.25,1.9460421159736774,-51.36777644851922,130.40469758598792
TS298,0.25,1.9547687622336491,-52.357058309234404,129.5882667047365
TS298,0.25,1.9634954084936207,-53.34072609387341,128.77590436265766
TS298,0.25,1.9722220547535925,-54.31895938077567,127.96744896628466
TS298,0.25,1.980948701013564,-55.291933661988146,127.16274155480498
TS298,0.25,1.9896753472735358,-56.259820482223375,126.36162569632332
TS298,0.25,1.9984019935335073,-57.22278757209523,125.56394738596265
TS298,0.25,2.007128639793479,-58.18099897582898,124.76955494582484
TS298,0.25,2.0158552860534504,-59.13461517363305,123.9782989268229
TS298,0.25,2.0245819323134224,-60.08379319891174,123.1900320123847
TS298,0.25,2.033308578573394,-61.02868675048902,122.40460892401941
TS298,0.25,2.0420352248333655,-61.96944630000676,121.62188632873057
TS298,0.25,2.050761871093337,-62.90621919464994,120.84172274825308
TS298,0.25,2.059488517353309,-63.83914975534561,120.06397847008627
TS298,0.25,2.0682151636132806,-64.76837937057236,119.2885154602902
TS298,0.25,2.076941809873252,-65.69404658591104,118.51519727800917
TS298,0.25,2.0856684561332237,-66.61628718945727,117.74388899168369
TS298,0.25,2.0943951023931953,-67.53523429321116,116.97445709690979
TS298,0.25,2.1031217486531673,-68.45101841055013,116.20676943590203
TS298,0.25,2.111848394913139,-69.3637675298842,115.44069511851734
TS298,0.25,2.1205750411731104,-70.27360718458678,114.6761044447938
TS298,0.25,2.129301687433082,-71.18066051928452,113.91286882896011
TS298,0.25,2.138028333693054,-72.08504835258547,113.15086072487028
TS298,0.25,2.1467549799530254,-72.98688923631657,112.38995355281958
TS298,0.25,2.155481626212997,-73.88629951133474,111.630021627696
TS298,0.25,2.1642082724729685,-74.7833933599703,110.87094008842685
TS298,0.25,2.17293491873294,-75.6782828551539,110.11258482867606
TS298,0.25,2.181661564992912,-76.57107800627263,109.35483242875318
TS298,0.25,2.1903882112528836,-77.46188680179425,108.59756008869444
TS298,0.25,2.199114857512855,-78.35081524869324,107.84064556247853
TS298,0.25,2.2078415037728267,-79.23796740870496,107.08396709334261
TS298,0.25,2.2165681500327987,-80.12344543142979,106.32740335016436
TS298,0.25,2.2252947962927703,-81.00734958430205,105.57083336487993
TS298,0.25,2.234021442552742,-81.88977827943448,104.81413647090871
TS298,0.25,2.2427480888127134,-82.77082809734077,104.05719224255954
TS298,0.25,2.251474735072685,-83.65059380753598,103.29988043539481
TS298,0.25,2.260201381332657,-84.52916838600716,102.5420809275323
TS298,0.25,2.2689280275926285,-85.4066430295416,101.78367366186743
TS298,0.25,2.2776546738526,-86.28310716689609,101.02453858920202
TS298,0.25,2.2863813201125716,-87.15864846678264,100.26455561226867
TS298,0.25,2.2951079663725436,-88.03335284264384,99.50360453064377
TS298,0.25,2.303834612632515,-88.907304454184,98.74156498654598
TS298,0.25,2.3125612588924866,-89.78058570561848,97.97831641151976
TS298,0.25,2.321287905152458,-90.65327724059755,97.21373797400953
TS298,0.25,2.3300145514124297,-91.52545793375795,96.44770852783292
TS298,0.25,2.3387411976724017,-92.39720487884904,95.68010656156608
TS298,0.25,2.3474678439323733,-93.26859337337734,94.91081014885975
TS298,0.25,2.356194490192345,-94.13969689970837,94.13969689970838
TS298,0.25,2.3649211364523164,-95.0105871025605,93.36664391270112
TS298,0.25,2.3736477827122884,-95.88133376282202,92.5915277282877
TS298,0.25,2.38237442897226,-96.75200476761866,91.81422428309921
TS298,0.25,2.3911010752322315,-97.62266607655586,91.03460886536767
TS298,0.25,2.399827721492203,-98.49338168405639,90.2525560714976
TS298,0.25,2.4085543677521746,-99.36421357771157,89.46793976384586
TS298,0.25,2.4172810140121466,-100.23522169256243,88.68063302977596
TS298,0.25,2.426007660272118,-101.10646386122384,87.89050814205748
TS298,0.25,2.4347343065320897,-101.97799575976549,87.09743652069102
TS298,0.25,2.443460952792061,-102.8498708492598,86.30128869624481
TS298,0.25,2.452187599052033,-103.7221403129095,85.50193427479898
TS298,0.25,2.4609142453120048,-104.59485298866561,84.69924190460047
TS298,0.25,2.4696408915719763,-105.46805529724942,83.89307924454083
TS298,0.25,2.478367537831948,-106.34179116549278,83.08331293457856
TS298,0.25,2.4870941840919194,-107.21610194491468,82.26980856823657
TS298,0.25,2.4958208303518914,-108.09102632545532,81.45243066731457
TS298,0.25,2.504547476611863,-108.96660024429448,80.63104265896762
TS298,0.25,2.5132741228718345,-109.84285678968729,79.80550685531024
TS298,0.25,2.522000769131806,-110.71982609975616,78.97568443571802
TS298,0.25,2.530727415391778,-111.59753525618957,78.14143543200775
TS298,0.25,2.5394540616517496,-112.47600817280654,77.30261871668937
TS298,0.25,2.548180707911721,-113.3552654789587,76.45909199449197
TS298,0.25,2.5569073541716927,-114.23532439775613,75.6107117973807
TS298,0.25,2.5656340004316642,-115.1161986191185,74.75733348328838
TS298,0.25,2.5743606466916362,-115.99789816767236,73.89881123880005
TS298,0.25,2.5830872929516078,-116.88042926553419,73.03499808603834
TS298,0.25,2.5918139392115793,-117.76379419004422,72.16574589400786
TS298,0.25,2.600540585471551,-118.64799112653881,71.29090539466863
TS298,0.25,2.609267231731523,-119.53301401627967,70.41032620401738
TS298,0.25,2.6179938779914944,-120.4188523996883,69.52385684846584
TS298,0.25,2.626720524251466,-121.30549125506928,68.6313447968128
TS298,0.25,2.6354471705114375,-122.19291083304242,67.73263649811653
TS298,0.25,2.644173816771409,-123.08108648694585,66.82757742577868
TS298,0.25,2.652900463031381,-123.96998849951636,65.91601212815789
TS298,0.25,2.6616271092913526,-124.85958190620038,64.99778428603491
TS298,0.25,2.670353755551324,-125.74982631550287,64.07273677725297
TS298,0.25,2.6790804018112957,-126.6406757268345,63.140711748858344
TS298,0.25,2.6878070480712677,-127.53207834637841,62.20155069706337
TS298,0.25,2.6965336943312392,-128.42397640156057,61.25509455535029
TS298,0.25,2.705260340591211,-129.3163059547745,60.301183791026205
TS298,0.25,2.7139869868511823,-130.2089967170816,59.33965851053024
TS298,0.25,2.722713633111154,-131.10197186268198,58.37035857377863
TS298,0.25,2.731440279371126,-131.99514784502873,57.393123717816486
TS298,0.25,2.7401669256310974,-132.88843421553753,56.40779369002244
TS298,0.25,2.748893571891069,-133.78173344592759,55.414208391085516
TS298,0.25,2.7576202181510405,-134.67494075531246,54.41220802794228
TS298,0.25,2.7663468644110125,-135.56794394324913,53.401633276825095
TS298,0.25,2.775073510670984,-136.46062323003576,52.38232545652912
TS298,0.25,2.7838001569309556,-137.3528511056418,51.354126711957
TS298,0.25,2.792526803190927,-138.2444921887346,50.316880207945935
TS298,0.25,2.8012534494508987,-139.13540309735475,49.270430333318565
TS298,0.25,2.8099800957108707,-140.0254323328726,48.21462291503153
TS298,0.25,2.8187067419708423,-140.91442017893388,47.14930544221977
TS298,0.25,2.827433388230814,-141.80219861717563,46.07432729985098
TS298,0.25,2.8361600344907854,-142.6885912615547,44.98954001161655
TS298,0.25,2.8448866807507573,-143.573413313187,43.89479749158653
TS298,0.25,2.853613327010729,-144.4564715376376,42.7899563040539
TS298,0.25,2.8623399732707004,-145.33756426663388,41.67487593088148
TS298,0.25,2.871066619530672,-146.21648142618636,40.54941904555099
TS298,0.25,2.8797932657906435,-147.09300459310268,39.41345179298933
TS298,0.25,2.8885199120506155,-147.9669070818579,38.26684407412255
TS298,0.25,2.897246558310587,-148.8379540637416,37.109469833977755
TS298,0.25,2.9059732045705586,-149.70590272013703,35.941207352019084
TS298,0.25,2.91469985083053,-150.57050243169607,34.76193953327291
TS298,0.25,2.923426497090502,-151.43149500505356,33.57155419866137
TS298,0.25,2.9321531433504737,-152.2886149385787,32.36994437283425
TS298,0.25,2.9408797896104453,-153.14158972848108,31.157008567660267
TS298,0.25,2.949606435870417,-153.99014021637856,29.9326510594203
TS298,0.25,2.9583330821303884,-154.83398097919158,28.69678215763077
TS298,0.25,2.9670597283903604,-155.67282076195306,27.449318463325213
TS298,0.25,2.975786374650332,-156.50636295381193,26.190183114534513
TS298,0.25,2.9845130209103035,-157.33430610717076,24.919306016633534
TS298,0.25,2.993239667170275,-158.15634449952367,23.636624055171463
TS298,0.25,3.001966313430247,-158.97216873716076,22.342081288769972
TS298,0.25,3.0106929596902186,-159.7814663994797,21.035629119668073
TS298,0.25,3.01941960595019,-160.58392272219567,19.71722643951077
TS298,0.25,3.0281462522101616,-161.37922131727194,18.38683974802928
TS298,0.25,3.036872898470133,-162.16704492691582,17.04444324233813
TS298,0.25,3.045599544730105,-162.9470762084924,15.69001887468751
TS298,0.25,3.0543261909900767,-163.71899854672174,14.323556376655382
TS298,0.25,3.0630528372500483,-164.48249688903923,12.945053247942402
TS298,0.25,3.07177948351002,-165.23725859952825,11.55451470815045
TS298,0.25,3.080506129769992,-165.98297432638356,10.151953610172164
TS298,0.25,3.0892327760299634,-166.7193388774433,8.737390314103596
TS298,0.25,3.097959422289935,-167.4460520979427,7.3108525209040245
TS298,0.25,3.1066860685499065,-168.16281974430288,5.872375065373154
TS298,0.25,3.115412714809878,-168.86935434748295,4.421999668382471
TS298,0.25,3.12413936106985,-169.56537605919786,2.9597746486909178
TS298,0.25,3.1328660073298216,-170.2506134741421,1.4857545950844193
TS298,0.25,3.141592653589793,-170.92480442127743,2.0932251462940476e-14
TS298,0.25,3.1503192998497647,-171.5876967172258,-1.4974231437720074
TS298,0.25,3.1590459461097367,-172.23904887488607,-3.0064437812855997
TS298,0.25,3.167772592369708,-172.87863076053856,-4.5269862660838935
TS298,0.25,3.1764992386296798,-173.50622419294115,-6.058970860425188
TS298,0.25,3.1852258848896513,-174.12162347823445,-7.602314261820598
TS298,0.25,3.193952531149623,-174.72463587486973,-9.15693015223987
TS298,0.25,3.202679177409595,-175.31508198324232,-10.722729765992078
TS298,0.25,3.2114058236695664,-175.89279605525323,-12.299622471973919
TS298,0.25,3.220132469929538,-176.45762621962035,-13.887516365704643
TS298,0.25,3.2288591161895095,-177.00943461941415,-15.486318866331928
TS298,0.25,3.2375857624494815,-177.54809745899155,-17.095937313610143
TS298,0.25,3.246312408709453,-178.07350495822857,-18.716279559713264
TS298,0.25,3.2550390549694246,-178.58556121270965,-20.347254550660807
TS298,0.25,3.263765701229396,-179.08418395929053,-21.988772892096446
TS298,0.25,3.2724923474893677,-179.56930424721943,-23.64074739417736
TS298,0.25,3.2812189937493397,-180.04086601575227,-25.303093590395264
TS298,0.25,3.2899456400093112,-180.49882557992825,-26.975730225261838
TS298,0.25,3.2986722862692828,-180.9431510268748,-28.658579705949585
TS298,0.25,3.3073989325292543,-181.37382152566713,-30.35156851317283
TS298,0.25,3.3161255787892263,-181.7908265543848,-32.05462756683094
TS298,0.25,3.324852225049198,-182.19416504856395,-33.767692542199185
TS298,0.25,3.3335788713091694,-182.58384447574684,-35.49070413274877
TS298,0.25,3.342305517569141,-182.95987984127203,-37.22360825599049
TS298,0.25,3.351032163829113,-183.32229263082445,-38.966356199073715
TS298,0.25,3.3597588100890845,-183.67110969558559,-40.71890470121727
TS298,0.25,3.368485456349056,-184.00636208607665,-42.48121597040791
TS298,0.25,3.3772121026090276,-184.3280838409904,-44.25325763216053
TS298,0.25,3.385938748868999,-184.63631073745432,-46.03500260850237
TS298,0.25,3.394665395128971,-184.93107900926987,-47.826428925705684
TS298,0.25,3.4033920413889427,-185.21242403973318,-49.62751944965717
TS298,0.25,3.4121186876489142,-185.48037903567598,-51.438261548114845
TS298,0.25,3.420845333908886,-185.7349736893689,-53.25864667946009
TS298,0.25,3.429571980168858,-185.97623283492217,-55.08866990791391
TS298,0.25,3.4382986264288293,-186.2041751058038,-56.92832934554513
TS298,0.25,3.447025272688801,-186.4188116000821,-58.77762552176528
TS298,0.25,3.4557519189487724,-186.62014455999667,-60.63656068137515
TS298,0.25,3.464478565208744,-186.80816607247715,-62.50513801261679
TS298,0.25,3.473205211468716,-186.98285679727132,-64.38336080708773
TS298,0.25,3.4819318577286875,-187.14418472941313,-66.27123155380103
TS298,0.25,3.490658503988659,-187.29210400287084,-68.16875097013482
TS298,0.25,3.4993851502486306,-187.42655374236193,-70.07591697290447
TS298,0.25,3.5081117965086026,-187.5474569705067,-71.99272359332976
TS298,0.25,3.516838442768574,-187.65471957772417,-73.91915984024999
TS298,0.25,3.5255650890285457,-187.7482293625389,-75.85520851657995
TS298,0.25,3.5342917352885173,-187.82785515026825,-77.80084499469027
TS298,0.25,3.543018381548489,-187.89344599839217,-79.75603595715677
TS298,0.25,3.551745027808461,-187.94483049725005,-81.72073811013942
TS298,0.25,3.5604716740684323,-187.98181617506745,-83.6948968775362
TS298,0.25,3.569198320328404,-188.0041890166571,-85.67844508500141
TS298,0.25,3.5779249665883754,-188.01171310545746,-87.67130164391529
TS298,0.25,3.5866516128483474,-188.00413039884234,-89.67337024644223
TS298,0.25,3.595378259108319,-187.98116064683163,-91.68453808389425
TS298,0.25,3.6041049053682905,-187.94250146443224,-93.70467460172102
TS298,0.25,3.612831551628262,-187.88782856780935,-95.7336303055452
TS298,0.25,3.6215581978882336,-187.81679618429416,-97.77123563373642
TS298,0.25,3.6302848441482056,-187.72903764585217,-99.81729991303244
TS298,0.25,3.639011490408177,-187.62416617501768,-101.87161041463506
TS298,0.25,3.6477381366681487,-187.50177587142232,-103.93393152899776
TS298,0.25,3.6564647829281203,-187.36144290586589,-106.00400407812094
TS298,0.25,3.6651914291880923,-187.20272692736725,-108.08154478454752
TS298,0.25,3.673918075448064,-187.02517268676448,-110.16624591633159
TS298,0.25,3.6826447217080354,-186.8283118781808,-112.25777512699781
TS298,0.25,3.691371367968007,-186.6116651970239,-114.35577550884132
TS298,0.25,3.7000980142279785,-186.3747446101315,-116.45986587679926
TS298,0.25,3.7088246604879505,-186.1170558302229,-118.5696412984829
TS298,0.25,3.717551306747922,-185.83810098298125,-120.68467388375377
TS298,0.25,3.7262779530078936,-185.53738145090705,-122.80451384441268
TS298,0.25,3.735004599267865,-185.21440087360335,-124.9286908311128
TS298,0.25,3.743731245527837,-184.8686682794339,-127.05671555049301
TS298,0.25,3.7524578917878086,-184.49970131863324,-129.18808166074695
TS298,0.25,3.76118453804778,-184.1070295630321,-131.32226793841983
TS298,0.25,3.7699111843077517,-183.69019783271548,-133.45874070318592
TS298,0.25,3.7786378305677233,-183.24876950527877,-135.59695648077354
TS298,0.25,3.7873644768276953,-182.78232975903086,-137.73636487714222
TS298,0.25,3.796091123087667,-182.29048869765535,-139.8764116295846
TS298,0.25,3.8048177693476384,-181.77288430062242,-142.01654179274482
TS298,0.25,3.81354441560761,-181.2291851411866,-144.1562030097433
TS298,0.25,3.822271061867582,-180.65909281223082,-146.29484881083945
TS298,0.25,3.8309977081275535,-180.06234399962958,-148.4319418744813
TS298,0.25,3.839724354387525,-179.43871214328604,-150.56695717835743
TS298,0.25,3.8484510006474966,-178.78800862759704,-152.6993849613062
TS298,0.25,3.857177646907468,-178.11008344582612,-154.82873341079804
TS298,0.25,3.86590429316744,-177.4048252867006,-156.9545309852772
TS298,0.25,3.8746309394274117,-176.6721609964247,-159.0763282760199
TS298,0.25,3.883357585687383,-175.9120543751224,-161.1936993093727
TS298,0.25,3.8920842319473548,-175.1245042733607,-163.30624218728823
TS298,0.25,3.9008108782073267,-174.3095419617001,-165.41357896195396
TS298,0.25,3.9095375244672983,-173.46722775400974,-167.51535463894936
TS298,0.25,3.91826417072727,-172.59764687339634,-169.6112352026949
TS298,0.25,3.9269908169872414,-171.70090455787374,-171.70090455787368
TS298,0.25,3.935717463247213,-170.7771204112112,-173.78406028093923
TS298,0.25,3.944444109507185,-169.82642201265992,-175.86040807669943
TS298,0.25,3.9531707557671565,-168.84893780744142,-177.92965483628302
TS298,0.25,3.961897402027128,-167.8447893080386,-179.99150019462596
TS298,0.25,3.9706240482870996,-166.81408264461257,-182.04562648813763
TS298,0.25,3.9793506945470716,-165.7568995115104,-184.09168701676842
TS298,0.25,3.988077340807043,-164.6732875662144,-186.12929251982683
TS298,0.25,3.9968039870670147,-163.56325034768753,-188.15799578236056
TS298,0.25,4.005530633326987,-162.4267367935244,-190.17727429977379
TS298,0.25,4.014257279586958,-161.2636304503558,-192.18651094399647
TS298,0.25,4.02298392584693,-160.0737384904433,-194.18497259671238
TS298,0.25,4.031710572106901,-158.8567806702849,-196.17178674604693
TS298,0.25,4.040437218366873,-157.61237839532808,-198.14591608533874
TS298,0.25,4.049163864626845,-156.34004408955704,-200.10613120912564
TS298,0.25,4.057890510886816,-155.03917111065527,-202.05098157567508
TS298,0.25,4.066617157146788,-153.70902450132013,-203.97876500080162
TS298,0.25,4.075343803406759,-152.34873292536753,-205.8874960679548
TS298,0.25,4.084070449666731,-150.95728220311932,-207.7748739878382
TS298,0.25,4.092797095926703,-149.53351093292233,-209.63825061946912
TS298,0.25,4.101523742186674,-148.07610876188505,-211.47459957441455
TS298,0.25,4.110250388446646,-146.5836179447943,-213.2804875651479
TS298,0.25,4.118977034706618,-145.05443889932732,-215.05204942165895
TS298,0.25,4.127703680966589,-143.48684051931014,-216.78496847718228
TS298,0.25,4.136430327226561,-141.87897603444105,-218.47446429732472
TS298,0.25,4.145156973486532,-140.2289051905141,-220.11528997252577
TS298,0.25,4.153883619746504,-138.5346234525103,-221.70174137875227
TS298,0.25,4.162610266006476,-136.7940987867583,-223.22768089443403
TS298,0.25,4.171336912266447,-135.00531634128834,-224.68657799504714
TS298,0.25,4.180063558526419,-133.16633100286347,-226.07156887953172
TS298,0.25,4.1887902047863905,-131.27532735961213,-227.3755367670847
TS298,0.25,4.1975168510463625,-129.33068604592722,-228.59121370276426
TS298,0.25,4.2062434973063345,-127.33105481333789,-229.71130361234498
TS298,0.25,4.214970143566306,-125.2754219981811,-230.7286249718052
TS298,0.25,4.223696789826278,-123.16318940469667,-231.636269869876
TS298,0.25,4.232423436086249,-120.99424106815812,-232.42777455837208
TS298,0.25,4.241150082346221,-118.76900399416128,-233.09729496732405
TS298,0.25,4.249876728606193,-116.48849687248038,-233.63977930769698
TS298,0.25,4.258603374866164,-114.15436300474485,-234.05112900166566
TS298,0.25,4.267330021126136,-111.76888429878338,-234.32833895384107
TS298,0.25,4.276056667386108,-109.33497415590999,-234.4696087310829
TS298,0.25,4.284783313646079,-106.85614834420414,-234.47441758501841
TS298,0.25,4.293509959906051,-104.33647439436591,-234.34355834926154
TS298,0.25,4.302236606166022,-101.78050152255504,-234.07912788061645
TS298,0.25,4.310963252425994,-99.19317441172754,-233.6844746114364
TS298,0.25,4.319689898685966,-96.57973521919331,-233.16410661657915
TS298,0.25,4.328416544945937,-93.94561881331954,-232.52356606090564
TS298,0.25,4.337143191205909,-91.29634642398143,-231.76927773108017
TS298,0.25,4.34586983746588,-88.63742263003074,-230.90838041613566
TS298,0.25,4.354596483725852,-85.97423996965117,-229.94855014685157
TS298,0.25,4.363323129985824,-83.31199455298858,-228.89782380406277
TS298,0.25,4.372049776245795,-80.6556150063401,-227.7644305124609
TS298,0.25,4.380776422505767,-78.00970600634551,-226.55663674792163
TS298,0.25,4.389503068765738,-75.3785066742765,-225.2826094114246
TS298,0.25,4.39822971502571,-72.76586326821896,-223.95029944894287
TS298,0.25,4.406956361285682,-70.17521497546905,-222.56734707091883
TS298,0.25,4.4156830075456535,-67.60959117941702,-221.1410083438381
TS298,0.25,4.4244096538056255,-65.07161834162486,-219.67810193777632
TS298,0.25,4.4331363000655974,-62.5635345720195,-218.18497412420112
TS298,0.25,4.4418629463255686,-60.087210021556814,-216.66747970418268
TS298,0.25,4.4505895925855405,-57.64417138430778,-215.13097636644474
TS298,0.25,4.459316238845512,-55.23562900457743,-213.58032997696773
TS298,0.25,4.468042885105484,-52.862505319976435,-212.01992843629858
TS298,0.25,4.476769531365456,-50.525463610663145,-210.4537019612072
TS298,0.25,4.485496177625427,-48.224936252194055,-208.88514791526964
TS298,0.25,4.494222823885399,-45.96115187449096,-207.31735859836974
TS298,0.25,4.50294947014537,-43.734161006985474,-205.75305068624195
TS298,0.25,4.511676116405342,-41.54385993830266,-204.19459527358555
TS298,0.25,4.520402762665314,-39.39001263868186,-202.64404770945225
TS298,0.25,4.529129408925285,-37.27227068698842,-201.10317661751742
TS298,0.25,4.537856055185257,-35.190191214868854,-199.5734916657566
TS298,0.25,4.546582701445229,-33.14325293181753,-198.05626979134735
TS298,0.25,4.5553093477052,-31.130870330125394,-196.55257969998135
TS298,0.25,4.564035993965172,-29.152406191106355,-195.06330454758455
TS298,0.25,4.572762640225143,-27.20718252647244,-193.58916278024216
TS298,0.25,4.581489286485115,-25.29449009368535,-192.130727158396
TS298,0.25,4.590215932745087,-23.413596623587814,-190.68844202735593
TS298,0.25,4.598942579005058,-21.563753894201128,-189.2626389206688
TS298,0.25,4.60766922526503,-19.744203777588694,-187.8535505984174
TS298,0.25,4.616395871525001,-17.95418337809471,-186.46132363112903
TS298,0.25,4.625122517784973,-16.19292937081814,-185.0860296433715
TS298,0.25,4.633849164044945,-14.459681639445922,-183.7276753307068
TS298,0.25,4.642575810304916,-12.75368630289785,-182.38621136053968
TS298,0.25,4.651302456564888,-11.074198210932046,-181.06154026242072
TS298,0.25,4.6600291028248595,-9.42048298007404,-179.7535234072083
TS298,0.25,4.6687557490848315,-7.791818633066464,-178.46198716765142
TS298,0.25,4.6774823953448035,-6.187496897561552,-177.18672834582816
TS298,0.25,4.686209041604775,-4.60682421297399,-175.92751894570705
TS298,0.25,4.694935687864747,-3.049122488298464,-174.68411036210486
TS298,0.25,4.703662334124719,-1.5137296482232154,-173.45623705062008
TS298,0.25,4.71238898038469,-3.1640639637633244e-14,-172.24361973679646
TS298,0.25,4.721115626644662,1.4926955507711441,-171.0459682168886
TS298,0.25,4.729842272904633,2.9649694110802183,-169.8629837971648
TS298,0.25,4.738568919164605,4.417417317143058,-168.69436141369397
TS298,0.25,4.747295565424577,5.85061843862066,-167.53979147003594
TS298,0.25,4.756022211684548,7.265135554862184,-166.39896142613597
TS298,0.25,4.76474885794452,8.661515289826216,-165.2715571680215
TS298,0.25,4.773475504204491,10.040288394263404,-164.15726418456867
TS298,0.25,4.782202150464463,11.40197006542158,-163.05576857461406
TS298,0.25,4.790928796724435,12.747060295975428,-161.96675790502698
TS298,0.25,4.799655442984406,14.07604424514331,-160.88992193797137
TS298,0.25,4.808382089244378,15.38939262603006,-159.8249532434722
TS298,0.25,4.817108735504349,16.687562104166993,-158.77154771151902
TS298,0.25,4.825835381764321,17.97099570302731,-157.7294049762649
TS298,0.25,4.834562028024293,19.240123212977505,-156.69822876340416
TS298,0.25,4.843288674284264,20.495361600724653,-155.6777271704938
TS298,0.25,4.852015320544236,21.737115416822235,-154.6676128888279
TS298,0.25,4.860741966804208,22.965777199231717,-153.66760337444666
TS298,0.25,4.869468613064179,24.181727871311217,-152.6774209749511
TS298,0.25,4.878195259324151,25.38533713291578,-151.6967930179974
TS298,0.25,4.886921905584122,26.576963843562964,-150.72545186663618
TS298,0.25,4.895648551844094,27.75695639685028,-149.76313494603318
TS298,0.25,4.904375198104066,28.925653085498183,-148.80958474556343
TS298,0.25,4.9131018443640375,30.08338245656265,-147.86454879977825
TS298,0.25,4.9218284906240095,31.230463656494965,-146.92777965131873
TS298,0.25,4.930555136883981,32.36720676584194,-145.9990347984716
TS298,0.25,4.939281783143953,33.49391312348072,-145.07807662972627
TS298,0.25,4.948008429403925,34.6108756403559,-144.16467234740227
TS298,0.25,4.956735075663896,35.71837910275958,-143.25859388215346
TS298,0.25,4.965461721923868,36.81670046524518,-142.35961779992797
TS298,0.25,4.974188368183839,37.90610913331011,-141.46752520276428
TS298,0.25,4.982915014443811,38.98686723602172,-140.58210162462046
TS298,0.25,4.991641660703783,40.05922988878288,-139.70313692328475
TS298,0.25,5.000368306963754,41.123445446461446,-138.83042516927162
TS298,0.25,5.009094953223726,42.17975574712039,-137.96376453249022
TS298,0.25,5.017821599483698,43.22839634659747,-137.10295716736528
TS298,0.25,5.026548245743669,44.26959674419438,-136.24780909699436
TS298,0.25,5.035274892003641,45.3035805997372,-135.3981300968452
TS298,0.25,5.044001538263612,46.33056594227239,-134.55373357842467
TS298,0.25,5.052728184523584,47.35076537066607,-133.7144364732841
TS298,0.25,5.061454830783556,48.364386246366834,-132.88005911767445
TS298,0.25,5.070181477043527,49.371630878594914,-132.05042513811134
TS298,0.25,5.078908123303499,50.372696702211734,-131.22536133806926
TS298,0.25,5.08763476956347,51.36777644851917,-130.40469758598795
TS298,0.25,5.096361415823442,52.35705830923439,-129.5882667047365
TS298,0.25,5.105088062083414,53.34072609387345,-128.77590436265763
TS298,0.25,5.113814708343385,54.31895938077563,-127.96744896628472
TS298,0.25,5.122541354603357,55.291933661988146,-127.16274155480495
TS298,0.25,5.1312680008633285,56.25982048222332,-126.36162569632337
TS298,0.25,5.1399946471233005,57.222787572095214,-125.56394738596266
TS298,0.25,5.1487212933832724,58.180998975829006,-124.76955494582478
TS298,0.25,5.1574479396432436,59.13461517363304,-123.9782989268229
TS298,0.25,5.1661745859032155,60.08379319891173,-123.19003201238472
TS298,0.25,5.1749012321631875,61.02868675048906,-122.4046089240194
TS298,0.25,5.183627878423159,61.969446300006744,-121.62188632873058
TS298,0.25,5.192354524683131,62.906219194649985,-120.84172274825305
TS298,0.25,5.201081170943102,63.839149755345545,-120.0639784700863
TS298,0.25,5.209807817203074,64.76837937057235,-119.2885154602902
TS298,0.25,5.218534463463046,65.69404658591107,-118.51519727800911
TS298,0.25,5.227261109723017,66.61628718945725,-117.7438889916837
TS298,0.25,5.235987755982989,67.5352342932112,-116.97445709690977
TS298,0.25,5.24471440224296,68.45101841055008,-116.20676943590209
TS298,0.25,5.253441048502932,69.3637675298842,-115.44069511851737
TS298,0.25,5.262167694762904,70.27360718458681,-114.67610444479375
TS298,0.25,5.270894341022875,71.1806605192845,-113.91286882896011
TS298,0.25,5.279620987282847,72.08504835258549,-113.15086072487036
TS298,0.25,5.288347633542818,72.98688923631651,-112.38995355281963
TS298,0.25,5.29707427980279,73.88629951133473,-111.630021627696
TS298,0.25,5.305800926062762,74.78339335997032,-110.87094008842679
TS298,0.25,5.314527572322733,75.67828285515388,-110.11258482867606
TS298,0.25,5.323254218582705,76.57107800627261,-109.3548324287532
TS298,0.25,5.331980864842677,77.46188680179428,-108.59756008869441
TS298,0.25,5.340707511102648,78.35081524869324,-107.84064556247857
TS298,0.25,5.34943415736262,79.23796740870499,-107.0839670933426
TS298,0.25,5.358160803622591,80.12344543142972,-106.3274033501644
TS298,0.25,5.366887449882563,81.00734958430203,-105.57083336487993
TS298,0.25,5.375614096142535,81.88977827943451,-104.81413647090868
TS298,0.25,5.3843407424025065,82.77082809734075,-104.05719224255954
TS298,0.25,5.3930673886624785,83.65059380753601,-103.29988043539478
TS298,0.25,5.40179403492245,84.5291683860071,-102.54208092753234
TS298,0.25,5.410520681182422,85.40664302954158,-101.78367366186744
TS298,0.25,5.419247327442394,86.28310716689612,-101.02453858920198
TS298,0.25,5.427973973702365,87.15864846678262,-100.26455561226868
TS298,0.25,5.436700619962337,88.03335284264384,-99.50360453064378
TS298,0.25,5.445427266222308,88.90730445418393,-98.74156498654602
TS298,0.25,5.45415391248228,89.78058570561842,-97.97831641151973
TS298,0.25,5.462880558742252,90.65327724059755,-97.21373797400948
TS298,0.25,5.471607205002223,91.52545793375793,-96.44770852783293
TS298,0.25,5.480333851262195,92.39720487884902,-95.68010656156608
TS298,0.25,5.489060497522167,93.26859337337737,-94.91081014885972
TS298,0.25,5.497787143782138,94.13969689970835,-94.1396968997084
TS298,0.25,5.50651379004211,95.01058710256054,-93.3666439127011
TS298,0.25,5.515240436302081,95.88133376282197,-92.59152772828776
TS298,0.25,5.523967082562053,96.75200476761864,-91.81422428309922
TS298,0.25,5.532693728822025,97.62266607655589,-91.03460886536764
TS298,0.25,5.541420375081996,98.49338168405637,-90.25255607149761
TS298,0.25,5.550147021341968,99.3642135777116,-89.46793976384585
TS298,0.25,5.558873667601939,100.23522169256235,-88.68063302977598
TS298,0.25,5.567600313861911,101.10646386122383,-87.8905081420575
TS298,0.25,5.576326960121883,101.97799575976552,-87.09743652069099
TS298,0.25,5.585053606381854,102.84987084925979,-86.30128869624482
TS298,0.25,5.593780252641826,103.72214031290949,-85.50193427479898
TS298,0.25,5.602506898901797,104.59485298866555,-84.69924190460051
TS298,0.25,5.611233545161769,105.4680552972494,-83.89307924454083
TS298,0.25,5.619960191421741,106.34179116549282,-83.08331293457854
TS298,0.25,5.6286868376817125,107.21610194491467,-82.26980856823658
TS298,0.25,5.6374134839416845,108.0910263254553,-81.45243066731459
TS298,0.25,5.6461401302016565,108.96660024429453,-80.63104265896759
TS298,0.25,5.654866776461628,109.84285678968729,-79.80550685531026
TS298,0.25,5.6635934227216,110.71982609975616,-78.97568443571798
TS298,0.25,5.672320068981571,111.59753525618952,-78.14143543200784
TS298,0.25,5.681046715241543,112.47600817280653,-77.30261871668938
TS298,0.25,5.689773361501515,113.35526547895873,-76.45909199449193
TS298,0.25,5.698500007761486,114.23532439775612,-75.61071179738072
TS298,0.25,5.707226654021458,115.11619861911855,-74.75733348328835
TS298,0.25,5.715953300281429,115.9978981676723,-73.89881123880009
TS298,0.25,5.724679946541401,116.88042926553418,-73.03499808603836
TS298,0.25,5.733406592801373,117.76379419004421,-72.16574589400781
TS298,0.25,5.742133239061344,118.6479911265388,-71.29090539466864
TS298,0.25,5.750859885321316,119.53301401627968,-70.41032620401741
TS298,0.25,5.759586531581287,120.41885239968823,-69.5238568484659
TS298,0.25,5.768313177841259,121.30549125506927,-68.63134479681283
TS298,0.25,5.777039824101231,122.19291083304243,-67.73263649811649
TS298,0.25,5.785766470361202,123.08108648694584,-66.8275774257787
TS298,0.25,5.794493116621174,123.96998849951636,-65.9160121281579
TS298,0.25,5.803219762881146,124.85958190620042,-64.99778428603489
TS298,0.25,5.811946409141117,125.74982631550287,-64.07273677725298
TS298,0.25,5.820673055401089,126.64067572683454,-63.140711748858315
TS298,0.25,5.82939970166106,127.53207834637833,-62.20155069706341
TS298,0.25,5.838126347921032,128.42397640156057,-61.255094555350304
TS298,0.25,5.846852994181004,129.31630595477455,-60.301183791026176
TS298,0.25,5.8555796404409755,130.2089967170816,-59.33965851053024
TS298,0.25,5.8643062867009474,131.101971862682,-58.370358573778596
TS298,0.25,5.8730329329609186,131.99514784502867,-57.39312371781655
TS298,0.25,5.8817595792208905,132.88843421553753,-56.407793690022466
TS298,0.25,5.8904862254808625,133.78173344592759,-55.41420839108547
TS298,0.25,5.899212871740834,134.67494075531246,-54.41220802794229
TS298,0.25,5.907939518000806,135.56794394324913,-53.40163327682511
TS298,0.25,5.916666164260777,136.4606232300357,-52.38232545652919
TS298,0.25,5.925392810520749,137.3528511056418,-51.35412671195702
TS298,0.25,5.934119456780721,138.2444921887346,-50.31688020794589
TS298,0.25,5.942846103040692,139.13540309735475,-49.270430333318586
TS298,0.25,5.951572749300664,140.0254323328726,-48.21462291503155
TS298,0.25,5.960299395560636,140.91442017893394,-47.14930544221975
TS298,0.25,5.969026041820607,141.80219861717563,-46.074327299851
TS298,0.25,5.977752688080579,142.68859126155473,-44.9895400116165
TS298,0.25,5.98647933434055,143.5734133131869,-43.8947974915866
TS298,0.25,5.995205980600522,144.45647153763755,-42.7899563040539
TS298,0.25,6.003932626860494,145.3375642666339,-41.67487593088144
TS298,0.25,6.012659273120465,146.21648142618636,-40.54941904555101
TS298,0.25,6.021385919380437,147.09300459310276,-39.41345179298929
TS298,0.25,6.030112565640408,147.96690708185787,-38.26684407412263
TS298,0.25,6.03883921190038,148.83795406374156,-37.10946983397777
TS298,0.25,6.047565858160352,149.7059027201371,-35.94120735201905
TS298,0.25,6.056292504420323,150.57050243169607,-34.76193953327293
TS298,0.25,6.065019150680295,151.43149500505353,-33.57155419866138
TS298,0.25,6.073745796940266,152.28861493857866,-32.36994437283433
TS298,0.25,6.082472443200238,153.14158972848105,-31.15700856766028
TS298,0.25,6.09119908946021,153.99014021637856,-29.932651059420255
TS298,0.25,6.0999257357201815,154.83398097919158,-28.69678215763079
TS298,0.25,6.1086523819801535,155.67282076195306,-27.44931846332523
TS298,0.25,6.1173790282401255,156.50636295381196,-26.190183114534467
TS298,0.25,6.126105674500097,157.33430610717073,-24.91930601663355
TS298,0.25,6.134832320760069,158.1563444995237,-23.636624055171417
TS298,0.25,6.14355896702004,158.97216873716073,-22.342081288770057
TS298,0.25,6.152285613280012,159.7814663994797,-21.03562911966809
TS298,0.25,6.161012259539984,160.5839227221957,-19.717226439510718
TS298,0.25,6.169738905799955,161.37922131727194,-18.386839748029303
TS298,0.25,6.178465552059927,162.16704492691582,-17.044443242338076
TS298,0.25,6.187192198319898,162.94707620849238,-15.6900188746876
TS298,0.25,6.19591884457987,163.7189985467217,-14.323556376655402
TS298,0.25,6.204645490839842,164.48249688903925,-12.945053247942353
TS298,0.25,6.213372137099813,165.23725859952825,-11.554514708150467
TS298,0.25,6.222098783359785,165.98297432638353,-10.151953610172184
TS298,0.25,6.230825429619756,166.71933887744325,-8.737390314103687
TS298,0.25,6.239552075879728,167.4460520979427,-7.310852520904045
TS298,0.25,6.2482787221397,168.16281974430288,-5.8723750653731
TS298,0.25,6.257005368399671,168.86935434748295,-4.421999668382491
TS298,0.25,6.265732014659643,169.56537605919786,-2.959774648690938
TS298,0.25,6.274458660919615,170.25061347414214,-1.4857545950843647
TS298,0.25,6.283185307179586,170.9248044212774,-4.1864502925880947e-14
TS298,1.0,0.0,186.08858131753684,0.0
TS298,1.0,0.008726646259971648,186.86567789511943,1.6307520656212244
TS298,1.0,0.017453292519943295,187.62569246717635,3.275018644216348
TS298,1.0,0.026179938779914945,188.36812456584994,4.93259293601618
TS298,1.0,0.03490658503988659,189.09249709014549,6.603255503503949
TS298,1.0,0.04363323129985824,189.7983584118777,8.286775290750303
TS298,1.0,0.05235987755982989,190.48528434963546,9.982910738863039
TS298,1.0,0.061086523819801536,191.15287998784686,11.69141098936779
TS298,1.0,0.06981317007977318,191.80078131934397,13.412017165936133
TS298,1.0,0.07853981633974483,192.42865669156134,15.144463723594413
TS298,1.0,0.08726646259971647,193.03620803862015,16.888479853411102
TS298,1.0,0.09599310885968812,193.62317188401568,18.643790929700288
TS298,1.0,0.10471975511965978,194.18932010139937,20.410119986019236
TS298,1.0,0.11344640137963143,194.73446042396094,22.1871892056967
TS298,1.0,0.12217304763960307,195.25843669611658,23.974721412320267
TS298,1.0,0.1308996938995747,195.76112886452557,25.77244154554284
TS298,1.0,0.13962634015954636,196.24245270881073,27.58007810774084
TS298,1.0,0.14835298641951802,196.70235931568547,29.39736456746513
TS298,1.0,0.15707963267948966,197.1408343034158,31.224040706258656
TS298,1.0,0.16580627893946132,197.5578968065985,33.05985389625404
TS298,1.0,0.17453292519943295,197.95359823406503,34.9045602969892
TS298,1.0,0.1832595714594046,198.32802081526512,36.75792596106271
TS298,1.0,0.19198621771937624,198.681275952702,38.619727839562564
TS298,1.0,0.2007128639793479,199.01350239985075,40.489754679613554
TS298,1.0,0.20943951023931956,199.3248642854732,42.367807807863976
TS298,1.0,0.2181661564992912,199.6155490063283,44.25370179524319
TS298,1.0,0.22689280275926285,199.88576501097623,46.14726499983345
TS298,1.0,0.23561944901923448,200.13573949769034,48.04833998618686
TS298,1.0,0.24434609527920614,200.36571604944407,49.956783820851726
TS298,1.0,0.2530727415391778,200.575952228563,51.87246824523342
TS298,1.0,0.2617993877991494,200.76671715295103,53.79527972818085
TS298,1.0,0.27052603405912107,200.9382890748566,55.72511940184862
TS298,1.0,0.2792526803190927,201.09095298198557,57.661902885425754
TS298,1.0,0.2879793265790644,201.224998239426,59.60556000223882
TS298,1.0,0.29670597283903605,201.3407162893799,61.556034396526925
TS298,1.0,0.30543261909900765,201.4383984241337,63.5132830568515
TS298,1.0,0.3141592653589793,201.51833364608729,65.47727575364814
TS298,1.0,0.32288591161895097,201.58080662703568,67.44799439885863
TS298,1.0,0.33161255787892263,201.62609577729023,69.4254323359078
TS298,1.0,0.34033920413889424,201.6544714336699,71.4095935685236
TS298,1.0,0.3490658503988659,201.66619417390552,73.40049193704984
TS298,1.0,0.35779249665883756,201.66151326360642,75.39815025098417
TS298,1.0,0.3665191429188092,201.64066524064597,77.40259938649987
TS298,1.0,0.3752457891787809,201.60387264064687,79.41387735769148
TS298,1.0,0.3839724354387525,201.55134286618505,81.43202837023239
TS298,1.0,0.39269908169872414,201.48326720138948,83.45710186605773
TS298,1.0,0.4014257279586958,201.39981997278647,85.48915156759601
TS298,1.0,0.41015237421866746,201.30115785651432,87.52823452997679
TS298,1.0,0.4188790204786391,201.18741933140976,89.57441020954074
TS298,1.0,0.4276056667386107,201.05872427692572,91.62773955688172
TS298,1.0,0.4363323129985824,200.9151737143676,93.6882841425515
TS298,1.0,0.44505895925855404,200.75684968951902,95.75610532346279
TS298,1.0,0.4537856055185257,200.58381529434163,97.83126345792586
TS298,1.0,0.4625122517784973,200.39611482507453,99.91381717714576
TS298,1.0,0.47123889803846897,200.19377407368927,102.00382272088265
TS298,1.0,0.4799655442984406,199.9768007492775,104.10133334482563
TS298,1.0,0.4886921905584123,199.74518502552667,106.2063988070397
TS298,1.0,0.49741883681838395,199.49890020996625,108.31906494060092
TS298,1.0,0.5061454830783556,199.23790353012518,110.43937331922199
TS298,1.0,0.5148721293383273,198.96213703111079,112.56736102226736
TS298,1.0,0.5235987755982988,198.67152857839534,114.70306050505096
TS298,1.0,0.5323254218582705,198.36599295875848,116.84649957967078
TS298,1.0,0.5410520681182421,198.0454330713788,118.99770151084992
TS298,1.0,0.5497787143782138,197.7097411999858,121.15668523029326
TS298,1.0,0.5585053606381855,197.35880035577003,123.32346567191237
TS298,1.0,0.5672320068981571,196.99248567940265,125.4980542288934
TS298,1.0,0.5759586531581288,196.6106658890372,127.68045933195953
TS298,1.0,0.5846852994181004,196.21320475955588,129.87068714628376
TS298,1.0,0.5934119456780721,195.79996261659178,132.06874238231993
TS298,1.0,0.6021385919380436,195.3707978270066,134.27462921330707
TS298,1.0,0.6108652381980153,194.92556826554932,136.488352289349
TS298,1.0,0.619591884457987,194.46413273536857,138.70991783474153
TS298,1.0,0.6283185307179586,193.9863523179161,140.93933481159738
TS298,1.0,0.6370451769779303,193.4920916255702,143.17661612876756
TS298,1.0,0.6457718232379019,192.98121992803925,145.42177987055203
TS298,1.0,0.6544984694978736,192.45361212128452,147.67485051469637
TS298,1.0,0.6632251157578453,191.90914950533443,149.9358601036465
TS298,1.0,0.6719517620178169,191.34772033495088,152.20484932693097
TS298,1.0,0.6806784082777885,190.7692201046556,154.48186846581405
TS298,1.0,0.6894050545377601,190.17355152711232,156.76697814393705
TS298,1.0,0.6981317007977318,189.56062416129132,159.0602498194745
TS298,1.0,0.7068583470577035,188.93035364418054,161.3617659452769
TS298,1.0,0.7155849933176751,188.28266047704358,163.6716197134494
TS298,1.0,0.7243116395776468,187.61746831432242,165.98991428970533
TS298,1.0,0.7330382858376184,186.93470170022002,168.3167614304884
TS298,1.0,0.7417649320975901,186.23428319474905,170.6522793621377
TS298,1.0,0.7504915783575618,185.51612982758724,172.99658978609813
TS298,1.0,0.7592182246175333,184.7801488144402,175.34981385720621
TS298,1.0,0.767944870877505,184.0262324668216,177.7120669632467
TS298,1.0,0.7766715171374766,183.25425222229399,180.08345211316063
TS298,1.0,0.7853981633974483,182.46405171843188,182.46405171843188
TS298,1.0,0.7941248096574199,181.6554388303115,184.85391752732068
TS298,1.0,0.8028514559173916,180.82817658856993,187.25305844493835
TS298,1.0,0.8115781021773633,179.98197289355966,189.66142594409004
TS298,1.0,0.8203047484373349,179.11646894161197,192.07889674309254
TS298,1.0,0.8290313946973066,178.2312262829628,194.5052523985983
TS298,1.0,0.8377580409572782,177.32571243890447,196.94015543564998
TS298,1.0,0.8464846872172498,176.3992850200514,199.38312161639092
TS298,1.0,0.8552113334772214,175.45117431065307,201.83348793680167
TS298,1.0,0.8639379797371931,174.48046431867877,204.29037594263943
TS298,1.0,0.8726646259971648,173.4860723416953,206.75264997827432
TS298,1.0,0.8813912722571364,172.46672716889736,209.2188700343026
TS298,1.0,0.8901179185171081,171.42094613535465,211.68723895309768
TS298,1.0,0.8988445647770797,170.34701137158544,214.1555438999894
TS298,1.0,0.9075712110370514,169.24294575634104,216.62109222853584
TS298,1.0,0.9162978572970231,168.1064892891807,219.08064218091866
TS298,1.0,0.9250245035569946,166.93507685714636,221.53032929008117
TS298,1.0,0.9337511498169663,165.72581867917563,223.9655899099765
TS298,1.0,0.9424777960769379,164.47548507075032,226.38108401210715
TS298,1.0,0.9512044423369096,163.18049757015098,228.77062026027303
TS298,1.0,0.9599310885968813,161.83692888606888,231.12708740590463
TS298,1.0,0.9686577348568529,160.4405145286831,233.44239720408652
TS298,1.0,0.9773843811168246,158.9866793181494,235.7074452705401
TS298,1.0,0.9861110273767962,157.4705821495046,237.91209747049797
TS298,1.0,0.9948376736367679,155.8871823332573,240.04521038275857
TS298,1.0,1.0035643198967394,154.2313304117793,242.0946948870121
TS298,1.0,1.0122909661567112,152.49788545445892,244.0476316985176
TS298,1.0,1.0210176124166828,150.68185935938865,245.89044641532135
TS298,1.0,1.0297442586766545,148.77858658698796,247.60914906983405
TS298,1.0,1.038470904936626,146.78391506269074,249.1896391122232
TS298,1.0,1.0471975511965976,144.69441088178104,250.61807121849174
TS298,1.0,1.0559241974565694,142.50756625295537,251.881270621436
TS298,1.0,1.064650843716541,140.221997298198,252.96717946548972
TS298,1.0,1.0733774899765127,137.83761644976965,253.8653089774322
TS298,1.0,1.0821041362364843,135.35576380781407,254.56716723052304
TS298,1.0,1.090830782496456,132.77928335483895,255.0666301566857
TS298,1.0,1.0995574287564276,130.11253348751524,255.3602251204881
TS298,1.0,1.1082840750163994,127.36132665659046,255.4473021053387
TS298,1.0,1.117010721276371,124.53279934388556,255.3300768973922
TS298,1.0,1.1257373675363425,121.63522020592184,255.01354234640593
TS298,1.0,1.1344640137963142,118.67774994480804,254.50525606714373
TS298,1.0,1.1431906600562858,115.67017044826518,253.81502391844236
TS298,1.0,1.1519173063162575,112.62260244375558,252.95450666146985
TS298,1.0,1.160643952576229,109.54523026030738,251.9367813994476
TS298,1.0,1.1693705988362009,106.4480496364094,250.7758895732594
TS298,1.0,1.1780972450961724,103.34065050144936,249.486399985057
TS298,1.0,1.1868238913561442,100.23204205615043,248.08300958424726
TS298,1.0,1.1955505376161157,97.13052299247501,246.58019779962032
TS298,1.0,1.2042771838760873,94.04359585666032,244.991943170669
TS298,1.0,1.213003830136059,90.97792167362788,243.33150478107618
TS298,1.0,1.2217304763960306,87.93930910312223,241.61126604326856
TS298,1.0,1.2304571226560024,84.93273150749191,239.84263491327957
TS298,1.0,1.239183768915974,81.96236519734305,238.03599256616187
TS298,1.0,1.2479104151759457,79.03164256419117,236.2006817124694
TS298,1.0,1.2566370614359172,76.14331459481836,234.34502579442864
TS298,1.0,1.265363707695889,73.29951821005321,232.47637097073243
TS298,1.0,1.2740903539558606,70.50184484601894,230.6011438225636
TS298,1.0,1.2828170002158321,67.75140760851423,228.72491888726202
TS298,1.0,1.2915436464758039,65.04890512976108,226.8524913055658
TS298,1.0,1.3002702927357754,62.39468091938691,224.98795096161396
TS298,1.0,1.3089969389957472,59.78877752662602,223.1347554518006
TS298,1.0,1.3177235852557188,57.23098522914683,221.29580001949824
TS298,1.0,1.3264502315156905,54.72088525282236,219.47348323822274
TS298,1.0,1.335176877775662,52.25788772555588,217.6697677286687
TS298,1.0,1.3439035240356338,49.841264695853745,215.88623557390122
TS298,1.0,1.3526301702956054,47.47017862020856,214.1241383725315
TS298,1.0,1.361356816555577,45.14370675691104,212.38444206202948
TS298,1.0,1.3700834628155487,42.86086190937013,210.66786677161258
TS298,1.0,1.3788101090755203,40.62060994854541,208.97492204195268
TS298,1.0,1.387536755335492,38.42188451866105,207.3059377901423
TS298,1.0,1.3962634015954636,36.26359929810776,205.66109141326
TS298,1.0,1.4049900478554354,34.14465815200887,204.04043142052365
TS298,1.0,1.413716694115407,32.06396347686804,202.4438979685608
TS298,1.0,1.4224433403753787,30.020423002683597,200.87134065133392
TS298,1.0,1.4311699866353502,28.012955284956387,199.32253386908138
TS298,1.0,1.4398966328953218,26.040494088700108,197.79719007163862
TS298,1.0,1.4486232791552935,24.10199183915901,196.29497114232748
TS298,1.0,1.457349925415265,22.19642228948569,194.81549816033325
TS298,1.0,1.4660765716752369,20.322782534043526,193.35835975279934
TS298,1.0,1.4748032179352084,18.48009447710084,191.92311922316023
TS298,1.0,1.4835298641951802,16.66740585024663,190.50932061966944
TS298,1.0,1.4922565104551517,14.88379085765114,189.11649388772057
TS298,1.0,1.5009831567151235,13.128350516061944,187.74415923133384
TS298,1.0,1.509709802975095,11.400212745945385,186.3918307929963
TS298,1.0,1.5184364492350666,9.698532261223027,185.05901974673787
TS298,1.0,1.5271630954950384,8.022490297423568,183.74523688675345
TS298,1.0,1.53588974175501,6.3712942115828755,182.44999478286073
TS298,1.0,1.5446163880149817,4.744176981724283,181.17280956446368
TS298,1.0,1.5533430342749532,3.1403966290966236,179.91320238631093
TS298,1.0,1.562069680534925,1.5592355824108932,178.67070062205295
TS298,1.0,1.5707963267948966,1.086536269462987e-14,177.44483882528021
TS298,1.0,1.5795229730548683,-1.537980936972148,176.235159492248
TS298,1.0,1.5882496193148399,-3.055355749475155,175.0412136557522
TS298,1.0,1.5969762655748114,-4.552751394949894,173.86256133552146
TS298,1.0,1.6057029118347832,-6.030774003873686,172.69877186695
TS298,1.0,1.6144295580947547,-7.490009612794286,171.5494241269367
TS298,1.0,1.6231562043547265,-8.93102488923299,170.41410667295736
TS298,1.0,1.631882850614698,-10.354367844822486,169.29241780922155
TS298,1.0,1.6406094968746698,-11.760568533851583,168.18396559179934
TS298,1.0,1.6493361431346414,-13.150139735054994,167.0883677829151
TS298,1.0,1.6580627893946132,-14.523577615041784,166.00525176314133
TS298,1.0,1.6667894356545847,-15.881362372210752,164.93425440897363
TS298,1.0,1.6755160819145565,-17.223958860378826,163.87502194218033
TS298,1.0,1.684242728174528,-18.55181719165393,162.8272097563901
TS298,1.0,1.6929693744344996,-19.865373318336488,161.79048222557574
TS298,1.0,1.7016960206944713,-21.165049593834556,160.7645124984006
TS298,1.0,1.710422666954443,-22.451255312741477,159.74898228179842
TS298,1.0,1.7191493132144147,-23.724387230354516,158.74358161664446
TS298,1.0,1.7278759594743862,-24.98483006201319,157.7480086479344
TS298,1.0,1.736602605734358,-26.23295696271665,156.76196939150836
TS298,1.0,1.7453292519943295,-27.469129987536355,155.7851774990306
TS298,1.0,1.7540558982543013,-28.693700533386366,154.81735402265627
TS298,1.0,1.7627825445142729,-29.9070097627412,153.85822718057352
TS298,1.0,1.7715091907742444,-31.10938900991356,152.907532124406
TS298,1.0,1.7802358370342162,-32.30116017051283,151.96501070928088
TS298,1.0,1.7889624832941877,-33.48263607471024,151.03041126721752
TS298,1.0,1.7976891295541595,-34.65412084493452,150.1034883843615
TS298,1.0,1.806415775814131,-35.81591023861411,149.18400268247842
TS298,1.0,1.8151424220741028,-36.968291976573454,148.2717206050269
TS298,1.0,1.8238690683340744,-38.11154605767572,147.3664142080511
TS298,1.0,1.8325957145940461,-39.24594506029083,146.4678609560621
TS298,1.0,1.8413223608540177,-40.37175443114899,145.5758435230239
TS298,1.0,1.8500490071139892,-41.4892327621234,144.69014959850665
TS298,1.0,1.858775653373961,-42.59863205546508,143.81057169903193
TS298,1.0,1.8675022996339325,-43.70019797799453,142.9369069845988
TS298,1.0,1.8762289458939043,-44.79417010473516,142.06895708035165
TS298,1.0,1.8849555921538759,-45.88078215245233,141.2065279033268
TS298,1.0,1.8936822384138476,-46.96026220354386,140.34942949419496
TS298,1.0,1.9024088846738192,-48.03283292070705,139.49747585390278
TS298,1.0,1.911135530933791,-49.098711752789065,138.65048478510047
TS298,1.0,1.9198621771937625,-50.15811113220785,137.8082777382366
TS298,1.0,1.928588823453734,-51.21123866431375,136.97067966219
TS298,1.0,1.9373154697137058,-52.258297309043,136.13751885930543
TS298,1.0,1.9460421159736774,-53.299485555197684,135.30862684469278
TS298,1.0,1.9547687622336491,-54.334997587670664,134.4838382096498
TS298,1.0,1.9634954084936207,-55.365023447916364,133.66299048906413
TS298,1.0,1.9722220547535925,-56.38974918795478,132.84592403265125
TS298,1.0,1.980948701013564,-57.409357018179115,132.03248187988476
TS298,1.0,1.9896753472735358,-58.4240254492251,131.22250963847534
TS298,1.0,1.9984019935335073,-59.433929428144154,130.41585536625857
TS298,1.0,2.007128639793479,-60.439240469111105,129.6123694563502
TS298,1.0,2.0158552860534504,-61.44012677888301,128.8119045254332
TS298,1.0,2.0245819323134224,-62.436753377213996,128.01431530504092
TS298,1.0,2.033308578573394,-63.42928221241867,127.21945853570503
TS298,1.0,2.0420352248333655,-64.41787227226624,126.42719286383868
TS298,1.0,2.050761871093337,-65.40267969037473,125.63737874122997
TS298,1.0,2.059488517353309,-66.38385784826588,124.8498783270224
TS298,1.0,2.0682151636132806,-67.36155747322972,124.064555392064
TS298,1.0,2.076941809873252,-68.33592673213883,123.28127522550757
TS298,1.0,2.0856684561332237,-69.30711132134205,122.49990454355203
TS298,1.0,2.0943951023931953,-70.27525455275797,121.72031140021292
TS298,1.0,2.1031217486531673,-71.24049743628079,120.94236510001865
TS298,1.0,2.111848394913139,-72.20297875860017,120.16593611252851
TS298,1.0,2.1205750411731104,-73.16283515853074,119.39089598857394
TS298,1.0,2.129301687433082,-74.12020119893593,118.61711727812708
TS298,1.0,2.138028333693054,-75.07520943532464,117.84447344970397
TS298,1.0,2.1467549799530254,-76.02799048118999,117.07283881121307
TS298,1.0,2.155481626212997,-76.97867307015258,116.30208843216215
TS298,1.0,2.1642082724729685,-77.92738411496158,115.53209806714182
TS298,1.0,2.17293491873294,-78.87424876340023,114.76274408050381
TS298,1.0,2.181661564992912,-79.81939045113465,113.9939033721585
TS298,1.0,2.1903882112528836,-80.76293095153657,113.22545330441679
TS298,1.0,2.199114857512855,-81.70499042250441,112.45727162980548
TS298,1.0,2.2078415037728267,-82.64568745029747,111.68923641978834
TS298,1.0,2.2165681500327987,-83.58513909039314,110.92122599432788
TS298,1.0,2.2252947962927703,-84.52346090536646,110.15311885222529
TS298,1.0,2.234021442552742,-85.46076699978715,109.38479360217998
TS298,1.0,2.2427480888127134,-86.39717005211773,108.61612889451274
TS298,1.0,2.251474735072685,-87.33278134359207,107.84700335349929
TS298,1.0,2.260201381332657,-88.26771078404357,107.07729551026468
TS298,1.0,2.2689280275926285,-89.20206693464473,106.30688373619205
TS298,1.0,2.2776546738526,-90.13595702751287,105.53564617680195
TS298,1.0,2.2863813201125716,-91.06948698212616,104.76346068606297
TS298,1.0,2.2951079663725436,-92.00276141848812,103.99020476109675
TS298,1.0,2.303834612632515,-92.93588366696832,103.21575547724498
TS298,1.0,2.3125612588924866,-93.86895577473953,102.43998942346873
TS298,1.0,2.321287905152458,-94.80207850872108,101.66278263805593
TS298,1.0,2.3300145514124297,-95.7353513549303,100.88401054461544
TS298,1.0,2.3387411976724017,-96.66887251413358,100.10354788834128
TS298,1.0,2.3474678439323733,-97.60273889367905,99.32126867253578
TS298,1.0,2.356194490192345,-98.53704609538326,98.53704609538327
TS298,1.0,2.3649211364523164,-99.47188839933338,97.7507524869743
TS298,1.0,2.3736477827122884,-100.40735874345602,96.96225924658236
TS298,1.0,2.38237442897226,-101.34354869869384,96.17143678020432
TS298,1.0,2.3911010752322315,-102.28054843961927,95.37815443837884
TS298,1.0,2.399827721492203,-103.21844671030314,94.58228045430695
TS298,1.0,2.4085543677521746,-104.15733078524613,93.78368188230355
TS298,1.0,2.4172810140121466,-105.09728642516681,92.98222453661748
TS298,1.0,2.426007660272118,-106.03839782743049,92.17777293066631
TS298,1.0,2.4347343065320897,-106.98074757088987,91.37019021673973
TS298,1.0,2.443460952792061,-107.92441655489571,90.55933812623616
TS298,1.0,2.452187599052033,-108.86948393222467,89.74507691050599
TS298,1.0,2.4609142453120048,-109.8160270356584,88.9272652823874
TS298,1.0,2.4696408915719763,-110.76412129793569,88.10576035853003
TS298,1.0,2.478367537831948,-111.71384016478692,87.28041760261685
TS298,1.0,2.4870941840919194,-112.66525500074872,86.45109076960605
TS298,1.0,2.4958208303518914,-113.61843498744395,85.61763185112937
TS298,1.0,2.504547476611863,-114.5734470140009,84.77989102219958
TS298,1.0,2.5132741228718345,-115.5303555592758,83.93771658939447
TS298,1.0,2.522000769131806,-116.48922256552973,83.0909549407038
TS298,1.0,2.530727415391778,-117.45010730320429,82.2394504972429
TS298,1.0,2.5394540616517496,-118.41306622642988,81.38304566705703
TS298,1.0,2.548180707911721,-119.37815281889426,80.52158080126094
TS298,1.0,2.5569073541716927,-120.34541742969229,79.65489415278167
TS298,1.0,2.5656340004316642,-121.31490709877393,78.7828218379944
TS298,1.0,2.5743606466916362,-122.2866653716055,77.90519780156735
TS298,1.0,2.5830872929516078,-123.26073210265913,77.02185378485784
TS298,1.0,2.5918139392115793,-124.23714324734813,76.13261929822858
TS298,1.0,2.600540585471551,-125.21593064203226,75.2373215976836
TS298,1.0,2.609267231731523,-126.19712177172549,74.33578566625229
TS298,1.0,2.6179938779914944,-127.18073952515361,73.42783420058309
TS298,1.0,2.626720524251466,-128.16680193682663,72.51328760324009
TS298,1.0,2.6354471705114375,-129.1553219158134,71.59196398123157
TS298,1.0,2.644173816771409,-130.1463069609357,70.66367915133365
TS298,1.0,2.652900463031381,-131.13975886213487,69.72824665280908
TS298,1.0,2.6616271092913526,-132.13567338780504,68.78547776815854
TS298,1.0,2.670353755551324,-133.13403995794013,67.8351815525787
TS298,1.0,2.6790804018112957,-134.13484130299756,66.8771648728404
TS298,1.0,2.6878070480712677,-135.1380531084544,65.9112324563373
TS298,1.0,2.6965336943312392,-136.14364364510766,64.93718695109371
TS298,1.0,2.705260340591211,-137.15157338526393,63.95482899755587
TS298,1.0,2.7139869868511823,-138.1617946050647,62.963957313028224
TS298,1.0,2.722713633111154,-139.17425097331088,61.9643687896475
TS298,1.0,2.731440279371126,-140.18887712728247,60.95585860682018
TS298,1.0,2.7401669256310974,-141.20559823619163,59.938220359074734
TS298,1.0,2.748893571891069,-142.22432955307414,58.91124620030392
TS298,1.0,2.7576202181510405,-143.24497595609975,57.8747270053908
TS298,1.0,2.7663468644110125,-144.26743148048044,56.828452550222146
TS298,1.0,2.775073510670984,-145.2915788423716,55.772211711099
TS298,1.0,2.7838001569309556,-146.31728895639338,54.7057926845467
TS298,1.0,2.792526803190927,-147.34442044865497,53.62898322851479
TS298,1.0,2.8012534494508987,-148.3728191674348,52.54157092592746
TS298,1.0,2.8099800957108707,-149.40231769396365,51.44334347150681
TS298,1.0,2.8187067419708423,-150.43273485606386,50.334088982735345
TS298,1.0,2.827433388230814,-151.4638752477288,49.21359633575088
TS298,1.0,2.8361600344907854,-152.495528758065,48.08165552687814
TS298,1.0,2.8448866807507573,-153.52747011337817,46.9380580603872
TS298,1.0,2.853613327010729,-154.55945843654948,45.78259736293669
TS298,1.0,2.8623399732707004,-155.59123682822425,44.61506922499921
TS298,1.0,2.871066619530672,-156.62253197470977,43.43527226938389
TS298,1.0,2.8797932657906435,-157.6530537878574,42.24300844675678
TS298,1.0,2.8885199120506155,-158.68249508256824,41.03808355781922
TS298,1.0,2.897246558310587,-159.71053129791798,39.8203078015332
TS298,1.0,2.9059732045705586,-160.7368202682243,38.58949634847896
TS298,1.0,2.91469985083053,-161.76100205067925,37.34546993809886
TS298,1.0,2.923426497090502,-162.7826988164285,36.08805549821538
TS298,1.0,2.9321531433504737,-163.80151481218434,34.8170867848191
TS298,1.0,2.9408797896104453,-164.81703639960287,33.53240503969877
TS298,1.0,2.949606435870417,-165.82883217972298,32.233859663041414
TS298,1.0,2.9583330821303884,-166.8364532097464,30.921308897659063
TS298,1.0,2.9670597283903604,-167.83943331931627,29.59462052101476
TS298,1.0,2.975786374650332,-168.83728953321787,28.253672540723727
TS298,1.0,2.9845130209103035,-169.82952260706642,26.89835388870342
TS298,1.0,2.993239667170275,-170.81561768204853,25.528565108651968
TS298,1.0,3.001966313430247,-171.79504506414003,24.14421903104917
TS298,1.0,3.0106929596902186,-172.7672611324203,22.74524142941695
TS298,1.0,3.01941960595019,-173.73170938014195,21.331571651151773
TS298,1.0,3.0281462522101616,-174.6878215910814,19.90316321586921
TS298,1.0,3.036872898470133,-175.63501915240286,18.45998437388579
TS298,1.0,3.045599544730105,-176.57271450381,17.002018617227574
TS298,1.0,3.0543261909900767,-177.50031272114614,15.529265135406646
TS298,1.0,3.0630528372500483,-178.41721323085608,14.041739208160294
TS298,1.0,3.07177948351002,-179.32281164984647,12.539472527420394
TS298,1.0,3.080506129769992,-180.2165017433129,11.022513440975317
TS298,1.0,3.0892327760299634,-181.09767749106445,9.49092711062308
TS298,1.0,3.097959422289935,-181.96573525080208,7.944795578090703
TS298,1.0,3.1066860685499065,-182.820076004745,6.384217732625532
TS298,1.0,3.115412714809878,-183.6601076739794,4.809309174939301
TS298,1.0,3.12413936106985,-184.48524748298732,3.22020197311382
TS298,1.0,3.1328660073298216,-185.29492435503698,1.6170443071450629
TS298,1.0,3.141592653589793,-186.08858131753684,2.2789278546839342e-14
TS298,1.0,3.1503192998497647,-186.8656778951194,-1.6307520656211827
TS298,1.0,3.1590459461097367,-187.62569246717635,-3.2750186442163716
TS298,1.0,3.167772592369708,-188.36812456584994,-4.932592936016185
TS298,1.0,3.1764992386296798,-189.09249709014549,-6.603255503503935
TS298,1.0,3.1852258848896513,-189.79835841187767,-8.286775290750269
TS298,1.0,3.193952531149623,-190.48528434963544,-9.982910738862985
TS298,1.0,3.202679177409595,-191.15287998784686,-11.691410989367805
TS298,1.0,3.2114058236695664,-191.8007813193439,-13.412017165936124
TS298,1.0,3.220132469929538,-192.42865669156134,-15.14446372359439
TS298,1.0,3.2288591161895095,-193.0362080386201,-16.888479853411056
TS298,1.0,3.2375857624494815,-193.62317188401565,-18.643790929700312
TS298,1.0,3.246312408709453,-194.1893201013994,-20.410119986019247
TS298,1.0,3.2550390549694246,-194.73446042396094,-22.187189205696683
TS298,1.0,3.263765701229396,-195.25843669611652,-23.97472141232022
TS298,1.0,3.2724923474893677,-195.7611288645256,-25.77244154554279
TS298,1.0,3.2812189937493397,-196.2424527088107,-27.580078107740853
TS298,1.0,3.2899456400093112,-196.70235931568547,-29.397364567465125
TS298,1.0,3.2986722862692828,-197.14083430341586,-31.224040706258638
TS298,1.0,3.3073989325292543,-197.55789680659854,-33.059853896254
TS298,1.0,3.3161255787892263,-197.95359823406503,-34.90456029698923
TS298,1.0,3.324852225049198,-198.32802081526512,-36.75792596106271
TS298,1.0,3.3335788713091694,-198.681275952702,-38.61972783956255
TS298,1.0,3.342305517569141,-199.01350239985078,-40.48975467961351
TS298,1.0,3.351032163829113,-199.3248642854732,-42.36780780786402
TS298,1.0,3.3597588100890845,-199.61554900632828,-44.253701795243195
TS298,1.0,3.368485456349056,-199.88576501097623,-46.147264999833446
TS298,1.0,3.3772121026090276,-200.1357394976903,-48.048339986186825
TS298,1.0,3.385938748868999,-200.36571604944405,-49.956783820851676
TS298,1.0,3.394665395128971,-200.57595222856304,-51.872468245233456
TS298,1.0,3.4033920413889427,-200.76671715295103,-53.795279728180866
TS298,1.0,3.4121186876489142,-200.93828907485656,-55.725119401848595
TS298,1.0,3.420845333908886,-201.09095298198548,-57.66190288542569
TS298,1.0,3.429571980168858,-201.22499823942596,-59.60556000223884
TS298,1.0,3.4382986264288293,-201.3407162893799,-61.556034396526925
TS298,1.0,3.447025272688801,-201.4383984241337,-63.513283056851485
TS298,1.0,3.4557519189487724,-201.5183336460873,-65.47727575364813
TS298,1.0,3.464478565208744,-201.58080662703566,-67.44799439885857
TS298,1.0,3.473205211468716,-201.6260957772902,-69.42543233590781
TS298,1.0,3.4819318577286875,-201.6544714336699,-71.40959356852362
TS298,1.0,3.490658503988659,-201.6661941739055,-73.40049193704982
TS298,1.0,3.4993851502486306,-201.6615132636064,-75.39815025098412
TS298,1.0,3.5081117965086026,-201.64066524064594,-77.4025993864999
TS298,1.0,3.516838442768574,-201.60387264064684,-79.41387735769149
TS298,1.0,3.5255650890285457,-201.55134286618505,-81.43202837023239
TS298,1.0,3.5342917352885173,-201.4832672013895,-83.4571018660577
TS298,1.0,3.543018381548489,-201.3998199727865,-85.48915156759598
TS298,1.0,3.551745027808461,-201.30115785651432,-87.52823452997681
TS298,1.0,3.5604716740684323,-201.18741933140976,-89.57441020954074
TS298,1.0,3.569198320328404,-201.05872427692566,-91.62773955688169
TS298,1.0,3.5779249665883754,-200.91517371436763,-93.68828414255145
TS298,1.0,3.5866516128483474,-200.756849689519,-95.75610532346283
TS298,1.0,3.595378259108319,-200.58381529434166,-97.8312634579259
TS298,1.0,3.6041049053682905,-200.39611482507453,-99.91381717714576
TS298,1.0,3.612831551628262,-200.19377407368927,-102.00382272088262
TS298,1.0,3.6215581978882336,-199.97680074927752,-104.10133334482558
TS298,1.0,3.6302848441482056,-199.74518502552664,-106.20639880703972
TS298,1.0,3.639011490408177,-199.49890020996625,-108.31906494060092
TS298,1.0,3.6477381366681487,-199.2379035301252,-110.43937331922196
TS298,1.0,3.6564647829281203,-198.96213703111076,-112.56736102226729
TS298,1.0,3.6651914291880923,-198.6715285783953,-114.703060505051
TS298,1.0,3.673918075448064,-198.36599295875845,-116.8464995796708
TS298,1.0,3.6826447217080354,-198.0454330713788,-118.99770151084992
TS298,1.0,3.691371367968007,-197.70974119998584,-121.15668523029325
TS298,1.0,3.7000980142279785,-197.35880035577,-123.32346567191232
TS298,1.0,3.7088246604879505,-196.9924856794026,-125.4980542288934
TS298,1.0,3.717551306747922,-196.6106658890372,-127.68045933195953
TS298,1.0,3.7262779530078936,-196.21320475955588,-129.87068714628376
TS298,1.0,3.735004599267865,-195.79996261659187,-132.06874238231993
TS298,1.0,3.743731245527837,-195.3707978270066,-134.27462921330712
TS298,1.0,3.7524578917878086,-194.92556826554932,-136.48835228934902
TS298,1.0,3.76118453804778,-194.46413273536857,-138.70991783474153
TS298,1.0,3.7699111843077517,-193.98635231791613,-140.93933481159735
TS298,1.0,3.7786378305677233,-193.49209162557025,-143.1766161287675
TS298,1.0,3.7873644768276953,-192.98121992803928,-145.4217798705521
TS298,1.0,3.796091123087667,-192.45361212128452,-147.67485051469637
TS298,1.0,3.8048177693476384,-191.90914950533434,-149.9358601036464
TS298,1.0,3.81354441560761,-191.3477203349509,-152.20484932693088
TS298,1.0,3.822271061867582,-190.7692201046556,-154.4818684658141
TS298,1.0,3.8309977081275535,-190.1735515271123,-156.76697814393705
TS298,1.0,3.839724354387525,-189.56062416129132,-159.0602498194745
TS298,1.0,3.8484510006474966,-188.93035364418054,-161.36176594527683
TS298,1.0,3.857177646907468,-188.28266047704358,-163.67161971344933
TS298,1.0,3.86590429316744,-187.61746831432242,-165.98991428970533
TS298,1.0,3.8746309394274117,-186.93470170022002,-168.3167614304884
TS298,1.0,3.883357585687383,-186.2342831947491,-170.6522793621377
TS298,1.0,3.8920842319473548,-185.5161298275872,-172.99658978609807
TS298,1.0,3.9008108782073267,-184.7801488144402,-175.3498138572063
TS298,1.0,3.9095375244672983,-184.02623246682165,-177.7120669632468
TS298,1.0,3.91826417072727,-183.25425222229399,-180.08345211316063
TS298,1.0,3.9269908169872414,-182.46405171843185,-182.4640517184318
TS298,1.0,3.935717463247213,-181.65543883031154,-184.85391752732056
TS298,1.0,3.944444109507185,-180.82817658856993,-187.25305844493835
TS298,1.0,3.9531707557671565,-179.98197289355966,-189.66142594409004
TS298,1.0,3.961897402027128,-179.1164689416119,-192.07889674309246
TS298,1.0,3.9706240482870996,-178.23122628296284,-194.50525239859823
TS298,1.0,3.9793506945470716,-177.3257124389045,-196.94015543565007
TS298,1.0,3.988077340807043,-176.3992850200514,-199.383121616391
TS298,1.0,3.9968039870670147,-175.45117431065307,-201.83348793680167
TS298,1.0,4.005530633326987,-174.48046431867874,-204.2903759426395
TS298,1.0,4.014257279586958,-173.48607234169526,-206.75264997827426
TS298,1.0,4.02298392584693,-172.46672716889736,-209.21887003430263
TS298,1.0,4.031710572106901,-171.42094613535477,-211.6872389530976
TS298,1.0,4.040437218366873,-170.34701137158544,-214.1555438999893
TS298,1.0,4.049163864626845,-169.24294575634096,-216.62109222853587
TS298,1.0,4.057890510886816,-168.10648928918076,-219.0806421809186
TS298,1.0,4.066617157146788,-166.9350768571463,-221.53032929008117
TS298,1.0,4.075343803406759,-165.72581867917575,-223.96558990997644
TS298,1.0,4.084070449666731,-164.47548507075035,-226.38108401210712
TS298,1.0,4.092797095926703,-163.18049757015095,-228.7706202602731
TS298,1.0,4.101523742186674,-161.83692888606893,-231.12708740590452
TS298,1.0,4.110250388446646,-160.4405145286831,-233.44239720408652
TS298,1.0,4.118977034706618,-158.9866793181494,-235.7074452705402
TS298,1.0,4.127703680966589,-157.4705821495046,-237.91209747049786
TS298,1.0,4.136430327226561,-155.8871823332573,-240.04521038275863
TS298,1.0,4.145156973486532,-154.2313304117794,-242.09469488701203
TS298,1.0,4.153883619746504,-152.49788545445895,-244.04763169851756
TS298,1.0,4.162610266006476,-150.68185935938857,-245.8904464153214
TS298,1.0,4.171336912266447,-148.77858658698798,-247.60914906983393
TS298,1.0,4.180063558526419,-146.78391506269065,-249.18963911222318
TS298,1.0,4.1887902047863905,-144.69441088178112,-250.61807121849165
TS298,1.0,4.1975168510463625,-142.50756625295546,-251.88127062143602
TS298,1.0,4.2062434973063345,-140.22199729819792,-252.96717946548975
TS298,1.0,4.214970143566306,-137.83761644976974,-253.86530897743216
TS298,1.0,4.223696789826278,-135.35576380781404,-254.56716723052307
TS298,1.0,4.232423436086249,-132.7792833548391,-255.06663015668565
TS298,1.0,4.241150082346221,-130.11253348751526,-255.3602251204881
TS298,1.0,4.249876728606193,-127.36132665659042,-255.44730210533865
TS298,1.0,4.258603374866164,-124.53279934388569,-255.33007689739222
TS298,1.0,4.267330021126136,-121.63522020592178,-255.01354234640593
TS298,1.0,4.276056667386108,-118.67774994480791,-254.5052560671437
TS298,1.0,4.284783313646079,-115.67017044826524,-253.8150239184424
TS298,1.0,4.293509959906051,-112.62260244375555,-252.95450666146988
TS298,1.0,4.302236606166022,-109.54523026030752,-251.93678139944765
TS298,1.0,4.310963252425994,-106.44804963640944,-250.77588957325938
TS298,1.0,4.319689898685966,-103.34065050144923,-249.48639998505692
TS298,1.0,4.328416544945937,-100.23204205615055,-248.0830095842473
TS298,1.0,4.337143191205909,-97.13052299247497,-246.58019779962027
TS298,1.0,4.34586983746588,-94.0435958566604,-244.99194317066897
TS298,1.0,4.354596483725852,-90.97792167362792,-243.33150478107618
TS298,1.0,4.363323129985824,-87.93930910312214,-241.61126604326853
TS298,1.0,4.372049776245795,-84.93273150749204,-239.84263491327965
TS298,1.0,4.380776422505767,-81.96236519734296,-238.03599256616175
TS298,1.0,4.389503068765738,-79.03164256419136,-236.2006817124695
TS298,1.0,4.39822971502571,-76.14331459481839,-234.34502579442864
TS298,1.0,4.406956361285682,-73.29951821005317,-232.47637097073238
TS298,1.0,4.4156830075456535,-70.50184484601904,-230.60114382256367
TS298,1.0,4.4244096538056255,-67.75140760851419,-228.72491888726196
TS298,1.0,4.4331363000655974,-65.04890512976097,-226.85249130556568
TS298,1.0,4.4418629463255686,-62.39468091938693,-224.98795096161393
TS298,1.0,4.4505895925855405,-59.788777526625985,-223.13475545180057
TS298,1.0,4.459316238845512,-57.23098522914693,-221.2958000194983
TS298,1.0,4.468042885105484,-54.72088525282239,-219.47348323822277
TS298,1.0,4.476769531365456,-52.257887725555776,-217.66976772866857
TS298,1.0,4.485496177625427,-49.84126469585385,-215.88623557390133
TS298,1.0,4.494222823885399,-47.470178620208536,-214.12413837253146
TS298,1.0,4.50294947014537,-45.14370675691113,-212.38444206202956
TS298,1.0,4.511676116405342,-42.86086190937015,-210.66786677161258
TS298,1.0,4.520402762665314,-40.62060994854533,-208.97492204195265
TS298,1.0,4.529129408925285,-38.421884518661145,-207.30593779014242
TS298,1.0,4.537856055185257,-36.263599298107735,-205.66109141325995
TS298,1.0,4.546582701445229,-34.1446581520088,-204.0404314205236
TS298,1.0,4.5553093477052,-32.063963476868075,-202.44389796856083
TS298,1.0,4.564035993965172,-30.020423002683582,-200.87134065133392
TS298,1.0,4.572762640225143,-28.012955284956476,-199.32253386908147
TS298,1.0,4.581489286485115,-26.04049408870009,-197.79719007163862
TS298,1.0,4.590215932745087,-24.10199183915894,-196.29497114232746
TS298,1.0,4.598942579005058,-22.19642228948571,-194.81549816033325
TS298,1.0,4.60766922526503,-20.3227825340435,-193.35835975279932
TS298,1.0,4.616395871525001,-18.480094477100913,-191.92311922316028
TS298,1.0,4.625122517784973,-16.667405850246652,-190.50932061966944
TS298,1.0,4.633849164044945,-14.883790857651075,-189.1164938877205
TS298,1.0,4.642575810304916,-13.128350516062014,-187.7441592313339
TS298,1.0,4.651302456564888,-11.400212745945364,-186.3918307929963
TS298,1.0,4.6600291028248595,-9.698532261223093,-185.0590197467379
TS298,1.0,4.6687557490848315,-8.022490297423593,-183.7452368867535
TS298,1.0,4.6774823953448035,-6.371294211582816,-182.4499947828607
TS298,1.0,4.686209041604775,-4.744176981724347,-181.17280956446373
TS298,1.0,4.694935687864747,-3.1403966290966054,-179.9132023863109
TS298,1.0,4.703662334124719,-1.5592355824108355,-178.6707006220529
TS298,1.0,4.71238898038469,-3.259608808388961e-14,-177.44483882528024
TS298,1.0,4.721115626644662,1.5379809369721653,-176.235159492248
TS298,1.0,4.729842272904633,3.055355749475095,-175.04121365575222
TS298,1.0,4.738568919164605,4.552751394949911,-173.86256133552146
TS298,1.0,4.747295565424577,6.030774003873741,-172.69877186694998
TS298,1.0,4.756022211684548,7.490009612794264,-171.5494241269367
TS298,1.0,4.76474885794452,8.931024889233008,-170.41410667295736
TS298,1.0,4.773475504204491,10.35436784482243,-169.29241780922158
TS298,1.0,4.782202150464463,11.760568533851563,-168.18396559179934
TS298,1.0,4.790928796724435,13.150139735055046,-167.08836778291504
TS298,1.0,4.799655442984406,14.523577615041729,-166.00525176314136
TS298,1.0,4.808382089244378,15.881362372210765,-164.9342544089736
TS298,1.0,4.817108735504349,17.223958860378737,-163.87502194218035
TS298,1.0,4.825835381764321,18.551817191653907,-162.8272097563901
TS298,1.0,4.834562028024293,19.865373318336538,-161.79048222557572
TS298,1.0,4.843288674284264,21.165049593834503,-160.76451249840062
TS298,1.0,4.852015320544236,22.451255312741495,-159.74898228179842
TS298,1.0,4.860741966804208,23.724387230354562,-158.74358161664443
TS298,1.0,4.869468613064179,24.98483006201317,-157.7480086479344
TS298,1.0,4.878195259324151,26.23295696271666,-156.76196939150836
TS298,1.0,4.886921905584122,27.469129987536313,-155.78517749903068
TS298,1.0,4.895648551844094,28.69370053338635,-154.8173540226563
TS298,1.0,4.904375198104066,29.907009762741243,-153.85822718057346
TS298,1.0,4.9131018443640375,31.109389009913535,-152.90753212440598
TS298,1.0,4.9218284906240095,32.301160170512844,-151.96501070928085
TS298,1.0,4.930555136883981,33.4826360747102,-151.03041126721757
TS298,1.0,4.939281783143953,34.654120844934496,-150.1034883843615
TS298,1.0,4.948008429403925,35.815910238614144,-149.18400268247834
TS298,1.0,4.956735075663896,36.9682919765734,-148.27172060502693
TS298,1.0,4.965461721923868,38.11154605767573,-147.3664142080511
TS298,1.0,4.974188368183839,39.245945060290744,-146.46786095606214
TS298,1.0,4.982915014443811,40.37175443114897,-145.57584352302393
TS298,1.0,4.991641660703783,41.48923276212345,-144.69014959850665
TS298,1.0,5.000368306963754,42.59863205546504,-143.81057169903198
TS298,1.0,5.009094953223726,43.700197977994534,-142.93690698459878
TS298,1.0,5.017821599483698,44.79417010473521,-142.06895708035162
TS298,1.0,5.026548245743669,45.88078215245232,-141.2065279033268
TS298,1.0,5.035274892003641,46.96026220354387,-140.34942949419496
TS298,1.0,5.044001538263612,48.03283292070701,-139.49747585390284
TS298,1.0,5.052728184523584,49.09871175278906,-138.6504847851005
TS298,1.0,5.061454830783556,50.15811113220788,-137.80827773823654
TS298,1.0,5.070181477043527,51.21123866431374,-136.97067966219004
TS298,1.0,5.078908123303499,52.25829730904301,-136.13751885930543
TS298,1.0,5.08763476956347,53.299485555197634,-135.3086268446928
TS298,1.0,5.096361415823442,54.33499758767065,-134.4838382096498
TS298,1.0,5.105088062083414,55.36502344791641,-133.6629904890641
TS298,1.0,5.113814708343385,56.389749187954735,-132.84592403265134
TS298,1.0,5.122541354603357,57.40935701817912,-132.03248187988476
TS298,1.0,5.1312680008633285,58.42402544922504,-131.2225096384754
TS298,1.0,5.1399946471233005,59.43392942814414,-130.41585536625857
TS298,1.0,5.1487212933832724,60.43924046911115,-129.61236945635017
TS298,1.0,5.1574479396432436,61.44012677888299,-128.8119045254332
TS298,1.0,5.1661745859032155,62.43675337721398,-128.01431530504092
TS298,1.0,5.1749012321631875,63.42928221241871,-127.21945853570502
TS298,1.0,5.183627878423159,64.41787227226622,-126.4271928638387
TS298,1.0,5.192354524683131,65.40267969037477,-125.63737874122994
TS298,1.0,5.201081170943102,66.38385784826582,-124.84987832702245
TS298,1.0,5.209807817203074,67.36155747322971,-124.064555392064
TS298,1.0,5.218534463463046,68.33592673213887,-123.28127522550753
TS298,1.0,5.227261109723017,69.30711132134203,-122.49990454355205
TS298,1.0,5.235987755982989,70.27525455275801,-121.7203114002129
TS298,1.0,5.24471440224296,71.24049743628073,-120.9423651000187
TS298,1.0,5.253441048502932,72.20297875860017,-120.16593611252854
TS298,1.0,5.262167694762904,73.16283515853078,-119.39089598857392
TS298,1.0,5.270894341022875,74.12020119893593,-118.6171172781271
TS298,1.0,5.279620987282847,75.07520943532462,-117.84447344970398
TS298,1.0,5.288347633542818,76.02799048118992,-117.0728388112131
TS298,1.0,5.29707427980279,76.97867307015257,-116.30208843216215
TS298,1.0,5.305800926062762,77.92738411496161,-115.53209806714177
TS298,1.0,5.314527572322733,78.8742487634002,-114.76274408050381
TS298,1.0,5.323254218582705,79.81939045113464,-113.99390337215851
TS298,1.0,5.331980864842677,80.76293095153662,-113.22545330441677
TS298,1.0,5.340707511102648,81.7049904225044,-112.45727162980549
TS298,1.0,5.34943415736262,82.64568745029753,-111.68923641978836
TS298,1.0,5.358160803622591,83.58513909039307,-110.92122599432794
TS298,1.0,5.366887449882563,84.52346090536646,-110.1531188522253
TS298,1.0,5.375614096142535,85.4607669997872,-109.38479360217997
TS298,1.0,5.3843407424025065,86.39717005211773,-108.61612889451277
TS298,1.0,5.3930673886624785,87.33278134359212,-107.84700335349926
TS298,1.0,5.40179403492245,88.26771078404353,-107.07729551026475
TS298,1.0,5.410520681182422,89.20206693464472,-106.30688373619206
TS298,1.0,5.419247327442394,90.1359570275129,-105.5356461768019
TS298,1.0,5.427973973702365,91.06948698212614,-104.76346068606298
TS298,1.0,5.436700619962337,92.00276141848812,-103.99020476109678
TS298,1.0,5.445427266222308,92.93588366696828,-103.21575547724505
TS298,1.0,5.45415391248228,93.86895577473952,-102.43998942346875
TS298,1.0,5.462880558742252,94.80207850872112,-101.66278263805592
TS298,1.0,5.471607205002223,95.73535135493027,-100.88401054461542
TS298,1.0,5.480333851262195,96.66887251413357,-100.10354788834128
TS298,1.0,5.489060497522167,97.60273889367906,-99.32126867253574
TS298,1.0,5.497787143782138,98.53704609538325,-98.53704609538329
TS298,1.0,5.50651379004211,99.4718883993334,-97.75075248697426
TS298,1.0,5.515240436302081,100.40735874345596,-96.96225924658242
TS298,1.0,5.523967082562053,101.34354869869382,-96.17143678020433
TS298,1.0,5.532693728822025,102.28054843961931,-95.37815443837881
TS298,1.0,5.541420375081996,103.21844671030313,-94.58228045430697
TS298,1.0,5.550147021341968,104.15733078524616,-93.78368188230354
TS298,1.0,5.558873667601939,105.09728642516674,-92.98222453661752
TS298,1.0,5.567600313861911,106.03839782743047,-92.17777293066632
TS298,1.0,5.576326960121883,106.98074757088992,-91.3701902167397
TS298,1.0,5.585053606381854,107.92441655489569,-90.55933812623617
TS298,1.0,5.593780252641826,108.86948393222467,-89.745076910506
TS298,1.0,5.602506898901797,109.81602703565835,-88.92726528238745
TS298,1.0,5.611233545161769,110.76412129793567,-88.10576035853003
TS298,1.0,5.619960191421741,111.71384016478697,-87.28041760261686
TS298,1.0,5.6286868376817125,112.6652550007487,-86.45109076960607
TS298,1.0,5.6374134839416845,113.61843498744396,-85.6176318511294
TS298,1.0,5.6461401302016565,114.57344701400093,-84.77989102219955
TS298,1.0,5.654866776461628,115.53035555927578,-83.93771658939446
TS298,1.0,5.6635934227216,116.48922256552976,-83.09095494070377
TS298,1.0,5.672320068981571,117.45010730320423,-82.23945049724297
TS298,1.0,5.681046715241543,118.41306622642986,-81.38304566705705
TS298,1.0,5.689773361501515,119.37815281889432,-80.52158080126091
TS298,1.0,5.698500007761486,120.34541742969228,-79.65489415278168
TS298,1.0,5.707226654021458,121.31490709877397,-78.78282183799438
TS298,1.0,5.715953300281429,122.28666537160544,-77.9051978015674
TS298,1.0,5.724679946541401,123.2607321026591,-77.02185378485785
TS298,1.0,5.733406592801373,124.23714324734814,-76.13261929822855
TS298,1.0,5.742133239061344,125.21593064203225,-75.23732159768362
TS298,1.0,5.750859885321316,126.19712177172548,-74.3357856662523
TS298,1.0,5.759586531581287,127.18073952515353,-73.42783420058316
TS298,1.0,5.768313177841259,128.16680193682666,-72.51328760324012
TS298,1.0,5.777039824101231,129.15532191581346,-71.59196398123154
TS298,1.0,5.785766470361202,130.14630696093568,-70.66367915133367
TS298,1.0,5.794493116621174,131.13975886213487,-69.72824665280909
TS298,1.0,5.803219762881146,132.1356733878051,-68.78547776815851
TS298,1.0,5.811946409141117,133.13403995794013,-67.83518155257872
TS298,1.0,5.820673055401089,134.13484130299761,-66.87716487284037
TS298,1.0,5.82939970166106,135.13805310845433,-65.91123245633736
TS298,1.0,5.838126347921032,136.14364364510763,-64.93718695109371
TS298,1.0,5.846852994181004,137.151573385264,-63.95482899755584
TS298,1.0,5.8555796404409755,138.16179460506464,-62.96395731302822
TS298,1.0,5.8643062867009474,139.17425097331093,-61.964368789647466
TS298,1.0,5.8730329329609186,140.1888771272824,-60.95585860682024
TS298,1.0,5.8817595792208905,141.2055982361916,-59.93822035907474
TS298,1.0,5.8904862254808625,142.2243295530742,-58.911246200303886
TS298,1.0,5.899212871740834,143.24497595609972,-57.87472700539081
TS298,1.0,5.907939518000806,144.26743148048044,-56.82845255022216
TS298,1.0,5.916666164260777,145.2915788423715,-55.77221171109906
TS298,1.0,5.925392810520749,146.31728895639338,-54.70579268454672
TS298,1.0,5.934119456780721,147.34442044865497,-53.62898322851475
TS298,1.0,5.942846103040692,148.37281916743478,-52.541570925927466
TS298,1.0,5.951572749300664,149.40231769396362,-51.443343471506815
TS298,1.0,5.960299395560636,150.43273485606386,-50.3340889827353
TS298,1.0,5.969026041820607,151.46387524772877,-49.21359633575089
TS298,1.0,5.977752688080579,152.49552875806506,-48.081655526878095
TS298,1.0,5.98647933434055,153.5274701133781,-46.93805806038727
TS298,1.0,5.995205980600522,154.55945843654945,-45.782597362936706
TS298,1.0,6.003932626860494,155.59123682822425,-44.61506922499916
TS298,1.0,6.012659273120465,156.6225319747098,-43.43527226938391
TS298,1.0,6.021385919380437,157.65305378785746,-42.24300844675675
TS298,1.0,6.030112565640408,158.68249508256815,-41.0380835578193
TS298,1.0,6.03883921190038,159.71053129791798,-39.82030780153322
TS298,1.0,6.047565858160352,160.73682026822436,-38.58949634847891
TS298,1.0,6.056292504420323,161.76100205067922,-37.34546993809887
TS298,1.0,6.065019150680295,162.78269881642848,-36.088055498215404
TS298,1.0,6.073745796940266,163.80151481218428,-34.81708678481918
TS298,1.0,6.082472443200238,164.81703639960287,-33.53240503969879
TS298,1.0,6.09119908946021,165.82883217972298,-32.233859663041365
TS298,1.0,6.0999257357201815,166.8364532097464,-30.921308897659085
TS298,1.0,6.1086523819801535,167.83943331931627,-29.59462052101478
TS298,1.0,6.1173790282401255,168.83728953321793,-28.253672540723684
TS298,1.0,6.126105674500097,169.8295226070664,-26.898353888703433
TS298,1.0,6.134832320760069,170.81561768204855,-25.528565108651918
TS298,1.0,6.14355896702004,171.79504506413994,-24.14421903104926
TS298,1.0,6.152285613280012,172.76726113242026,-22.745241429416964
TS298,1.0,6.161012259539984,173.73170938014198,-21.33157165115172
TS298,1.0,6.169738905799955,174.68782159108136,-19.903163215869228
TS298,1.0,6.178465552059927,175.63501915240292,-18.45998437388574
TS298,1.0,6.187192198319898,176.57271450380995,-17.00201861722767
TS298,1.0,6.19591884457987,177.50031272114612,-15.529265135406666
TS298,1.0,6.204645490839842,178.41721323085613,-14.04173920816024
TS298,1.0,6.213372137099813,179.32281164984644,-12.539472527420411
TS298,1.0,6.222098783359785,180.21650174331293,-11.022513440975342
TS298,1.0,6.230825429619756,181.0976774910644,-9.49092711062318
TS298,1.0,6.239552075879728,181.96573525080208,-7.944795578090726
TS298,1.0,6.2482787221397,182.82007600474503,-6.3842177326254745
TS298,1.0,6.257005368399671,183.66010767397938,-4.809309174939323
TS298,1.0,6.265732014659643,184.48524748298732,-3.2202019731138423
TS298,1.0,6.274458660919615,185.29492435503704,-1.6170443071450036
TS298,1.0,6.283185307179586,186.0885813175368,-4.557855709367868e-14
TS298,2.0,0.0,201.66600245089762,0.0
TS298,2.0,0.008726646259971648,202.50734503189486,1.76725482675092
TS298,2.0,0.017453292519943295,203.32748357710645,3.5490944275294876
TS298,2.0,0.026179938779914945,204.12577713629904,5.345221590340457
TS298,2.0,0.03490658503988659,204.90162007846487,7.155322243245739
TS298,2.0,0.04363323129985824,205.65444533752935,8.979066996763583
TS298,2.0,0.05235987755982989,206.38372743738336,10.816112835149722
TS298,2.0,0.061086523819801536,207.08898525657744,12.666104942597292
TS298,2.0,0.06981317007977318,207.76978449567937,14.52867864797306
TS298,2.0,0.07853981633974483,208.42573981377586,16.403461469527993
TS298,2.0,0.08726646259971647,209.05651660482897,18.290075239141625
TS298,2.0,0.09599310885968812,209.66183238949895,20.188138284136727
TS298,2.0,0.10471975511965978,210.24145780349542,22.097267643577375
TS298,2.0,0.11344640137963143,210.7952171693975,24.01708129527277
TS298,2.0,0.12217304763960307,211.32298864504097,25.94720036947085
TS298,2.0,0.1308996938995747,211.8247039478526,27.887251325445504
TS298,2.0,0.13962634015954636,212.30034766076182,29.836868067851363
TS298,2.0,0.14835298641951802,212.74995613138034,31.795693980817806
TS298,2.0,0.15707963267948966,213.17361598187065,33.763383859246204
TS298,2.0,0.16580627893946132,213.5714622521772,35.73960571861325
TS298,2.0,0.17453292519943295,213.94367620397477,37.724042466716334
TS298,2.0,0.1832595714594046,214.2904828166839,39.71639342316157
TS298,2.0,0.19198621771937624,214.61214801015998,41.71637567492469
TS298,2.0,0.2007128639793479,214.90897563112975,43.72372525894512
TS298,2.0,0.20943951023931956,215.18130424211208,45.738198165374286
TS298,2.0,0.2181661564992912,215.42950375243055,47.759571157731045
TS298,2.0,0.22689280275926285,215.65397193102697,49.78764240875916
TS298,2.0,0.23561944901923448,215.8551308401784,51.82223195318611
TS298,2.0,0.24434609527920614,216.0334232279652,53.86318196080416
TS298,2.0,0.2530727415391778,216.1893089155199,55.9103568353011
TS298,2.0,0.2617993877991494,216.32326121279485,57.96364314603518
TS298,2.0,0.27052603405912107,216.43576339391288,60.02294940145996
TS298,2.0,0.2792526803190927,216.5273052602122,62.0882056741547
TS298,2.0,0.2879793265790644,216.59837981594774,64.15936308840598
TS298,2.0,0.29670597283903605,216.64948007836944,66.23639318202436
TS298,2.0,0.30543261909900765,216.6810960406308,68.3192871545816
TS298,2.0,0.3141592653589793,216.69371180277315,70.408055014538
TS298,2.0,0.32288591161895097,216.68780288293974,72.50272463781947
TS298,2.0,0.33161255787892263,216.66383371804974,74.60334075032497
TS298,2.0,0.34033920413889424,216.62225536045378,76.70996384662423
TS298,2.0,0.3490658503988659,216.56350337462018,78.82266905677
TS298,2.0,0.35779249665883756,216.4879959356946,80.94154497272488
TS298,2.0,0.3665191429188092,216.39613212983807,83.06669244541663
TS298,2.0,0.3752457891787809,216.28829045458644,85.19822336290896
TS298,2.0,0.3839724354387525,216.16482751608376,87.33625941963098
TS298,2.0,0.39269908169872414,216.02607691890358,89.4809308860633
TS298,2.0,0.4014257279586958,215.87234834328382,91.63237538775117
TS298,2.0,0.41015237421866746,215.70392680392482,93.79073670201393
TS298,2.0,0.4188790204786391,215.52107208402816,95.95616358025812
TS298,2.0,0.4276056667386107,215.32401833795052,98.12880860338379
TS298,2.0,0.4363323129985824,215.1129738556875,100.30882707740308
TS298,2.0,0.44505895925855404,214.8881209823633,102.49637597606942
TS298,2.0,0.4537856055185257,214.6496161859463,104.6916129370402
TS298,2.0,0.4625122517784973,214.3975902665225,106.89469531786352
TS298,2.0,0.47123889803846897,214.13214870059664,109.10577931787937
TS298,2.0,0.4799655442984406,213.85337211404686,111.32501917195444
TS298,2.0,0.4886921905584123,213.5613168774868,113.55256642180548
TS298,2.0,0.49741883681838395,213.25601581788501,115.78856927050532
TS298,2.0,0.5061454830783556,212.9374790403221,118.03317202558483
TS298,2.0,0.5148721293383273,212.60569485371258,120.28651463592627
TS298,2.0,0.5235987755982988,212.2606307941657,122.54873232737131
TS298,2.0,0.5323254218582705,211.90223473938556,124.81995534161281
TS298,2.0,0.5410520681182421,211.53043610710614,127.1003087824856
TS298,2.0,0.5497787143782138,211.14514712999997,129.38991257318585
TS298,2.0,0.5585053606381855,210.74626419879093,131.68888152721038
TS298,2.0,0.5672320068981571,210.33366926441545,133.99732553487814
TS298,2.0,0.5759586531581288,209.90723128902457,136.3153498661586
TS298,2.0,0.5846852994181004,209.46680773437856,138.64305558913915
TS298,2.0,0.5934119456780721,209.0122460747647,140.98054010179385
TS298,2.0,0.6021385919380436,208.5433853199598,143.32789777272757
TS298,2.0,0.6108652381980153,208.0600575319648,145.68522068422763
TS298,2.0,0.619591884457987,207.5620893172604,148.0525994682209
TS298,2.0,0.6283185307179586,207.04930327417105,150.43012422256487
TS298,2.0,0.6370451769779303,206.5215193725895,152.81788549145796
TS298,2.0,0.6457718232379019,205.9785562408,155.215975289581
TS298,2.0,0.6544984694978736,205.4202323314609,157.62448814483815
TS298,2.0,0.6632251157578453,204.84636693595718,160.04352212918423
TS298,2.0,0.6719517620178169,204.25678101332105,162.47317984095096
TS298,2.0,0.6806784082777885,203.65129779673833,164.91356929524022
TS298,2.0,0.6894050545377601,203.02974313730655,167.3648046712618
TS298,2.0,0.6981317007977318,202.39194554117572,169.82700685685268
TS298,2.0,0.7068583470577035,201.73773585248162,172.3003037207353
TS298,2.0,0.7155849933176751,201.06694653054484,174.784830032207
TS298,2.0,0.7243116395776468,200.379410465651,177.28072693578716
TS298,2.0,0.7330382858376184,199.67495927331808,179.78814087470207
TS298,2.0,0.7417649320975901,198.9534210022845,182.30722184180604
TS298,2.0,0.7504915783575618,198.21461718650124,184.83812081941386
TS298,2.0,0.7592182246175333,197.45835916618836,187.380986250373
TS298,2.0,0.767944870877505,196.68444359754264,189.93595936132198
TS298,2.0,0.7766715171374766,195.89264706503133,192.50316813529406
TS298,2.0,0.7853981633974483,195.0827197044873,195.0827197044873
TS298,2.0,0.7941248096574199,194.25437773964808,197.67469090506572
TS298,2.0,0.8028514559173916,193.40729482966188,200.27911670434497
TS298,2.0,0.8115781021773633,192.54109212090034,202.89597617689566
TS298,2.0,0.8203047484373349,191.65532689384642,205.5251756705129
TS298,2.0,0.8290313946973066,190.74947969583252,208.16652876660243
TS298,2.0,0.8377580409572782,189.82293985430323,210.81973260385834
TS298,2.0,0.8464846872172498,188.87498927483924,213.48434010148705
TS298,2.0,0.8552113334772214,187.90478444575058,216.15972759206525
TS298,2.0,0.8639379797371931,186.9113365996495,218.8450573592144
TS298,2.0,0.8726646259971648,185.8934900258993,221.5392345782414
TS298,2.0,0.8813912722571364,184.84989859098613,224.24085818760773
TS298,2.0,0.8901179185171081,183.77900061245927,226.94816528717942
TS298,2.0,0.8988445647770797,182.67899235291662,229.65896878051436
TS298,2.0,0.9075712110370514,181.5478005612155,232.37058817138572
TS298,2.0,0.9162978572970231,180.38305469672062,235.07977371136934
TS298,2.0,0.9250245035569946,179.18205973673102,237.78262450090781
TS298,2.0,0.9337511498169663,177.94177079338792,240.47450169799447
TS298,2.0,0.9424777960769379,176.65877115689477,243.1499387130044
TS298,2.0,0.9512044423369096,175.32925583283279,245.8025511866451
TS298,2.0,0.9599310885968813,173.94902313844142,248.4249506699031
TS298,2.0,0.9686577348568529,172.5134774365534,251.00866723786527
TS298,2.0,0.9773843811168246,171.01764656657758,253.54408772651482
TS298,2.0,0.9861110273767962,169.45621790427563,256.0204177866552
TS298,2.0,0.9948376736367679,167.8235971424351,258.42567734096895
TS298,2.0,1.0035643198967394,166.11399370234162,260.7467400719512
TS298,2.0,1.0122909661567112,164.32153601275243,262.96942794627023
TS298,2.0,1.0210176124166828,162.4404185826504,265.07867112200483
TS298,2.0,1.0297442586766545,160.46508073576527,267.05874150225355
TS298,2.0,1.038470904936626,158.3904140395518,268.8935643697363
TS298,2.0,1.0471975511965976,156.21199195383667,270.5671068155857
TS298,2.0,1.0559241974565694,153.92631132922347,272.0638342167428
TS298,2.0,1.064650843716541,151.53103158589764,273.3692173865018
TS298,2.0,1.0733774899765127,149.02519435202137,274.47026424303067
TS298,2.0,1.0821041362364843,146.40940476419476,275.3560423156244
TS298,2.0,1.090830782496456,143.68595617480958,276.0181537085715
TS298,2.0,1.0995574287564276,140.85888304485553,276.4511236575548
TS298,2.0,1.1082840750163994,137.93393225962308,276.6526683528229
TS298,2.0,1.117010721276371,134.91845040722038,276.62381716984964
TS298,2.0,1.1257373675363425,131.82119267116016,276.36887771888973
TS298,2.0,1.1344640137963142,128.65206662637084,275.89524721810903
TS298,2.0,1.1431906600562858,125.42183016011688,275.21308820257144
TS298,2.0,1.1519173063162575,122.14176607683488,274.33489823817763
TS298,2.0,1.160643952576229,118.82335633978177,273.27501051564514
TS298,2.0,1.1693705988362009,115.4779765812624,272.04906432950696
TS298,2.0,1.1780972450961724,112.11662716569795,270.6734818709557
TS298,2.0,1.1868238913561442,108.74971164744176,269.1649816113962
TS298,2.0,1.1955505376161157,105.38686786607913,267.5401503388742
TS298,2.0,1.2042771838760873,102.03685192450243,265.8150871443019
TS298,2.0,1.213003830136059,98.70747137994064,264.00512456395603
TS298,2.0,1.2217304763960306,95.40556133729642,262.1246254646147
TS298,2.0,1.2304571226560024,92.136995723499,260.18684946413475
TS298,2.0,1.239183768915974,88.90672564308026,258.2038797111736
TS298,2.0,1.2479104151759457,85.7188370996679,256.1865994635851
TS298,2.0,1.2566370614359172,82.57662124085738,254.14470774854306
TS298,2.0,1.265363707695889,79.48265140630089,252.08676407827105
TS298,2.0,1.2740903539558606,76.43886244774038,250.0202533911406
TS298,2.0,1.2828170002158321,73.44662892037387,247.95166381523603
TS298,2.0,1.2915436464758039,70.50683974406095,245.88657131301443
TS298,2.0,1.3002702927357754,67.61996776699606,243.82972663395287
TS298,2.0,1.3089969389957472,64.78613332801747,241.78514120609256
TS298,2.0,1.3177235852557188,62.005161418358405,239.75616960767638
TS298,2.0,1.3264502315156905,59.27663241015641,237.74558707486827
TS298,2.0,1.335176877775662,56.59992657158086,235.75566113574018
TS298,2.0,1.3439035240356338,53.97426275086707,233.78821693765477
TS298,2.0,1.3526301702956054,51.398731705425305,231.84469618110649
TS298,2.0,1.361356816555577,48.87232459581661,229.9262098136831
TS298,2.0,1.3700834628155487,46.39395717263716,228.03358479630387
TS298,2.0,1.3788101090755203,43.962490168840056,226.16740535016126
TS298,2.0,1.387536755335492,41.57674637956301,224.3280491432433
TS298,2.0,1.3962634015954636,39.23552487258176,222.51571889303128
TS298,2.0,1.4049900478554354,36.937612729658404,220.73046985712193
TS298,2.0,1.413716694115407,34.681794675461084,218.97223366384117
TS298,2.0,1.4224433403753787,32.466860908445156,217.24083890612653
TS298,2.0,1.4311699866353502,30.291613408386006,215.53602888819728
TS298,2.0,1.4398966328953218,28.154870958824525,213.85747687873706
TS298,2.0,1.4486232791552935,26.05547308984594,212.2047991884749
TS298,2.0,1.457349925415265,23.99228311739207,210.57756635548276
TS298,2.0,1.4660765716752369,21.9641904295836,208.9753126890061
TS298,2.0,1.4748032179352084,19.97011214807687,207.39754439266892
TS298,2.0,1.4835298641951802,18.008994273009485,205.84374646062798
TS298,2.0,1.4922565104551517,16.0798124033095,204.31338851573176
TS298,2.0,1.5009831567151235,14.181572109738951,202.805929736871
TS298,2.0,1.509709802975095,12.313309025736672,201.32082300334812
TS298,2.0,1.5184364492350666,10.47408871063629,199.85751836704148
TS298,2.0,1.5271630954950384,8.663006330930015,198.4154659481962
TS298,2.0,1.53588974175501,6.879186197698215,196.9941183376226
TS298,2.0,1.5446163880149817,5.121781191941172,195.59293257671686
TS298,2.0,1.5533430342749532,3.389972104163206,194.2113717768539
TS298,2.0,1.562069680534925,1.6829669100169897,192.84890643114298
TS298,2.0,1.5707963267948966,1.1726300210441255e-14,191.50501546414137
TS298,2.0,1.5795229730548683,-1.6596686220154429,190.17918705871963
TS298,2.0,1.5882496193148399,-3.2967541593246916,188.8709192937585
TS298,2.0,1.5969762655748114,-4.911947852166959,187.5797206215912
TS298,2.0,1.6057029118347832,-6.505917808778362,186.30511021000854
TS298,2.0,1.6144295580947547,-8.079309831338298,185.04661817010805
TS298,2.0,1.6231562043547265,-9.632748231736118,183.80378568822903
TS298,2.0,1.631882850614698,-11.16683663317339,182.57616507760065
TS298,2.0,1.6406094968746698,-12.68215875452337,181.36331976307605
TS298,2.0,1.6493361431346414,-14.179279175115346,180.16482421039413
TS298,2.0,1.6580627893946132,-15.658744078231798,178.98026380974378
TS298,2.0,1.6667894356545847,-17.121081972111785,177.80923472197586
TS298,2.0,1.6755160819145565,-18.56680438767291,176.6513436945789
TS298,2.0,1.684242728174528,-19.996406552501128,175.5062078534787
TS298,2.0,1.6929693744344996,-21.410368040935158,174.37345447581183
TS298,2.0,1.7016960206944713,-22.80915340029196,173.2527207480465
TS298,2.0,1.710422666954443,-24.1932127534578,172.14365351315325
TS298,2.0,1.7191493132144147,-25.562982378209064,171.04590900995154
TS298,2.0,1.7278759594743862,-26.918885263734666,169.95915260726852
TS298,2.0,1.736602605734358,-28.261331644917007,168.8830585351195
TS298,2.0,1.7453292519943295,-29.590719514988074,167.81730961475887
TS298,2.0,1.7540558982543013,-30.907435117224374,166.76159698913847
TS298,2.0,1.7627825445142729,-32.21185341637226,165.71561985504488
TS298,2.0,1.7715091907742444,-33.50433855051572,164.67908519795745
TS298,2.0,1.7802358370342162,-34.785244264106254,163.65170753047698
TS298,2.0,1.7889624832941877,-36.054914322876435,162.6332086350057
TS298,2.0,1.7976891295541595,-37.31368291135436,161.62331731122038
TS298,2.0,1.806415775814131,-38.561875013684805,160.6217691287568
TS298,2.0,1.8151424220741028,-39.79980677845155,159.6283061854241
TS298,2.0,1.8238690683340744,-41.0277858681763,158.6426768711787
TS298,2.0,1.8325957145940461,-42.24611179415337,157.6646356380151
TS298,2.0,1.8413223608540177,-43.45507623725598,156.6939427758679
TS298,2.0,1.8500490071139892,-44.654963355331304,155.73036419456895
TS298,2.0,1.858775653373961,-45.846050077776496,154.7736712118584
TS298,2.0,1.8675022996339325,-47.02860638786652,153.82364034741323
TS298,2.0,1.8762289458939043,-48.20289559338189,152.8800531228266
TS298,2.0,1.8849555921538759,-49.36917458605964,151.9426958674467
TS298,2.0,1.8936822384138476,-50.52769409037076,151.01135952996398
TS298,2.0,1.9024088846738192,-51.67869890210255,150.08583949561987
TS298,2.0,1.911135530933791,-52.8224281172045,149.1659354088958
TS298,2.0,1.9198621771937625,-53.95911535133297,148.2514510015346
TS298,2.0,1.928588823453734,-55.088988950511315,147.34219392573493
TS298,2.0,1.9373154697137058,-56.212272193300066,146.43797559235745
TS298,2.0,1.9460421159736774,-57.329183484853246,145.5386110139757
TS298,2.0,1.9547687622336491,-58.439936543218685,144.64391865260313
TS298,2.0,1.9634954084936207,-59.54474057822021,143.7537202719268
TS298,2.0,1.9722220547535925,-60.64380046324444,142.86784079387797
TS298,2.0,1.980948701013564,-61.737316900236,141.98610815937081
TS298,2.0,1.9896753472735358,-62.82548657819069,141.10835319304203
TS298,2.0,1.9984019935335073,-63.90850232541885,140.2344094718268
TS298,2.0,2.007128639793479,-64.98655325583785,139.3641131972073
TS298,2.0,2.0158552860534504,-66.05982490953718,138.49730307097582
TS298,2.0,2.0245819323134224,-67.12849938784633,137.63382017435475
TS298,2.0,2.033308578573394,-68.192755483122,136.77350785032164
TS298,2.0,2.0420352248333655,-69.25276880345947,135.91621158898894
TS298,2.0,2.050761871093337,-70.30871189251901,135.06177891589414
TS298,2.0,2.059488517353309,-71.36075434464773,134.21005928305718
TS298,2.0,2.0682151636132806,-72.40906291546523,133.36090396266877
TS298,2.0,2.076941809873252,-73.45380162807086,132.51416594327372
TS298,2.0,2.0856684561332237,-74.49513187501853,131.66969982832035
TS298,2.0,2.0943951023931953,-75.53321251619637,130.82736173694963
TS298,2.0,2.1031217486531673,-76.56819997273678,129.98700920690004
TS298,2.0,2.111848394913139,-77.60024831707354,129.1485010994108
TS298,2.0,2.1205750411731104,-78.62950935925356,128.3116975060069
TS298,2.0,2.129301687433082,-79.65613272959943,127.47645965705496
TS298,2.0,2.138028333693054,-80.68026595781238,126.64264983198127
TS298,2.0,2.1467549799530254,-81.70205454859406,125.81013127104788
TS298,2.0,2.155481626212997,-82.72164205385859,124.97876808858399
TS298,2.0,2.1642082724729685,-83.73917014159507,124.14842518757636
TS298,2.0,2.17293491873294,-84.75477866143484,123.31896817552243
TS298,2.0,2.181661564992912,-85.76860570696678,122.49026328145493
TS298,2.0,2.1903882112528836,-86.78078767483639,121.66217727404991
TS298,2.0,2.199114857512855,-87.79145932065626,120.8345773807318
TS298,2.0,2.2078415037728267,-88.80075381174503,120.00733120769404
TS298,2.0,2.2165681500327987,-89.80880277670495,119.18030666075497
TS298,2.0,2.2252947962927703,-90.81573635183875,118.3533718669737
TS298,2.0,2.234021442552742,-91.82168322439746,117.52639509695113
TS298,2.0,2.2427480888127134,-92.8267706726413,116.69924468774711
TS298,2.0,2.251474735072685,-93.83112460268791,115.87178896634545
TS298,2.0,2.260201381332657,-94.83486958211124,115.0438961736031
TS298,2.0,2.2689280275926285,-95.83812887024553,114.21543438862196
TS298,2.0,2.2776546738526,-96.84102444513927,113.38627145348512
TS298,2.0,2.2863813201125716,-97.8436770270929,112.55627489830377
TS298,2.0,2.2951079663725436,-98.8462060987044,111.72531186652242
TS298,2.0,2.303834612632515,-99.84872992133558,110.89324904043538
TS298,2.0,2.3125612588924866,-100.8513655479018,110.05995256686988
TS298,2.0,2.321287905152458,-101.85422883187452,109.22528798299615
TS298,2.0,2.3300145514124297,-102.85743443237625,108.38912014222785
TS298,2.0,2.3387411976724017,-103.8610958152335,107.55131314018112
TS298,2.0,2.3474678439323733,-104.86532524984176,106.71173024066546
TS298,2.0,2.356194490192345,-105.87023380168264,105.87023380168266
TS298,2.0,2.3649211364523164,-106.87593132031958,105.02668520141854
TS298,2.0,2.3736477827122884,-107.88252642268456,104.180944764214
TS298,2.0,2.38237442897226,-108.89012647145336,103.33287168651118
TS298,2.0,2.3911010752322315,-109.89883754829191,102.48232396277432
TS298,2.0,2.399827721492203,-110.90876442173949,101.6291583113944
TS298,2.0,2.4085543677521746,-111.92001050947883,100.77323010059152
TS298,2.0,2.4172810140121466,-112.93267783472632,99.91439327433939
TS298,2.0,2.426007660272118,-113.94686697645697,99.0525002783438
TS298,2.0,2.4347343065320897,-114.96267701316171,98.1874019861163
TS298,2.0,2.443460952792061,-115.98020545981468,97.3189476251957
TS298,2.0,2.452187599052033,-116.99954819771001,96.44698470358016
TS298,2.0,2.4609142453120048,-118.02079939680684,95.5713589364451
TS298,2.0,2.4696408915719763,-119.04405143020182,94.69191417323472
TS298,2.0,2.478367537831948,-120.06939478032717,93.80849232523032
TS298,2.0,2.4870941840919194,-121.09691793645081,92.9209332937122
TS298,2.0,2.4958208303518914,-122.12670728303569,92.02907489884993
TS298,2.0,2.504547476611863,-123.15884697849084,91.13275280947309
TS298,2.0,2.5132741228718345,-124.19341882382884,90.2318004738932
TS298,2.0,2.522000769131806,-125.23050212071942,89.32604905197043
TS298,2.0,2.530727415391778,-126.27017351840962,88.41532734863846
TS298,2.0,2.5394540616517496,-127.31250684896048,87.499461749128
TS298,2.0,2.548180707911721,-128.35757295022913,86.57827615615265
TS298,2.0,2.5569073541716927,-129.4054394760062,85.65159192935148
TS298,2.0,2.5656340004316642,-130.4561706927011,84.71922782731069
TS298,2.0,2.5743606466916362,-131.50982726195224,83.78099995252028
TS298,2.0,2.5830872929516078,-132.56646600852244,82.8367216996553
TS298,2.0,2.5918139392115793,-133.62613967283195,81.88620370760808
TS298,2.0,2.600540585471551,-134.68889664746968,80.92925381573777
TS298,2.0,2.609267231731523,-135.75478069701933,79.96567702484401
TS298,2.0,2.6179938779914944,-136.82383066053703,78.9952754634168
TS298,2.0,2.626720524251466,-137.89608013602083,78.01784835975988
TS298,2.0,2.6354471705114375,-138.9715571462212,77.03319202063616
TS298,2.0,2.644173816771409,-140.05028378516113,76.04109981713383
TS298,2.0,2.652900463031381,-141.13227584475638,75.04136217850643
TS298,2.0,2.6616271092913526,-142.2175424209613,74.03376659479768
TS298,2.0,2.670353755551324,-143.30608549890917,73.01809762911877
TS298,2.0,2.6790804018112957,-144.39789951656905,71.99413694050887
TS298,2.0,2.6878070480712677,-145.4929709065114,70.96166331837034
TS298,2.0,2.6965336943312392,-146.59127761545372,69.92045272953492
TS298,2.0,2.705260340591211,-147.6927886013588,68.87027837908091
TS298,2.0,2.7139869868511823,-148.7974633079693,67.81091078608804
TS298,2.0,2.722713633111154,-149.90525111680194,66.74211787557974
TS298,2.0,2.731440279371126,-151.01609077677819,65.66366508796685
TS298,2.0,2.7401669256310974,-152.12990981184973,64.57531550736866
TS298,2.0,2.748893571891069,-153.24662390718208,63.47683001024383
TS298,2.0,2.7576202181510405,-154.36613627469265,62.36796743581961
TS298,2.0,2.7663468644110125,-155.48833699900308,61.24848477985372
TS298,2.0,2.775073510670984,-156.61310236515814,60.11813741330421
TS298,2.0,2.7838001569309556,-157.7402941697935,58.976679327512066
TS298,2.0,2.792526803190927,-158.8697590177946,57.823863407521834
TS298,2.0,2.8012534494508987,-160.00132760688908,56.65944173516818
TS298,2.0,2.8099800957108707,-161.13481400305298,55.48316592354535
TS298,2.0,2.8187067419708423,-162.2700149100818,54.294787484445
TS298,2.0,2.827433388230814,-163.40670893719465,53.09405823029224
TS298,2.0,2.8361600344907854,-164.54465586908523,51.88073071203175
TS298,2.0,2.8448866807507573,-165.6835959434227,50.65455869430393
TS298,2.0,2.853613327010729,-166.8232491414213,49.415297669110245
TS298,2.0,2.8623399732707004,-167.9633144977503,48.16270540898539
TS298,2.0,2.871066619530672,-169.10346943672468,46.896542560476526
TS298,2.0,2.8797932657906435,-170.24336914241144,45.6165732784627
TS298,2.0,2.8885199120506155,-171.38264597098726,44.32256590153746
TS298,2.0,2.897246558310587,-172.5209089143828,43.01429366831335
TS298,2.0,2.9059732045705586,-173.65774312493966,41.691535474089086
TS298,2.0,2.91469985083053,-174.79270951146688,40.35407666684841
TS298,2.0,2.923426497090502,-175.92534441770465,39.00170988102602
TS298,2.0,2.9321531433504737,-177.05515939475987,37.63423590688787
TS298,2.0,2.9408797896104453,-178.18164107955698,36.251464592724176
TS298,2.0,2.949606435870417,-179.30425119171522,34.85321577635276
TS298,2.0,2.9583330821303884,-180.42242666150887,33.439320241673904
TS298,2.0,2.9670597283903604,-181.53557990165172,32.00962069521853
TS298,2.0,2.975786374650332,-182.64309923555052,30.56397275679365
TS298,2.0,2.9845130209103035,-183.74434949436738,29.102245957461395
TS298,2.0,2.993239667170275,-184.83867279468544,27.624324737209562
TS298,2.0,3.001966313430247,-185.92538950776574,26.130109433788625
TS298,2.0,3.0106929596902186,-187.00379943029012,24.619517253330127
TS298,2.0,3.01941960595019,-188.07318316508346,23.092483212536333
TS298,2.0,3.0281462522101616,-189.13280371858463,21.54896104147269
TS298,2.0,3.036872898470133,-190.18190831978276,19.98892403531781
TS298,2.0,3.045599544730105,-191.21973046294787,18.412365842867114
TS298,2.0,3.0543261909900767,-192.24549217377046,16.819301179166665
TS298,2.0,3.0630528372500483,-193.25840649550815,15.209766449402444
TS298,2.0,3.07177948351002,-194.25768018843294,13.583820271119183
TS298,2.0,3.080506129769992,-195.2425166323406,11.941543882008437
TS298,2.0,3.0892327760299634,-196.212118918158,10.283041420920654
TS298,2.0,3.097959422289935,-197.16569311084567,8.608440070429856
TS298,2.0,3.1066860685499065,-198.10245166190933,6.917890050235667
TS298,2.0,3.115412714809878,-199.02161694600002,5.211564451920775
TS298,2.0,3.12413936106985,-199.92242489238959,3.489658907103349
TS298,2.0,3.1328660073298216,-200.8041286786656,1.7523910828172347
TS298,2.0,3.141592653589793,-201.66600245089762,2.4696962439833404e-14
TS298,2.0,3.1503192998497647,-202.50734503189486,-1.7672548267508752
TS298,2.0,3.1590459461097367,-203.3274835771065,-3.5490944275295138
TS298,2.0,3.167772592369708,-204.12577713629904,-5.345221590340461
TS298,2.0,3.1764992386296798,-204.90162007846487,-7.155322243245725
TS298,2.0,3.1852258848896513,-205.65444533752927,-8.979066996763544
TS298,2.0,3.193952531149623,-206.3837274373833,-10.816112835149664
TS298,2.0,3.202679177409595,-207.0889852565774,-12.666104942597302
TS298,2.0,3.2114058236695664,-207.76978449567937,-14.528678647973054
TS298,2.0,3.220132469929538,-208.42573981377583,-16.403461469527965
TS298,2.0,3.2288591161895095,-209.05651660482891,-18.290075239141572
TS298,2.0,3.2375857624494815,-209.66183238949893,-20.188138284136752
TS298,2.0,3.246312408709453,-210.24145780349542,-22.097267643577382
TS298,2.0,3.2550390549694246,-210.7952171693975,-24.017081295272753
TS298,2.0,3.263765701229396,-211.32298864504097,-25.94720036947081
TS298,2.0,3.2724923474893677,-211.82470394785264,-27.88725132544545
TS298,2.0,3.2812189937493397,-212.3003476607618,-29.83686806785138
TS298,2.0,3.2899456400093112,-212.74995613138034,-31.795693980817802
TS298,2.0,3.2986722862692828,-213.17361598187065,-33.763383859246176
TS298,2.0,3.3073989325292543,-213.57146225217716,-35.739605718613184
TS298,2.0,3.3161255787892263,-213.94367620397477,-37.72404246671636
TS298,2.0,3.324852225049198,-214.2904828166839,-39.71639342316157
TS298,2.0,3.3335788713091694,-214.61214801015998,-41.71637567492467
TS298,2.0,3.342305517569141,-214.90897563112975,-43.72372525894507
TS298,2.0,3.351032163829113,-215.18130424211208,-45.73819816537433
TS298,2.0,3.3597588100890845,-215.42950375243055,-47.75957115773105
TS298,2.0,3.368485456349056,-215.65397193102697,-49.787642408759154
TS298,2.0,3.3772121026090276,-215.8551308401784,-51.822231953186076
TS298,2.0,3.385938748868999,-216.0334232279652,-53.86318196080411
TS298,2.0,3.394665395128971,-216.18930891551992,-55.91035683530113
TS298,2.0,3.4033920413889427,-216.32326121279485,-57.963643146035196
TS298,2.0,3.4121186876489142,-216.4357633939129,-60.02294940145995
TS298,2.0,3.420845333908886,-216.5273052602122,-62.088205674154665
TS298,2.0,3.429571980168858,-216.59837981594774,-64.15936308840601
TS298,2.0,3.4382986264288293,-216.64948007836944,-66.23639318202436
TS298,2.0,3.447025272688801,-216.6810960406308,-68.31928715458159
TS298,2.0,3.4557519189487724,-216.69371180277318,-70.40805501453796
TS298,2.0,3.464478565208744,-216.68780288293976,-72.50272463781943
TS298,2.0,3.473205211468716,-216.66383371804974,-74.60334075032499
TS298,2.0,3.4819318577286875,-216.62225536045378,-76.70996384662425
TS298,2.0,3.490658503988659,-216.56350337462018,-78.82266905676998
TS298,2.0,3.4993851502486306,-216.48799593569464,-80.94154497272484
TS298,2.0,3.5081117965086026,-216.39613212983807,-83.06669244541666
TS298,2.0,3.516838442768574,-216.28829045458644,-85.19822336290898
TS298,2.0,3.5255650890285457,-216.16482751608376,-87.33625941963098
TS298,2.0,3.5342917352885173,-216.0260769189036,-89.48093088606328
TS298,2.0,3.543018381548489,-215.87234834328382,-91.63237538775113
TS298,2.0,3.551745027808461,-215.70392680392487,-93.79073670201397
TS298,2.0,3.5604716740684323,-215.52107208402816,-95.95616358025812
TS298,2.0,3.569198320328404,-215.32401833795052,-98.12880860338377
TS298,2.0,3.5779249665883754,-215.11297385568753,-100.30882707740304
TS298,2.0,3.5866516128483474,-214.88812098236326,-102.49637597606946
TS298,2.0,3.595378259108319,-214.64961618594634,-104.69161293704026
TS298,2.0,3.6041049053682905,-214.3975902665225,-106.89469531786352
TS298,2.0,3.612831551628262,-214.1321487005966,-109.10577931787931
TS298,2.0,3.6215581978882336,-213.85337211404686,-111.32501917195437
TS298,2.0,3.6302848441482056,-213.5613168774868,-113.55256642180551
TS298,2.0,3.639011490408177,-213.25601581788501,-115.78856927050532
TS298,2.0,3.6477381366681487,-212.9374790403221,-118.03317202558478
TS298,2.0,3.6564647829281203,-212.60569485371255,-120.28651463592618
TS298,2.0,3.6651914291880923,-212.26063079416568,-122.54873232737135
TS298,2.0,3.673918075448064,-211.90223473938556,-124.81995534161285
TS298,2.0,3.6826447217080354,-211.53043610710614,-127.1003087824856
TS298,2.0,3.691371367968007,-211.14514712999997,-129.38991257318582
TS298,2.0,3.7000980142279785,-210.74626419879095,-131.68888152721036
TS298,2.0,3.7088246604879505,-210.33366926441542,-133.99732553487817
TS298,2.0,3.717551306747922,-209.90723128902457,-136.3153498661586
TS298,2.0,3.7262779530078936,-209.46680773437856,-138.64305558913915
TS298,2.0,3.735004599267865,-209.0122460747647,-140.9805401017938
TS298,2.0,3.743731245527837,-208.54338531995978,-143.3278977727276
TS298,2.0,3.7524578917878086,-208.0600575319648,-145.68522068422766
TS298,2.0,3.76118453804778,-207.5620893172604,-148.0525994682209
TS298,2.0,3.7699111843077517,-207.04930327417114,-150.4301242225649
TS298,2.0,3.7786378305677233,-206.52151937258955,-152.8178854914579
TS298,2.0,3.7873644768276953,-205.9785562408,-155.21597528958102
TS298,2.0,3.796091123087667,-205.4202323314609,-157.62448814483815
TS298,2.0,3.8048177693476384,-204.8463669359572,-160.0435221291842
TS298,2.0,3.81354441560761,-204.25678101332107,-162.4731798409509
TS298,2.0,3.822271061867582,-203.65129779673833,-164.9135692952403
TS298,2.0,3.8309977081275535,-203.02974313730653,-167.3648046712618
TS298,2.0,3.839724354387525,-202.39194554117572,-169.82700685685268
TS298,2.0,3.8484510006474966,-201.73773585248165,-172.30030372073526
TS298,2.0,3.857177646907468,-201.0669465305448,-174.78483003220688
TS298,2.0,3.86590429316744,-200.379410465651,-177.28072693578716
TS298,2.0,3.8746309394274117,-199.67495927331808,-179.78814087470207
TS298,2.0,3.883357585687383,-198.95342100228447,-182.30722184180598
TS298,2.0,3.8920842319473548,-198.21461718650127,-184.8381208194138
TS298,2.0,3.9008108782073267,-197.4583591661883,-187.38098625037307
TS298,2.0,3.9095375244672983,-196.68444359754264,-189.93595936132203
TS298,2.0,3.91826417072727,-195.89264706503133,-192.50316813529406
TS298,2.0,3.9269908169872414,-195.0827197044873,-195.08271970448723
TS298,2.0,3.935717463247213,-194.2543777396481,-197.6746909050656
TS298,2.0,3.944444109507185,-193.40729482966188,-200.27911670434497
TS298,2.0,3.9531707557671565,-192.54109212090034,-202.89597617689566
TS298,2.0,3.961897402027128,-191.6553268938464,-205.52517567051288
TS298,2.0,3.9706240482870996,-190.74947969583258,-208.16652876660237
TS298,2.0,3.9793506945470716,-189.8229398543032,-210.81973260385837
TS298,2.0,3.988077340807043,-188.8749892748392,-213.48434010148708
TS298,2.0,3.9968039870670147,-187.90478444575058,-216.15972759206525
TS298,2.0,4.005530633326987,-186.91133659964947,-218.8450573592145
TS298,2.0,4.014257279586958,-185.89349002589927,-221.5392345782413
TS298,2.0,4.02298392584693,-184.84989859098613,-224.24085818760776
TS298,2.0,4.031710572106901,-183.77900061245933,-226.94816528717928
TS298,2.0,4.040437218366873,-182.67899235291665,-229.65896878051433
TS298,2.0,4.049163864626845,-181.54780056121547,-232.3705881713858
TS298,2.0,4.057890510886816,-180.38305469672065,-235.07977371136923
TS298,2.0,4.066617157146788,-179.18205973673102,-237.78262450090787
TS298,2.0,4.075343803406759,-177.94177079338797,-240.47450169799438
TS298,2.0,4.084070449666731,-176.6587711568948,-243.14993871300436
TS298,2.0,4.092797095926703,-175.32925583283279,-245.80255118664522
TS298,2.0,4.101523742186674,-173.94902313844153,-248.424950669903
TS298,2.0,4.110250388446646,-172.5134774365534,-251.00866723786527
TS298,2.0,4.118977034706618,-171.01764656657755,-253.54408772651487
TS298,2.0,4.127703680966589,-169.45621790427572,-256.0204177866551
TS298,2.0,4.136430327226561,-167.82359714243506,-258.425677340969
TS298,2.0,4.145156973486532,-166.1139937023417,-260.74674007195114
TS298,2.0,4.153883619746504,-164.32153601275246,-262.9694279462702
TS298,2.0,4.162610266006476,-162.44041858265032,-265.07867112200495
TS298,2.0,4.171336912266447,-160.46508073576535,-267.0587415022535
TS298,2.0,4.180063558526419,-158.39041403955176,-268.8935643697363
TS298,2.0,4.1887902047863905,-156.2119919538368,-270.56710681558565
TS298,2.0,4.1975168510463625,-153.92631132922352,-272.0638342167428
TS298,2.0,4.2062434973063345,-151.53103158589755,-273.3692173865019
TS298,2.0,4.214970143566306,-149.02519435202146,-274.47026424303067
TS298,2.0,4.223696789826278,-146.40940476419473,-275.35604231562445
TS298,2.0,4.232423436086249,-143.68595617480977,-276.01815370857145
TS298,2.0,4.241150082346221,-140.85888304485553,-276.4511236575547
TS298,2.0,4.249876728606193,-137.93393225962308,-276.6526683528229
TS298,2.0,4.258603374866164,-134.9184504072205,-276.6238171698497
TS298,2.0,4.267330021126136,-131.82119267116013,-276.3688777188898
TS298,2.0,4.276056667386108,-128.65206662637073,-275.8952472181091
TS298,2.0,4.284783313646079,-125.42183016011694,-275.2130882025715
TS298,2.0,4.293509959906051,-122.14176607683481,-274.3348982381776
TS298,2.0,4.302236606166022,-118.82335633978188,-273.2750105156451
TS298,2.0,4.310963252425994,-115.47797658126245,-272.049064329507
TS298,2.0,4.319689898685966,-112.11662716569782,-270.6734818709557
TS298,2.0,4.328416544945937,-108.74971164744191,-269.1649816113963
TS298,2.0,4.337143191205909,-105.3868678660791,-267.5401503388742
TS298,2.0,4.34586983746588,-102.03685192450259,-265.815087144302
TS298,2.0,4.354596483725852,-98.7074713799407,-264.0051245639561
TS298,2.0,4.363323129985824,-95.40556133729628,-262.1246254646146
TS298,2.0,4.372049776245795,-92.13699572349914,-260.18684946413487
TS298,2.0,4.380776422505767,-88.90672564308018,-258.2038797111735
TS298,2.0,4.389503068765738,-85.71883709966808,-256.1865994635852
TS298,2.0,4.39822971502571,-82.5766212408574,-254.14470774854306
TS298,2.0,4.406956361285682,-79.48265140630083,-252.08676407827093
TS298,2.0,4.4156830075456535,-76.43886244774049,-250.0202533911407
TS298,2.0,4.4244096538056255,-73.44662892037383,-247.951663815236
TS298,2.0,4.4331363000655974,-70.50683974406087,-245.8865713130144
TS298,2.0,4.4418629463255686,-67.61996776699608,-243.82972663395287
TS298,2.0,4.4505895925855405,-64.78613332801741,-241.7851412060925
TS298,2.0,4.459316238845512,-62.00516141835851,-239.75616960767644
TS298,2.0,4.468042885105484,-59.27663241015643,-237.74558707486827
TS298,2.0,4.476769531365456,-56.59992657158074,-235.75566113574004
TS298,2.0,4.485496177625427,-53.97426275086717,-233.78821693765482
TS298,2.0,4.494222823885399,-51.398731705425284,-231.84469618110649
TS298,2.0,4.50294947014537,-48.87232459581669,-229.92620981368313
TS298,2.0,4.511676116405342,-46.39395717263718,-228.03358479630387
TS298,2.0,4.520402762665314,-43.96249016883997,-226.16740535016118
TS298,2.0,4.529129408925285,-41.5767463795631,-224.3280491432433
TS298,2.0,4.537856055185257,-39.23552487258174,-222.51571889303128
TS298,2.0,4.546582701445229,-36.937612729658326,-220.73046985712185
TS298,2.0,4.5553093477052,-34.68179467546112,-218.97223366384125
TS298,2.0,4.564035993965172,-32.466860908445135,-217.24083890612653
TS298,2.0,4.572762640225143,-30.291613408386098,-215.53602888819736
TS298,2.0,4.581489286485115,-28.1548709588245,-213.85747687873703
TS298,2.0,4.590215932745087,-26.055473089845865,-212.20479918847488
TS298,2.0,4.598942579005058,-23.992283117392102,-210.57756635548282
TS298,2.0,4.60766922526503,-21.96419042958357,-208.97531268900605
TS298,2.0,4.616395871525001,-19.970112148076943,-207.39754439266895
TS298,2.0,4.625122517784973,-18.00899427300951,-205.843746460628
TS298,2.0,4.633849164044945,-16.07981240330943,-204.3133885157317
TS298,2.0,4.642575810304916,-14.181572109739024,-202.80592973687104
TS298,2.0,4.651302456564888,-12.313309025736649,-201.32082300334812
TS298,2.0,4.6600291028248595,-10.474088710636362,-199.85751836704156
TS298,2.0,4.6687557490848315,-8.663006330930042,-198.41546594819624
TS298,2.0,4.6774823953448035,-6.879186197698149,-196.99411833762255
TS298,2.0,4.686209041604775,-5.12178119194124,-195.5929325767169
TS298,2.0,4.694935687864747,-3.3899721041631854,-194.21137177685387
TS298,2.0,4.703662334124719,-1.6829669100169273,-192.84890643114292
TS298,2.0,4.71238898038469,-3.517890063132377e-14,-191.5050154641414
TS298,2.0,4.721115626644662,1.6596686220154617,-190.17918705871963
TS298,2.0,4.729842272904633,3.296754159324627,-188.87091929375856
TS298,2.0,4.738568919164605,4.911947852166976,-187.57972062159118
TS298,2.0,4.747295565424577,6.50591780877842,-186.30511021000848
TS298,2.0,4.756022211684548,8.079309831338275,-185.04661817010805
TS298,2.0,4.76474885794452,9.632748231736135,-183.803785688229
TS298,2.0,4.773475504204491,11.16683663317333,-182.5761650776007
TS298,2.0,4.782202150464463,12.682158754523348,-181.36331976307602
TS298,2.0,4.790928796724435,14.179279175115404,-180.1648242103941
TS298,2.0,4.799655442984406,15.65874407823174,-178.98026380974383
TS298,2.0,4.808382089244378,17.1210819721118,-177.80923472197586
TS298,2.0,4.817108735504349,18.56680438767281,-176.65134369457897
TS298,2.0,4.825835381764321,19.996406552501107,-175.50620785347874
TS298,2.0,4.834562028024293,21.410368040935207,-174.37345447581174
TS298,2.0,4.843288674284264,22.809153400291912,-173.25272074804658
TS298,2.0,4.852015320544236,24.193212753457818,-172.14365351315325
TS298,2.0,4.860741966804208,25.562982378209107,-171.0459090099515
TS298,2.0,4.869468613064179,26.918885263734644,-169.95915260726852
TS298,2.0,4.878195259324151,28.261331644917018,-168.88305853511946
TS298,2.0,4.886921905584122,29.590719514988024,-167.81730961475893
TS298,2.0,4.895648551844094,30.907435117224352,-166.76159698913847
TS298,2.0,4.904375198104066,32.21185341637231,-165.71561985504485
TS298,2.0,4.9131018443640375,33.5043385505157,-164.67908519795748
TS298,2.0,4.9218284906240095,34.785244264106254,-163.6517075304769
TS298,2.0,4.930555136883981,36.054914322876385,-162.63320863500576
TS298,2.0,4.939281783143953,37.31368291135435,-161.6233173112204
TS298,2.0,4.948008429403925,38.561875013684855,-160.62176912875677
TS298,2.0,4.956735075663896,39.7998067784515,-159.62830618542415
TS298,2.0,4.965461721923868,41.02778586817631,-158.6426768711787
TS298,2.0,4.974188368183839,42.24611179415329,-157.66463563801517
TS298,2.0,4.982915014443811,43.45507623725597,-156.69394277586795
TS298,2.0,4.991641660703783,44.654963355331354,-155.73036419456892
TS298,2.0,5.000368306963754,45.84605007777645,-154.77367121185847
TS298,2.0,5.009094953223726,47.028606387866546,-153.8236403474133
TS298,2.0,5.017821599483698,48.20289559338194,-152.88005312282655
TS298,2.0,5.026548245743669,49.36917458605962,-151.9426958674467
TS298,2.0,5.035274892003641,50.527694090370765,-151.01135952996398
TS298,2.0,5.044001538263612,51.678698902102504,-150.08583949561987
TS298,2.0,5.052728184523584,52.82242811720449,-149.16593540889582
TS298,2.0,5.061454830783556,53.959115351333004,-148.25145100153458
TS298,2.0,5.070181477043527,55.08898895051129,-147.34219392573493
TS298,2.0,5.078908123303499,56.21227219330008,-146.43797559235745
TS298,2.0,5.08763476956347,57.329183484853196,-145.53861101397572
TS298,2.0,5.096361415823442,58.43993654321867,-144.64391865260313
TS298,2.0,5.105088062083414,59.544740578220235,-143.75372027192677
TS298,2.0,5.113814708343385,60.643800463244375,-142.86784079387797
TS298,2.0,5.122541354603357,61.73731690023601,-141.9861081593708
TS298,2.0,5.1312680008633285,62.825486578190635,-141.10835319304212
TS298,2.0,5.1399946471233005,63.90850232541884,-140.2344094718268
TS298,2.0,5.1487212933832724,64.98655325583789,-139.36411319720725
TS298,2.0,5.1574479396432436,66.05982490953717,-138.49730307097582
TS298,2.0,5.1661745859032155,67.12849938784632,-137.63382017435475
TS298,2.0,5.1749012321631875,68.19275548312204,-136.7735078503216
TS298,2.0,5.183627878423159,69.25276880345946,-135.91621158898894
TS298,2.0,5.192354524683131,70.30871189251906,-135.0617789158941
TS298,2.0,5.201081170943102,71.36075434464766,-134.2100592830572
TS298,2.0,5.209807817203074,72.40906291546524,-133.36090396266883
TS298,2.0,5.218534463463046,73.45380162807088,-132.51416594327364
TS298,2.0,5.227261109723017,74.4951318750185,-131.66969982832035
TS298,2.0,5.235987755982989,75.53321251619641,-130.8273617369496
TS298,2.0,5.24471440224296,76.5681999727367,-129.9870092069001
TS298,2.0,5.253441048502932,77.60024831707354,-129.14850109941082
TS298,2.0,5.262167694762904,78.62950935925363,-128.31169750600694
TS298,2.0,5.270894341022875,79.65613272959942,-127.47645965705496
TS298,2.0,5.279620987282847,80.68026595781237,-126.6426498319813
TS298,2.0,5.288347633542818,81.70205454859399,-125.81013127104791
TS298,2.0,5.29707427980279,82.72164205385857,-124.97876808858399
TS298,2.0,5.305800926062762,83.73917014159512,-124.14842518757635
TS298,2.0,5.314527572322733,84.75477866143486,-123.31896817552247
TS298,2.0,5.323254218582705,85.76860570696677,-122.49026328145494
TS298,2.0,5.331980864842677,86.78078767483642,-121.66217727404987
TS298,2.0,5.340707511102648,87.79145932065624,-120.83457738073182
TS298,2.0,5.34943415736262,88.80075381174505,-120.00733120769402
TS298,2.0,5.358160803622591,89.80880277670488,-119.18030666075501
TS298,2.0,5.366887449882563,90.81573635183877,-118.35337186697373
TS298,2.0,5.375614096142535,91.8216832243975,-117.52639509695112
TS298,2.0,5.3843407424025065,92.82677067264129,-116.69924468774711
TS298,2.0,5.3930673886624785,93.83112460268794,-115.87178896634542
TS298,2.0,5.40179403492245,94.83486958211117,-115.04389617360314
TS298,2.0,5.410520681182422,95.8381288702455,-114.21543438862197
TS298,2.0,5.419247327442394,96.8410244451393,-113.3862714534851
TS298,2.0,5.427973973702365,97.84367702709288,-112.5562748983038
TS298,2.0,5.436700619962337,98.84620609870439,-111.72531186652242
TS298,2.0,5.445427266222308,99.84872992133552,-110.89324904043544
TS298,2.0,5.45415391248228,100.85136554790179,-110.0599525668699
TS298,2.0,5.462880558742252,101.85422883187456,-109.22528798299612
TS298,2.0,5.471607205002223,102.8574344323762,-108.38912014222782
TS298,2.0,5.480333851262195,103.8610958152335,-107.55131314018115
TS298,2.0,5.489060497522167,104.8653252498418,-106.71173024066542
TS298,2.0,5.497787143782138,105.87023380168263,-105.87023380168269
TS298,2.0,5.50651379004211,106.87593132031962,-105.02668520141852
TS298,2.0,5.515240436302081,107.88252642268449,-104.18094476421408
TS298,2.0,5.523967082562053,108.89012647145333,-103.3328716865112
TS298,2.0,5.532693728822025,109.89883754829197,-102.4823239627743
TS298,2.0,5.541420375081996,110.90876442173948,-101.62915831139443
TS298,2.0,5.550147021341968,111.92001050947884,-100.77323010059149
TS298,2.0,5.558873667601939,112.93267783472625,-99.91439327433945
TS298,2.0,5.567600313861911,113.94686697645695,-99.05250027834381
TS298,2.0,5.576326960121883,114.96267701316175,-98.18740198611626
TS298,2.0,5.585053606381854,115.98020545981467,-97.31894762519572
TS298,2.0,5.593780252641826,116.99954819771001,-96.44698470358017
TS298,2.0,5.602506898901797,118.02079939680677,-95.57135893644514
TS298,2.0,5.611233545161769,119.04405143020183,-94.69191417323474
TS298,2.0,5.619960191421741,120.06939478032719,-93.80849232523029
TS298,2.0,5.6286868376817125,121.09691793645082,-92.92093329371222
TS298,2.0,5.6374134839416845,122.12670728303567,-92.02907489884994
TS298,2.0,5.6461401302016565,123.15884697849087,-91.13275280947306
TS298,2.0,5.654866776461628,124.19341882382884,-90.23180047389323
TS298,2.0,5.6635934227216,125.23050212071944,-89.32604905197037
TS298,2.0,5.672320068981571,126.27017351840955,-88.41532734863851
TS298,2.0,5.681046715241543,127.31250684896047,-87.49946174912803
TS298,2.0,5.689773361501515,128.3575729502292,-86.57827615615263
TS298,2.0,5.698500007761486,129.4054394760062,-85.6515919293515
TS298,2.0,5.707226654021458,130.45617069270116,-84.71922782731066
TS298,2.0,5.715953300281429,131.50982726195218,-83.78099995252033
TS298,2.0,5.724679946541401,132.5664660085224,-82.83672169965531
TS298,2.0,5.733406592801373,133.62613967283195,-81.88620370760802
TS298,2.0,5.742133239061344,134.68889664746965,-80.92925381573778
TS298,2.0,5.750859885321316,135.7547806970193,-79.96567702484404
TS298,2.0,5.759586531581287,136.82383066053697,-78.99527546341689
TS298,2.0,5.768313177841259,137.8960801360208,-78.0178483597599
TS298,2.0,5.777039824101231,138.97155714622122,-77.03319202063614
TS298,2.0,5.785766470361202,140.0502837851611,-76.04109981713385
TS298,2.0,5.794493116621174,141.13227584475638,-75.04136217850646
TS298,2.0,5.803219762881146,142.21754242096137,-74.03376659479767
TS298,2.0,5.811946409141117,143.30608549890917,-73.01809762911878
TS298,2.0,5.820673055401089,144.39789951656914,-71.99413694050884
TS298,2.0,5.82939970166106,145.49297090651132,-70.9616633183704
TS298,2.0,5.838126347921032,146.59127761545372,-69.92045272953493
TS298,2.0,5.846852994181004,147.69278860135884,-68.87027837908087
TS298,2.0,5.8555796404409755,148.79746330796928,-67.81091078608806
TS298,2.0,5.8643062867009474,149.90525111680194,-66.74211787557968
TS298,2.0,5.8730329329609186,151.01609077677813,-65.66366508796693
TS298,2.0,5.8817595792208905,152.12990981184973,-64.57531550736869
TS298,2.0,5.8904862254808625,153.24662390718217,-63.476830010243795
TS298,2.0,5.899212871740834,154.36613627469265,-62.36796743581962
TS298,2.0,5.907939518000806,155.48833699900308,-61.24848477985374
TS298,2.0,5.916666164260777,156.61310236515806,-60.11813741330428
TS298,2.0,5.925392810520749,157.7402941697935,-58.97667932751208
TS298,2.0,5.934119456780721,158.8697590177946,-57.82386340752179
TS298,2.0,5.942846103040692,160.00132760688908,-56.6594417351682
TS298,2.0,5.951572749300664,161.13481400305298,-55.483165923545364
TS298,2.0,5.960299395560636,162.2700149100819,-54.294787484444974
TS298,2.0,5.969026041820607,163.40670893719465,-53.09405823029227
TS298,2.0,5.977752688080579,164.5446558690853,-51.8807307120317
TS298,2.0,5.98647933434055,165.6835959434226,-50.65455869430401
TS298,2.0,5.995205980600522,166.82324914142123,-49.415297669110245
TS298,2.0,6.003932626860494,167.96331449775036,-48.16270540898536
TS298,2.0,6.012659273120465,169.10346943672465,-46.89654256047654
TS298,2.0,6.021385919380437,170.24336914241147,-45.61657327846265
TS298,2.0,6.030112565640408,171.38264597098717,-44.322565901537544
TS298,2.0,6.03883921190038,172.5209089143828,-43.01429366831338
TS298,2.0,6.047565858160352,173.6577431249397,-41.69153547408904
TS298,2.0,6.056292504420323,174.79270951146688,-40.354076666848435
TS298,2.0,6.065019150680295,175.92534441770462,-39.00170988102604
TS298,2.0,6.073745796940266,177.05515939475978,-37.63423590688795
TS298,2.0,6.082472443200238,178.18164107955698,-36.25146459272419
TS298,2.0,6.09119908946021,179.30425119171525,-34.85321577635271
TS298,2.0,6.0999257357201815,180.4224266615089,-33.43932024167393
TS298,2.0,6.1086523819801535,181.5355799016517,-32.00962069521855
TS298,2.0,6.1173790282401255,182.64309923555055,-30.563972756793596
TS298,2.0,6.126105674500097,183.74434949436736,-29.102245957461413
TS298,2.0,6.134832320760069,184.83867279468546,-27.62432473720951
TS298,2.0,6.14355896702004,185.92538950776566,-26.13010943378872
TS298,2.0,6.152285613280012,187.0037994302901,-24.61951725333014
TS298,2.0,6.161012259539984,188.07318316508352,-23.092483212536276
TS298,2.0,6.169738905799955,189.13280371858463,-21.548961041472715
TS298,2.0,6.178465552059927,190.1819083197828,-19.988924035317755
TS298,2.0,6.187192198319898,191.21973046294775,-18.412365842867217
TS298,2.0,6.19591884457987,192.24549217377043,-16.819301179166686
TS298,2.0,6.204645490839842,193.25840649550818,-15.209766449402384
TS298,2.0,6.213372137099813,194.25768018843294,-13.583820271119205
TS298,2.0,6.222098783359785,195.24251663234062,-11.941543882008462
TS298,2.0,6.230825429619756,196.21211891815793,-10.283041420920759
TS298,2.0,6.239552075879728,197.16569311084567,-8.60844007042988
TS298,2.0,6.2482787221397,198.1024516619094,-6.917890050235607
TS298,2.0,6.257005368399671,199.02161694600002,-5.211564451920799
TS298,2.0,6.265732014659643,199.92242489238956,-3.489658907103373
TS298,2.0,6.274458660919615,200.80412867866562,-1.7523910828171703
TS298,2.0,6.283185307179586,201.6660024508976,-4.93939248796668e-14
TS298,5.0,0.0,232.91857659145091,0.0
TS298,5.0,0.008726646259971648,233.8709674909961,2.0409610133907696
TS298,5.0,0.017453292519943295,234.79537199160816,4.098368462958521
TS298,5.0,0.026179938779914945,235.69095655871868,6.171784903013251
TS298,5.0,0.03490658503988659,236.5569434632848,8.260750494353767
TS298,5.0,0.04363323129985824,237.3926156554558,10.364785439035202
TS298,5.0,0.05235987755982989,238.19732123688507,12.483392637194337
TS298,5.0,0.061086523819801536,238.97047746549558,14.616060540401977
TS298,5.0,0.06981317007977318,239.71157423243986,16.76226617203466
TS298,5.0,0.07853981633974483,240.4201769584521,18.921478281706985
TS298,5.0,0.08726646259971647,241.09592886559628,21.09316059799226
TS298,5.0,0.09599310885968812,241.73855259036148,23.276775141576536
TS298,5.0,0.10471975511965978,242.34785111486283,25.471785559707676
TS298,5.0,0.11344640137963143,242.9237080042898,27.677660442360068
TS298,5.0,0.12217304763960307,243.4660869503665,29.89387658094914
TS298,5.0,0.1308996938995747,243.97503063213392,32.11992213168183
TS298,5.0,0.13962634015954636,244.45065891649804,34.355299647674215
TS298,5.0,0.14835298641951802,244.8931664314115,36.59952894673306
TS298,5.0,0.15707963267948966,245.3028195539973,38.852149785090575
TS298,5.0,0.16580627893946132,245.67995286415103,41.11272431128721
TS298,5.0,0.17453292519943295,246.02496512099256,43.38083927869002
TS298,5.0,0.1832595714594046,246.33831482485994,45.65610799968318
TS298,5.0,0.19198621771937624,246.62051543127924,47.938172029235524
TS298,5.0,0.2007128639793479,246.87213028549561,50.22670257021118
TS298,5.0,0.20943951023931956,247.093767346757,52.52140159731905
TS298,5.0,0.2181661564992912,247.2860737706988,54.82200270089222
TS298,5.0,0.22689280275926285,247.4497304160119,57.12827165565291
TS298,5.0,0.23561944901923448,247.58544633825352,59.44000672318456
TS298,5.0,0.24434609527920614,247.6939533293658,61.75703869994278
TS298,5.0,0.2530727415391778,247.77600055640187,64.07923072526039
TS298,5.0,0.2617993877991494,247.8323493473113,66.40647786591994
TS298,5.0,0.27052603405912107,247.86376816562787,68.73870649548626
TS298,5.0,0.2792526803190927,247.8710278096923,71.07587348772242
TS298,5.0,0.2879793265790644,247.8548968658234,73.4179652440915
TS298,5.0,0.29670597283903605,247.81613743876068,75.76499657560535
TS298,5.0,0.30543261909900765,247.75550117687027,78.11700945917276
TS298,5.0,0.3141592653589793,247.67372560414603,80.47407168817132
TS298,5.0,0.32288591161895097,247.5715307660111,82.83627543627082
TS298,5.0,0.33161255787892263,247.44961619141054,85.2037357526321
TS298,5.0,0.34033920413889424,247.30865816969782,87.57658900553574
TS298,5.0,0.3490658503988659,247.1493073373899,89.95499129031944
TS298,5.0,0.35779249665883756,246.9721865669797,92.33911681625659
TS298,5.0,0.3665191429188092,246.77788914765085,94.72915628573979
TS298,5.0,0.3752457891787809,246.566977245902,97.12531527787193
TS298,5.0,0.3839724354387525,246.3399806327222,99.52781264734436
TS298,5.0,0.39269908169872414,246.0973956630253,101.93687894832279
TS298,5.0,0.4014257279586958,245.83968449250227,104.35275489198212
TS298,5.0,0.41015237421866746,245.56727451683977,106.77568984535066
TS298,5.0,0.4188790204786391,245.28055801832605,109.20594037824344
TS298,5.0,0.4276056667386107,244.97989200517935,111.64376886429736
TS298,5.0,0.4363323129985824,244.6655982294414,114.0894421414626
TS298,5.0,0.44505895925855404,244.3379633699259,116.54323023675396
TS298,5.0,0.4537856055185257,243.99723936747324,119.00540515962183
TS298,5.0,0.4625122517784973,243.6436439005788,121.47623976794821
TS298,5.0,0.47123889803846897,243.27736099031884,123.95600671041062
TS298,5.0,0.4799655442984406,242.898541724341,126.44497744876047
TS298,5.0,0.4886921905584123,242.50730509050499,128.94342136342922
TS298,5.0,0.49741883681838395,242.10373891151227,131.45160494578158
TS298,5.0,0.5061454830783556,241.68790087253672,133.9697910802667
TS298,5.0,0.5148721293383273,241.259819634433,136.4982384196535
TS298,5.0,0.5235987755982988,240.8194960255445,139.0372008564581
TS298,5.0,0.5323254218582705,240.36690430542782,141.58692709354773
TS298,5.0,0.5410520681182421,239.90199349395658,144.1476603167245
TS298,5.0,0.5497787143782138,239.4246887592373,146.7196379718185
TS298,5.0,0.5585053606381855,238.93489285755396,149.30309164842433
TS298,5.0,0.5672320068981571,238.43248761815065,151.8982470718746
TS298,5.0,0.5759586531581288,237.91733546504523,154.50532420431975
TS298,5.0,0.5846852994181004,237.3892809672372,157.12453745484146
TS298,5.0,0.5934119456780721,236.8481524076195,159.75609599733244
TS298,5.0,0.6021385919380436,236.29376335962215,162.40020419338387
TS298,5.0,0.6108652381980153,235.72591425909465,165.05706211559377
TS298,5.0,0.619591884457987,235.1443939571771,167.72686616449693
TS298,5.0,0.6283185307179586,234.54898123789908,170.40980976966515
TS298,5.0,0.6370451769779303,233.93944628199105,173.10608416239123
TS298,5.0,0.6457718232379019,233.31555205587927,175.81587920367713
TS298,5.0,0.6544984694978736,232.67705560206147,178.53938424694292
TS298,5.0,0.6632251157578453,232.02370920402623,181.27678900988008
TS298,5.0,0.6719517620178169,231.35526139556967,184.02828442411004
TS298,5.0,0.6806784082777885,230.67145778077744,186.79406342468974
TS298,5.0,0.6894050545377601,229.9720416270668,189.57432163392693
TS298,5.0,0.6981317007977318,229.2567541895118,192.36925788531968
TS298,5.0,0.7068583470577035,228.5253347201837,195.17907452358264
TS298,5.0,0.7155849933176751,227.77752011142562,198.00397740553112
TS298,5.0,0.7243116395776468,227.01304411680655,200.84417551389186
TS298,5.0,0.7330382858376184,226.2316360879645,203.69988008172038
TS298,5.0,0.7417649320975901,225.43301915961536,206.5713031088226
TS298,5.0,0.7504915783575618,224.61690780867275,209.4586551331797
TS298,5.0,0.7592182246175333,223.78300470667784,212.3621420996264
TS298,5.0,0.767944870877505,222.93099677760046,215.28196114468074
TS298,5.0,0.7766715171374766,222.06055036557623,218.2182950902156
TS298,5.0,0.7853981633974483,221.17130540938618,221.17130540938618
TS298,5.0,0.7941248096574199,220.2628685126076,224.14112339567666
TS298,5.0,0.8028514559173916,219.33480479062536,227.12783923002962
TS298,5.0,0.8115781021773633,218.38662836846763,230.13148860181076
TS298,5.0,0.8203047484373349,217.41779139727856,233.15203649711515
TS298,5.0,0.8290313946973066,216.42767145297648,236.1893577232605
TS298,5.0,0.8377580409572782,215.41555717939724,239.24321369234215
TS298,5.0,0.8464846872172498,214.3806320415357,242.3132249412323
TS298,5.0,0.8552113334772214,213.32195606447496,245.39883882316025
TS298,5.0,0.8639379797371931,212.2384454529907,248.499291771034
TS298,5.0,0.8726646259971648,211.12885001923533,251.61356551070782
TS298,5.0,0.8813912722571364,209.9917283959312,254.74033660140097
TS298,5.0,0.8901179185171081,208.82542108584676,257.8779187111469
TS298,5.0,0.8988445647770797,207.62802150195898,261.02419711161195
TS298,5.0,0.9075712110370514,206.39734529482152,264.1765550169723
TS298,5.0,0.9162978572970231,205.13089845355552,267.33179161838643
TS298,5.0,0.9250245035569946,203.82584491445596,270.4860320061335
TS298,5.0,0.9337511498169663,202.4789747261057,273.6346296571214
TS298,5.0,0.9424777960769379,201.08667420991614,276.7720628302056
TS298,5.0,0.9512044423369096,199.64490002373802,279.8918270891781
TS298,5.0,0.9599310885968813,198.14915957944194,282.98632729100524
TS298,5.0,0.9686577348568529,196.5945008664926,286.04677374809955
TS298,5.0,0.9773843811168246,194.97551535744861,289.0630888846097
TS298,5.0,0.9861110273767962,193.2863582578742,292.0238325016545
TS298,5.0,0.9948376736367679,191.52079082085493,294.9161556270961
TS298,5.0,1.0035643198967394,189.6722496484564,297.7257946526099
TS298,5.0,1.0122909661567112,187.73394768872788,300.4371187594576
TS298,5.0,1.0210176124166828,185.69901082441183,303.03324411196377
TS298,5.0,1.0297442586766545,183.56065235806093,305.49622748639706
TS298,5.0,1.038470904936626,181.31238519168457,307.8073494169686
TS298,5.0,1.0471975511965976,178.94826804307885,309.9474921770666
TS298,5.0,1.0559241974565694,176.46317776893466,311.8976107937975
TS298,5.0,1.064650843716541,173.85309513431596,313.63928602405196
TS298,5.0,1.0733774899765127,171.11538678372742,315.1553375306235
TS298,5.0,1.0821041362364843,168.24906254197106,316.4304646923951
TS298,5.0,1.090830782496456,165.25498539896648,317.4518733442957
TS298,5.0,1.0995574287564276,162.1360123917766,318.209841240814
TS298,5.0,1.1082840750163994,158.8970485158915,318.6981748810578
TS298,5.0,1.117010721276371,155.54500264640174,318.91451646437923
TS298,5.0,1.1257373675363425,152.0886434572499,318.86047193430073
TS298,5.0,1.1344640137963142,148.53836317610327,318.54154779231567
TS298,5.0,1.1431906600562858,144.90586611212103,317.9669030540641
TS298,5.0,1.1519173063162575,141.20380575565616,317.14894034243156
TS298,5.0,1.160643952576229,137.44539784793434,316.10277389249404
TS298,5.0,1.1693705988362009,133.64403681753268,314.84562031482113
TS298,5.0,1.1780972450961724,129.8129397498886,313.39615971570254
TS298,5.0,1.1868238913561442,125.96483650585665,311.773910828379
TS298,5.0,1.1955505376161157,122.1117179026453,309.998655689504
TS298,5.0,1.2042771838760873,118.26464714858561,308.0899390266513
TS298,5.0,1.213003830136059,114.43363386443393,306.06665676196747
TS298,5.0,1.2217304763960306,110.6275655558034,303.9467383338057
TS298,5.0,1.2304571226560024,106.8541885000304,301.7469197856528
TS298,5.0,1.239183768915974,103.1201285769133,299.482599120401
TS298,5.0,1.2479104151759457,99.43094233680809,297.1677621933741
TS298,5.0,1.2566370614359172,95.79118922267308,294.8149660770605
TS298,5.0,1.265363707695889,92.20451701256916,292.4353669114748
TS298,5.0,1.2740903539558606,88.67375394603692,290.03878028521325
TS298,5.0,1.2828170002158321,85.20100243314951,287.6337637623717
TS298,5.0,1.2915436464758039,81.78773058171,285.2277129596243
TS298,5.0,1.3002702927357754,78.43485893943023,282.8269643616768
TS298,5.0,1.3089969389957472,75.14284080310034,280.4368997022302
TS298,5.0,1.3177235852557188,71.91173519571953,278.06204815817904
TS298,5.0,1.3264502315156905,68.7412721736751,275.7061837811743
TS298,5.0,1.335176877775662,65.63091052673329,273.37241652782683
TS298,5.0,1.3439035240356338,62.57988820384558,271.06327597035687
TS298,5.0,1.3526301702956054,59.58726596634088,268.78078730434646
TS298,5.0,1.361356816555577,56.65196486233053,266.5265396524355
TS298,5.0,1.3700834628155487,53.77279815333302,264.3017469237275
TS298,5.0,1.3788101090755203,50.9484983231723,262.10730165613256
TS298,5.0,1.387536755335492,48.17773977323147,259.9438223663486
TS298,5.0,1.3962634015954636,45.4591577669368,257.81169497876175
TS298,5.0,1.4049900478554354,42.791364136985855,255.7111089152792
TS298,5.0,1.413716694115407,40.17296021629244,253.64208841459657
TS298,5.0,1.4224433403753787,37.60254740122446,251.60451962032926
TS298,5.0,1.4311699866353502,35.07873570560705,249.59817393919425
TS298,5.0,1.4398966328953218,32.60015061739867,247.62272812756507
TS298,5.0,1.4486232791552935,30.165438527584953,245.67778152042368
TS298,5.0,1.457349925415265,27.773270962889985,243.76287077311233
TS298,5.0,1.4660765716752369,25.422347820338935,241.87748244471578
TS298,5.0,1.4748032179352084,23.11139977230265,240.02106371317745
TS298,5.0,1.4835298641951802,20.839189985092325,238.19303147678573
TS298,5.0,1.4922565104551517,18.604515272101185,236.39278006460657
TS298,5.0,1.5009831567151235,16.406206783521338,234.61968774974216
TS298,5.0,1.509709802975095,14.243130318444514,232.87312223382116
TS298,5.0,1.5184364492350666,12.114186331326572,231.15244524865048
TS298,5.0,1.5271630954950384,10.018309693051904,229.45701640123653
TS298,5.0,1.53588974175501,7.9544692568787525,227.78619637114474
TS298,5.0,1.5446163880149817,5.921667271131999,226.13934955415317
TS298,5.0,1.5533430342749532,3.9189386734127987,224.5158462331174
TS298,5.0,1.562069680534925,1.94535029511309,222.91506434566406
TS298,5.0,1.5707963267948966,1.3552945133049712e-14,221.3363909085591
TS298,5.0,1.5795229730548683,-1.9179842235871007,219.77922315015627
TS298,5.0,1.5882496193148399,-3.8094452009176707,218.24296939505444
TS298,5.0,1.5969762655748114,-5.675197526381972,216.7270497388195
TS298,5.0,1.6057029118347832,-7.516028525758107,215.23089654522803
TS298,5.0,1.6144295580947547,-9.332699216722755,213.75395479384605
TS298,5.0,1.6231562043547265,-11.12594526081323,212.29568230175911
TS298,5.0,1.631882850614698,-12.896477901475647,210.85554983984034
TS298,5.0,1.6406094968746698,-14.644984884022083,209.43304116099074
TS298,5.0,1.6493361431346414,-16.3721313542978,208.02765295525325
TS298,5.0,1.6580627893946132,-18.078560733672635,206.63889474452554
TS298,5.0,1.6667894356545847,-19.764895568634184,205.26628872772918
TS298,5.0,1.6755160819145565,-21.431738353809703,203.90936958568574
TS298,5.0,1.684242728174528,-23.07967232768712,202.5676842535785
TS298,5.0,1.6929693744344996,-24.709262240670263,201.24079166769056
TS298,5.0,1.7016960206944713,-26.32105509539374,199.92826249210225
TS298,5.0,1.710422666954443,-27.915580859458178,198.629678830157
TS298,5.0,1.7191493132144147,-29.49335315093237,197.3446339247595
TS298,5.0,1.7278759594743862,-31.054869897112873,196.07273185093288
TS298,5.0,1.736602605734358,-32.60061396714593,194.81358720350946
TS298,5.0,1.7453292519943295,-34.13105377919876,193.56682478236428
TS298,5.0,1.7540558982543013,-35.646643882931485,192.33207927719496
TS298,5.0,1.7627825445142729,-37.14782551806198,191.10899495351015
TS298,5.0,1.7715091907742444,-38.63502714984603,189.89722534119275
TS298,5.0,1.7802358370342162,-40.108664982308945,188.6964329267548
TS298,5.0,1.7889624832941877,-41.569143450071266,187.50628885018446
TS298,5.0,1.7976891295541595,-43.016855689609045,186.32647260710465
TS298,5.0,1.806415775814131,-44.45218399077848,185.1566717568066
TS298,5.0,1.8151424220741028,-45.87550022942305,183.99658163658918
TS298,5.0,1.8238690683340744,-47.2871662818607,182.84590508272484
TS298,5.0,1.8325957145940461,-48.68753442203009,181.70435215827484
TS298,5.0,1.8413223608540177,-50.076947702049566,180.5716398879013
TS298,5.0,1.8500490071139892,-51.45574031691944,179.44749199975192
TS298,5.0,1.858775653373961,-52.824237954070895,178.33163867444048
TS298,5.0,1.8675022996339325,-54.1827581284391,177.22381630109794
TS298,5.0,1.8762289458939043,-55.531610503711455,176.12376724042963
TS298,5.0,1.8849555921538759,-56.87109720037385,175.0312395946843
TS298,5.0,1.8936822384138476,-58.20151309115278,173.94598698441195
TS298,5.0,1.9024088846738192,-59.523146084423246,172.8677683318691
TS298,5.0,1.911135530933791,-60.836277396128075,171.79634765091075
TS298,5.0,1.9198621771937625,-62.14118181072757,170.73149384319834
TS298,5.0,1.928588823453734,-63.43812793167534,169.67298050053856
TS298,5.0,1.9373154697137058,-64.72737842189107,168.62058571316595
TS298,5.0,1.9460421159736774,-66.00919023467881,167.57409188377235
TS298,5.0,1.9547687622336491,-67.28381483551696,166.53328554708438
TS298,5.0,1.9634954084936207,-68.55149841512412,165.4979571947904
TS298,5.0,1.9722220547535925,-69.81248209418513,164.46790110561437
TS298,5.0,1.980948701013564,-71.06700212010115,163.44291518033793
TS298,5.0,1.9896753472735358,-72.31529005610861,162.4228007815698
TS298,5.0,1.9984019935335073,-73.5575729630935,161.40736257806876
TS298,5.0,2.007128639793479,-74.7940735744103,160.39640839342405
TS298,5.0,2.0158552860534504,-76.02501046399672,159.3897490589039
TS298,5.0,2.0245819323134224,-77.25059820806021,158.3871982702845
TS298,5.0,2.033308578573394,-78.471047540596,157.38857244847765
TS298,5.0,2.0420352248333655,-79.68656550298155,156.39369060377592
TS298,5.0,2.050761871093337,-80.89735558787734,155.4023742035434
TS298,5.0,2.059488517353309,-82.1036178776501,154.4144470431787
TS298,5.0,2.0682151636132806,-83.30554917752143,153.42973512018744
TS298,5.0,2.076941809873252,-84.5033431436313,152.44806651119893
TS298,5.0,2.0856684561332237,-85.6971904061928,151.46927125177348
TS298,5.0,2.0943951023931953,-86.88727868790309,150.49318121884474
TS298,5.0,2.1031217486531673,-88.0737929177633,149.51963001565
TS298,5.0,2.111848394913139,-89.25691534044729,148.54845285900362
TS298,5.0,2.1205750411731104,-90.43682562135074,147.57948646877335
TS298,5.0,2.129301687433082,-91.61370094743631,146.61256895942319
TS298,5.0,2.138028333693054,-92.78771612398509,145.64753973349133
TS298,5.0,2.1467549799530254,-93.95904366734854,144.68423937687447
TS298,5.0,2.155481626212997,-95.12785389378905,143.7225095557928
TS298,5.0,2.1642082724729685,-96.2943150044831,142.7621929153174
TS298,5.0,2.17293491873294,-97.45859316675235,141.80313297933938
TS298,5.0,2.181661564992912,-98.62085259157826,140.84517405187034
TS298,5.0,2.1903882112528836,-99.7812556074422,139.88816111956095
TS298,5.0,2.199114857512855,-100.93996273052738,138.931939755332
TS298,5.0,2.2078415037728267,-102.09713273130268,137.9763560230139
TS298,5.0,2.2165681500327987,-103.25292269750324,137.02125638289414
TS298,5.0,2.2252947962927703,-104.40748809350727,136.06648759807476
TS298,5.0,2.234021442552742,-105.56098281610134,135.1118966415463
TS298,5.0,2.2427480888127134,-106.71355924661152,134.15733060388672
TS298,5.0,2.251474735072685,-107.86536829936956,133.2026366014976
TS298,5.0,2.260201381332657,-109.01655946646927,132.24766168529288
TS298,5.0,2.2689280275926285,-110.16728085875643,131.2922527497583
TS298,5.0,2.2776546738526,-111.31767924298484,130.33625644230364
TS298,5.0,2.2863813201125716,-112.46790007505504,129.37951907283278
TS298,5.0,2.2951079663725436,-113.61808752924169,128.42188652346013
TS298,5.0,2.303834612632515,-114.7683845232999,127.46320415830591
TS298,5.0,2.3125612588924866,-115.91893273932763,126.50331673330533
TS298,5.0,2.321287905152458,-117.06987264024481,125.54206830597323
TS298,5.0,2.3300145514124297,-118.22134348173513,124.57930214506656
TS298,5.0,2.3387411976724017,-119.37348331948021,123.61486064009463
TS298,5.0,2.3474678439323733,-120.52642901149729,122.64858521062968
TS298,5.0,2.356194490192345,-121.68031621537638,121.6803162153764
TS298,5.0,2.3649211364523164,-122.8352793801909,120.7098928609648
TS298,5.0,2.3736477827122884,-123.99145173283875,119.73715311043546
TS298,5.0,2.38237442897226,-125.14896525854873,118.76193359139421
TS298,5.0,2.3911010752322315,-126.30795067526758,117.78406950381867
TS298,5.0,2.399827721492203,-127.46853740161802,116.80339452750852
TS298,5.0,2.4085543677521746,-128.63085351809673,115.81974072917737
TS298,5.0,2.4172810140121466,-129.79502572115612,114.83293846919537
TS298,5.0,2.426007660272118,-130.9611792697875,113.84281630799963
TS298,5.0,2.4347343065320897,-132.1294379241975,112.8492009122012
TS298,5.0,2.443460952792061,-133.2999238761411,111.85191696042955
TS298,5.0,2.452187599052033,-134.47275767044565,110.85078704896706
TS298,5.0,2.4609142453120048,-135.64805811722945,109.84563159724077
TS298,5.0,2.4696408915719763,-136.82594219428984,108.83626875325426
TS298,5.0,2.478367537831948,-138.00652493909848,107.82251429905851
TS298,5.0,2.4870941840919194,-139.18991932981294,106.80418155637989
TS298,5.0,2.4958208303518914,-140.37623615467564,105.78108129254207
TS298,5.0,2.504547476611863,-141.56558386913727,104.75302162684234
TS298,5.0,2.5132741228718345,-142.75806844000581,103.71980793756417
TS298,5.0,2.522000769131806,-143.953793175883,102.68124276983662
TS298,5.0,2.530727415391778,-145.15285854311563,101.63712574457719
TS298,5.0,2.5394540616517496,-146.355361966448,100.58725346878646
TS298,5.0,2.548180707911721,-147.56139761352716,99.53141944749582
TS298,5.0,2.5569073541716927,-148.7710561623711,98.46941399770677
TS298,5.0,2.5656340004316642,-149.98442455087604,97.40102416469809
TS298,5.0,2.5743606466916362,-151.2015857074016,96.32603364112084
TS298,5.0,2.5830872929516078,-152.42261826143678,95.24422268934683
TS298,5.0,2.5918139392115793,-153.64759623332048,94.15536806758485
TS298,5.0,2.600540585471551,-154.87658870195617,93.05924296033429
TS298,5.0,2.609267231731523,-156.10965944943825,91.95561691380095
TS298,5.0,2.6179938779914944,-157.34686658148271,90.84425577696315
TS298,5.0,2.626720524251466,-158.58826212254155,89.72492164904064
TS298,5.0,2.6354471705114375,-159.83389158446724,88.59737283419078
TS298,5.0,2.644173816771409,-161.08379350759523,87.46136380432992
TS298,5.0,2.652900463031381,-162.3379989731182,86.31664517105838
TS298,5.0,2.6616271092913526,-163.5965310856449,85.16296366775124
TS298,5.0,2.670353755551324,-164.85940442486978,84.00006214296562
TS298,5.0,2.6790804018112957,-166.12662446532292,82.82767956640927
TS298,5.0,2.6878070480712677,-167.39818696323835,81.64555104881225
TS298,5.0,2.6965336943312392,-168.67407730965738,80.45340787714447
TS298,5.0,2.705260340591211,-169.95426984899535,79.25097756672773
TS298,5.0,2.7139869868511823,-171.2387271624258,78.03798393189824
TS298,5.0,2.722713633111154,-172.52739931560185,76.81414717698631
TS298,5.0,2.731440279371126,-173.82022307042212,75.57918400948948
TS298,5.0,2.7401669256310974,-175.11712106077974,74.33280777742958
TS298,5.0,2.748893571891069,-176.41800093249913,73.0747286329905
TS298,5.0,2.7576202181510405,-177.72275444797572,71.804653724644
TS298,5.0,2.7663468644110125,-179.0312565563934,70.52228742006967
TS298,5.0,2.775073510670984,-180.3433644308046,69.22733156227112
TS298,5.0,2.7838001569309556,-181.65891647382549,67.91948576137317
TS298,5.0,2.792526803190927,-182.9777312942238,66.59844772465689
TS298,5.0,2.8012534494508987,-184.29960665726844,65.2639136274411
TS298,5.0,2.8099800957108707,-185.6243184123704,63.91557852745235
TS298,5.0,2.8187067419708423,-186.95161940226805,62.55313682533186
TS298,5.0,2.827433388230814,-188.28123835881763,61.17628277390248
TS298,5.0,2.8361600344907854,-189.61287879131868,59.784711038760335
TS298,5.0,2.8448866807507573,-190.9462178742568,58.37811731265034
TS298,5.0,2.853613327010729,-192.28090534236463,56.95619898593475
TS298,5.0,2.8623399732707004,-193.61656240199338,55.518655875253906
TS298,5.0,2.871066619530672,-194.95278066893593,54.06519101221038
TS298,5.0,2.8797932657906435,-196.28912114405273,52.5955114935638
TS298,5.0,2.8885199120506155,-197.62511323929814,51.109329394006544
TS298,5.0,2.897246558310587,-198.9602538680239,49.60636274208662
TS298,5.0,2.9059732045705586,-200.2940066147226,48.08633655924719
TS298,5.0,2.91469985083053,-201.62580100064753,46.548983961262294
TS298,5.0,2.923426497090502,-202.95503186297586,44.99404732054952
TS298,5.0,2.9321531433504737,-204.28105886634313,43.42127948694128
TS298,5.0,2.9408797896104453,-205.6032061666246,41.83044506348472
TS298,5.0,2.949606435870417,-206.92076224773393,40.2213217327269
TS298,5.0,2.9583330821303884,-208.23297995290952,38.59370162771965
TS298,5.0,2.9670597283903604,-209.53907673240752,36.94739274066477
TS298,5.0,2.975786374650332,-210.83823512966532,35.282220360720004
TS298,5.0,2.9845130209103035,-212.129603527788,33.598028531014506
TS298,5.0,2.993239667170275,-213.41229717758094,31.894681513407154
TS298,5.0,3.001966313430247,-214.68539952725303,30.172065247976505
TS298,5.0,3.0106929596902186,-215.9479638722881,28.430088792699454
TS298,5.0,3.01941960595019,-217.19901534178976,26.668685727284906
TS298,5.0,3.0281462522101616,-218.43755323479337,24.887815503729293
TS298,5.0,3.036872898470133,-219.6625537166006,23.087464724888942
TS298,5.0,3.045599544730105,-220.8729728810928,21.267648331281165
TS298,5.0,3.0543261909900767,-222.06775018024433,19.42841067547835
TS298,5.0,3.0630528372500483,-223.24581221670255,17.569826462902775
TS298,5.0,3.07177948351002,-224.40607688937428,15.692001537624265
TS298,5.0,3.080506129769992,-225.54745787555254,13.79507349194975
TS298,5.0,3.0892327760299634,-226.6688694263126,11.879212079230673
TS298,5.0,3.097959422289935,-227.76923144485735,9.944619410429603
TS298,5.0,3.1066860685499065,-228.84747481033722,7.991529916620371
TS298,5.0,3.115412714809878,-229.90254690260244,6.020210061747929
TS298,5.0,3.12413936106985,-230.9334172765623,4.030957792657542
TS298,5.0,3.1328660073298216,-231.93908342854033,2.02410171659065
TS298,5.0,3.141592653589793,-232.91857659145091,2.85242989284678e-14
TS298,5.0,3.1503192998497647,-233.8709674909961,-2.0409610133907177
TS298,5.0,3.1590459461097367,-234.7953719916082,-4.09836846295855
TS298,5.0,3.167772592369708,-235.69095655871868,-6.171784903013257
TS298,5.0,3.1764992386296798,-236.55694346328477,-8.26075049435375
TS298,5.0,3.1852258848896513,-237.39261565545573,-10.364785439035158
TS298,5.0,3.193952531149623,-238.19732123688507,-12.483392637194273
TS298,5.0,3.202679177409595,-238.97047746549558,-14.616060540401994
TS298,5.0,3.2114058236695664,-239.71157423243986,-16.762266172034654
TS298,5.0,3.220132469929538,-240.42017695845215,-18.92147828170696
TS298,5.0,3.2288591161895095,-241.0959288655963,-21.093160597992206
TS298,5.0,3.2375857624494815,-241.7385525903615,-23.27677514157657
TS298,5.0,3.246312408709453,-242.3478511148629,-25.47178555970769
TS298,5.0,3.2550390549694246,-242.9237080042898,-27.67766044236005
TS298,5.0,3.263765701229396,-243.4660869503665,-29.893876580949097
TS298,5.0,3.2724923474893677,-243.9750306321339,-32.11992213168177
TS298,5.0,3.2812189937493397,-244.4506589164981,-34.35529964767425
TS298,5.0,3.2899456400093112,-244.8931664314115,-36.59952894673305
TS298,5.0,3.2986722862692828,-245.3028195539973,-38.85214978509054
TS298,5.0,3.3073989325292543,-245.67995286415103,-41.11272431128715
TS298,5.0,3.3161255787892263,-246.02496512099256,-43.380839278690054
TS298,5.0,3.324852225049198,-246.3383148248599,-45.65610799968317
TS298,5.0,3.3335788713091694,-246.62051543127924,-47.9381720292355
TS298,5.0,3.342305517569141,-246.8721302854956,-50.22670257021112
TS298,5.0,3.351032163829113,-247.09376734675698,-52.52140159731909
TS298,5.0,3.3597588100890845,-247.2860737706988,-54.822002700892234
TS298,5.0,3.368485456349056,-247.4497304160119,-57.1282716556529
TS298,5.0,3.3772121026090276,-247.58544633825343,-59.44000672318451
TS298,5.0,3.385938748868999,-247.6939533293658,-61.757038699942726
TS298,5.0,3.394665395128971,-247.7760005564018,-64.0792307252604
TS298,5.0,3.4033920413889427,-247.8323493473113,-66.40647786591995
TS298,5.0,3.4121186876489142,-247.86376816562785,-68.73870649548623
TS298,5.0,3.420845333908886,-247.8710278096923,-71.07587348772238
TS298,5.0,3.429571980168858,-247.8548968658234,-73.41796524409153
TS298,5.0,3.4382986264288293,-247.81613743876068,-75.76499657560535
TS298,5.0,3.447025272688801,-247.75550117687027,-78.11700945917275
TS298,5.0,3.4557519189487724,-247.673725604146,-80.47407168817126
TS298,5.0,3.464478565208744,-247.57153076601114,-82.83627543627077
TS298,5.0,3.473205211468716,-247.4496161914105,-85.20373575263211
TS298,5.0,3.4819318577286875,-247.30865816969782,-87.57658900553575
TS298,5.0,3.490658503988659,-247.1493073373899,-89.95499129031943
TS298,5.0,3.4993851502486306,-246.97218656697973,-92.33911681625655
TS298,5.0,3.5081117965086026,-246.77788914765085,-94.72915628573985
TS298,5.0,3.516838442768574,-246.566977245902,-97.12531527787196
TS298,5.0,3.5255650890285457,-246.3399806327222,-99.52781264734436
TS298,5.0,3.5342917352885173,-246.09739566302534,-101.93687894832276
TS298,5.0,3.543018381548489,-245.83968449250227,-104.35275489198206
TS298,5.0,3.551745027808461,-245.56727451683977,-106.77568984535068
TS298,5.0,3.5604716740684323,-245.28055801832605,-109.20594037824344
TS298,5.0,3.569198320328404,-244.97989200517935,-111.64376886429734
TS298,5.0,3.5779249665883754,-244.66559822944131,-114.0894421414625
TS298,5.0,3.5866516128483474,-244.33796336992586,-116.543230236754
TS298,5.0,3.595378259108319,-243.99723936747327,-119.00540515962186
TS298,5.0,3.6041049053682905,-243.6436439005788,-121.47623976794821
TS298,5.0,3.612831551628262,-243.27736099031884,-123.95600671041058
TS298,5.0,3.6215581978882336,-242.89854172434096,-126.44497744876037
TS298,5.0,3.6302848441482056,-242.50730509050496,-128.94342136342925
TS298,5.0,3.639011490408177,-242.10373891151227,-131.45160494578158
TS298,5.0,3.6477381366681487,-241.68790087253666,-133.96979108026662
TS298,5.0,3.6564647829281203,-241.259819634433,-136.4982384196534
TS298,5.0,3.6651914291880923,-240.81949602554448,-139.03720085645816
TS298,5.0,3.673918075448064,-240.3669043054278,-141.58692709354776
TS298,5.0,3.6826447217080354,-239.90199349395658,-144.1476603167245
TS298,5.0,3.691371367968007,-239.4246887592373,-146.71963797181849
TS298,5.0,3.7000980142279785,-238.934892857554,-149.3030916484243
TS298,5.0,3.7088246604879505,-238.43248761815067,-151.89824707187466
TS298,5.0,3.717551306747922,-237.91733546504523,-154.50532420431975
TS298,5.0,3.7262779530078936,-237.3892809672372,-157.12453745484146
TS298,5.0,3.735004599267865,-236.8481524076195,-159.75609599733238
TS298,5.0,3.743731245527837,-236.29376335962218,-162.40020419338393
TS298,5.0,3.7524578917878086,-235.72591425909468,-165.05706211559382
TS298,5.0,3.76118453804778,-235.1443939571771,-167.72686616449693
TS298,5.0,3.7699111843077517,-234.54898123789908,-170.40980976966512
TS298,5.0,3.7786378305677233,-233.93944628199102,-173.1060841623911
TS298,5.0,3.7873644768276953,-233.31555205587927,-175.81587920367716
TS298,5.0,3.796091123087667,-232.67705560206147,-178.53938424694292
TS298,5.0,3.8048177693476384,-232.0237092040263,-181.27678900988005
TS298,5.0,3.81354441560761,-231.3552613955697,-184.02828442410998
TS298,5.0,3.822271061867582,-230.67145778077742,-186.79406342468982
TS298,5.0,3.8309977081275535,-229.97204162706677,-189.57432163392693
TS298,5.0,3.839724354387525,-229.2567541895118,-192.36925788531968
TS298,5.0,3.8484510006474966,-228.52533472018374,-195.1790745235826
TS298,5.0,3.857177646907468,-227.77752011142564,-198.00397740553106
TS298,5.0,3.86590429316744,-227.01304411680655,-200.84417551389186
TS298,5.0,3.8746309394274117,-226.2316360879645,-203.69988008172038
TS298,5.0,3.883357585687383,-225.43301915961536,-206.57130310882258
TS298,5.0,3.8920842319473548,-224.61690780867266,-209.45865513317955
TS298,5.0,3.9008108782073267,-223.7830047066778,-212.36214209962645
TS298,5.0,3.9095375244672983,-222.93099677760043,-215.28196114468074
TS298,5.0,3.91826417072727,-222.06055036557623,-218.2182950902156
TS298,5.0,3.9269908169872414,-221.1713054093862,-221.17130540938615
TS298,5.0,3.935717463247213,-220.2628685126076,-224.1411233956765
TS298,5.0,3.944444109507185,-219.33480479062536,-227.12783923002962
TS298,5.0,3.9531707557671565,-218.38662836846763,-230.13148860181076
TS298,5.0,3.961897402027128,-217.41779139727856,-233.1520364971151
TS298,5.0,3.9706240482870996,-216.42767145297648,-236.1893577232604
TS298,5.0,3.9793506945470716,-215.4155571793972,-239.24321369234218
TS298,5.0,3.988077340807043,-214.38063204153565,-242.31322494123233
TS298,5.0,3.9968039870670147,-213.32195606447496,-245.39883882316025
TS298,5.0,4.005530633326987,-212.23844545299073,-248.4992917710342
TS298,5.0,4.014257279586958,-211.12885001923536,-251.6135655107078
TS298,5.0,4.02298392584693,-209.99172839593115,-254.74033660140097
TS298,5.0,4.031710572106901,-208.82542108584687,-257.8779187111468
TS298,5.0,4.040437218366873,-207.628021501959,-261.0241971116119
TS298,5.0,4.049163864626845,-206.39734529482146,-264.17655501697243
TS298,5.0,4.057890510886816,-205.13089845355557,-267.33179161838626
TS298,5.0,4.066617157146788,-203.8258449144559,-270.4860320061335
TS298,5.0,4.075343803406759,-202.4789747261057,-273.6346296571212
TS298,5.0,4.084070449666731,-201.08667420991617,-276.7720628302055
TS298,5.0,4.092797095926703,-199.64490002373793,-279.89182708917815
TS298,5.0,4.101523742186674,-198.14915957944197,-282.986327291005
TS298,5.0,4.110250388446646,-196.5945008664926,-286.04677374809955
TS298,5.0,4.118977034706618,-194.97551535744856,-289.0630888846098
TS298,5.0,4.127703680966589,-193.2863582578743,-292.0238325016545
TS298,5.0,4.136430327226561,-191.52079082085484,-294.91615562709603
TS298,5.0,4.145156973486532,-189.67224964845647,-297.7257946526098
TS298,5.0,4.153883619746504,-187.7339476887279,-300.4371187594575
TS298,5.0,4.162610266006476,-185.69901082441174,-303.0332441119639
TS298,5.0,4.171336912266447,-183.56065235806105,-305.49622748639706
TS298,5.0,4.180063558526419,-181.31238519168454,-307.80734941696863
TS298,5.0,4.1887902047863905,-178.94826804307897,-309.94749217706647
TS298,5.0,4.1975168510463625,-176.4631777689347,-311.8976107937976
TS298,5.0,4.2062434973063345,-173.85309513431588,-313.639286024052
TS298,5.0,4.214970143566306,-171.11538678372753,-315.1553375306235
TS298,5.0,4.223696789826278,-168.249062541971,-316.4304646923951
TS298,5.0,4.232423436086249,-165.25498539896668,-317.4518733442956
TS298,5.0,4.241150082346221,-162.13601239177663,-318.209841240814
TS298,5.0,4.249876728606193,-158.89704851589147,-318.6981748810578
TS298,5.0,4.258603374866164,-155.54500264640185,-318.91451646437923
TS298,5.0,4.267330021126136,-152.08864345724984,-318.86047193430073
TS298,5.0,4.276056667386108,-148.5383631761032,-318.5415477923157
TS298,5.0,4.284783313646079,-144.9058661121211,-317.9669030540641
TS298,5.0,4.293509959906051,-141.2038057556561,-317.1489403424315
TS298,5.0,4.302236606166022,-137.44539784793454,-316.10277389249416
TS298,5.0,4.310963252425994,-133.64403681753274,-314.84562031482113
TS298,5.0,4.319689898685966,-129.81293974988844,-313.39615971570237
TS298,5.0,4.328416544945937,-125.96483650585684,-311.7739108283791
TS298,5.0,4.337143191205909,-122.11171790264527,-309.998655689504
TS298,5.0,4.34586983746588,-118.26464714858574,-308.0899390266513
TS298,5.0,4.354596483725852,-114.43363386443401,-306.0666567619676
TS298,5.0,4.363323129985824,-110.62756555580324,-303.9467383338055
TS298,5.0,4.372049776245795,-106.85418850003056,-301.7469197856529
TS298,5.0,4.380776422505767,-103.12012857691323,-299.4825991204009
TS298,5.0,4.389503068765738,-99.43094233680829,-297.16776219337413
TS298,5.0,4.39822971502571,-95.79118922267313,-294.8149660770605
TS298,5.0,4.406956361285682,-92.20451701256907,-292.4353669114746
TS298,5.0,4.4156830075456535,-88.67375394603708,-290.03878028521336
TS298,5.0,4.4244096538056255,-85.20100243314948,-287.6337637623717
TS298,5.0,4.4331363000655974,-81.78773058170988,-285.2277129596242
TS298,5.0,4.4418629463255686,-78.43485893943026,-282.8269643616768
TS298,5.0,4.4505895925855405,-75.14284080310028,-280.43689970223016
TS298,5.0,4.459316238845512,-71.91173519571966,-278.0620481581792
TS298,5.0,4.468042885105484,-68.74127217367513,-275.7061837811743
TS298,5.0,4.476769531365456,-65.63091052673316,-273.3724165278267
TS298,5.0,4.485496177625427,-62.5798882038457,-271.0632759703569
TS298,5.0,4.494222823885399,-59.58726596634086,-268.78078730434646
TS298,5.0,4.50294947014537,-56.65196486233064,-266.52653965243553
TS298,5.0,4.511676116405342,-53.77279815333306,-264.30174692372753
TS298,5.0,4.520402762665314,-50.94849832317221,-262.1073016561325
TS298,5.0,4.529129408925285,-48.177739773231565,-259.9438223663486
TS298,5.0,4.537856055185257,-45.45915776693678,-257.81169497876175
TS298,5.0,4.546582701445229,-42.79136413698576,-255.71110891527914
TS298,5.0,4.5553093477052,-40.17296021629248,-253.6420884145966
TS298,5.0,4.564035993965172,-37.60254740122444,-251.60451962032926
TS298,5.0,4.572762640225143,-35.07873570560716,-249.59817393919437
TS298,5.0,4.581489286485115,-32.60015061739865,-247.62272812756507
TS298,5.0,4.590215932745087,-30.16543852758486,-245.67778152042362
TS298,5.0,4.598942579005058,-27.77327096289001,-243.76287077311233
TS298,5.0,4.60766922526503,-25.42234782033891,-241.8774824447158
TS298,5.0,4.616395871525001,-23.111399772302743,-240.02106371317754
TS298,5.0,4.625122517784973,-20.839189985092354,-238.19303147678576
TS298,5.0,4.633849164044945,-18.604515272101104,-236.39278006460648
TS298,5.0,4.642575810304916,-16.406206783521423,-234.6196877497422
TS298,5.0,4.651302456564888,-14.243130318444486,-232.8731222338211
TS298,5.0,4.6600291028248595,-12.114186331326655,-231.15244524865057
TS298,5.0,4.6687557490848315,-10.018309693051934,-229.45701640123653
TS298,5.0,4.6774823953448035,-7.954469256878679,-227.7861963711447
TS298,5.0,4.686209041604775,-5.921667271132079,-226.13934955415326
TS298,5.0,4.694935687864747,-3.918938673412775,-224.51584623311734
TS298,5.0,4.703662334124719,-1.9453502951130177,-222.91506434566398
TS298,5.0,4.71238898038469,-4.0658835399149136e-14,-221.33639090855914
TS298,5.0,4.721115626644662,1.9179842235871225,-219.77922315015627
TS298,5.0,4.729842272904633,3.809445200917597,-218.24296939505456
TS298,5.0,4.738568919164605,5.675197526381992,-216.72704973881946
TS298,5.0,4.747295565424577,7.516028525758175,-215.23089654522798
TS298,5.0,4.756022211684548,9.332699216722729,-213.75395479384605
TS298,5.0,4.76474885794452,11.125945260813252,-212.2956823017591
TS298,5.0,4.773475504204491,12.896477901475576,-210.85554983984036
TS298,5.0,4.782202150464463,14.64498488402206,-209.43304116099077
TS298,5.0,4.790928796724435,16.372131354297863,-208.0276529552532
TS298,5.0,4.799655442984406,18.078560733672568,-206.6388947445256
TS298,5.0,4.808382089244378,19.7648955686342,-205.26628872772915
TS298,5.0,4.817108735504349,21.431738353809592,-203.90936958568582
TS298,5.0,4.825835381764321,23.079672327687096,-202.5676842535785
TS298,5.0,4.834562028024293,24.709262240670324,-201.24079166769053
TS298,5.0,4.843288674284264,26.321055095393685,-199.92826249210236
TS298,5.0,4.852015320544236,27.915580859458196,-198.62967883015696
TS298,5.0,4.860741966804208,29.49335315093243,-197.3446339247595
TS298,5.0,4.869468613064179,31.054869897112845,-196.07273185093288
TS298,5.0,4.878195259324151,32.60061396714595,-194.81358720350943
TS298,5.0,4.886921905584122,34.131053779198695,-193.5668247823643
TS298,5.0,4.895648551844094,35.646643882931464,-192.332079277195
TS298,5.0,4.904375198104066,37.14782551806204,-191.10899495351012
TS298,5.0,4.9131018443640375,38.63502714984601,-189.89722534119278
TS298,5.0,4.9218284906240095,40.108664982308966,-188.69643292675477
TS298,5.0,4.930555136883981,41.5691434500712,-187.50628885018446
TS298,5.0,4.939281783143953,43.016855689609024,-186.32647260710465
TS298,5.0,4.948008429403925,44.45218399077853,-185.15667175680653
TS298,5.0,4.956735075663896,45.87550022942298,-183.99658163658924
TS298,5.0,4.965461721923868,47.2871662818607,-182.8459050827248
TS298,5.0,4.974188368183839,48.68753442202999,-181.7043521582749
TS298,5.0,4.982915014443811,50.07694770204955,-180.57163988790134
TS298,5.0,4.991641660703783,51.4557403169195,-179.4474919997519
TS298,5.0,5.000368306963754,52.824237954070846,-178.33163867444054
TS298,5.0,5.009094953223726,54.18275812843911,-177.22381630109794
TS298,5.0,5.017821599483698,55.53161050371151,-176.1237672404296
TS298,5.0,5.026548245743669,56.87109720037383,-175.0312395946843
TS298,5.0,5.035274892003641,58.2015130911528,-173.94598698441195
TS298,5.0,5.044001538263612,59.523146084423196,-172.86776833186912
TS298,5.0,5.052728184523584,60.83627739612807,-171.7963476509108
TS298,5.0,5.061454830783556,62.141181810727616,-170.73149384319828
TS298,5.0,5.070181477043527,63.43812793167532,-169.67298050053856
TS298,5.0,5.078908123303499,64.72737842189109,-168.62058571316595
TS298,5.0,5.08763476956347,66.00919023467877,-167.57409188377244
TS298,5.0,5.096361415823442,67.28381483551695,-166.53328554708438
TS298,5.0,5.105088062083414,68.55149841512414,-165.4979571947903
TS298,5.0,5.113814708343385,69.81248209418509,-164.46790110561446
TS298,5.0,5.122541354603357,71.06700212010117,-163.44291518033793
TS298,5.0,5.1312680008633285,72.31529005610854,-162.42280078156986
TS298,5.0,5.1399946471233005,73.55757296309349,-161.40736257806878
TS298,5.0,5.1487212933832724,74.79407357441038,-160.39640839342405
TS298,5.0,5.1574479396432436,76.0250104639967,-159.3897490589039
TS298,5.0,5.1661745859032155,77.25059820806021,-158.38719827028456
TS298,5.0,5.1749012321631875,78.47104754059605,-157.38857244847762
TS298,5.0,5.183627878423159,79.68656550298155,-156.393690603776
TS298,5.0,5.192354524683131,80.89735558787737,-155.40237420354333
TS298,5.0,5.201081170943102,82.10361787765001,-154.41444704317877
TS298,5.0,5.209807817203074,83.3055491775214,-153.42973512018744
TS298,5.0,5.218534463463046,84.50334314363134,-152.4480665111989
TS298,5.0,5.227261109723017,85.69719040619276,-151.46927125177348
TS298,5.0,5.235987755982989,86.88727868790312,-150.49318121884465
TS298,5.0,5.24471440224296,88.07379291776323,-149.51963001565008
TS298,5.0,5.253441048502932,89.25691534044729,-148.54845285900365
TS298,5.0,5.262167694762904,90.43682562135076,-147.57948646877333
TS298,5.0,5.270894341022875,91.6137009474363,-146.61256895942319
TS298,5.0,5.279620987282847,92.78771612398506,-145.64753973349136
TS298,5.0,5.288347633542818,93.95904366734847,-144.68423937687453
TS298,5.0,5.29707427980279,95.12785389378907,-143.72250955579287
TS298,5.0,5.305800926062762,96.29431500448315,-142.76219291531737
TS298,5.0,5.314527572322733,97.45859316675235,-141.8031329793394
TS298,5.0,5.323254218582705,98.62085259157824,-140.84517405187037
TS298,5.0,5.331980864842677,99.78125560744226,-139.88816111956092
TS298,5.0,5.340707511102648,100.93996273052737,-138.931939755332
TS298,5.0,5.34943415736262,102.09713273130271,-137.97635602301386
TS298,5.0,5.358160803622591,103.25292269750317,-137.0212563828942
TS298,5.0,5.366887449882563,104.40748809350727,-136.0664875980748
TS298,5.0,5.375614096142535,105.56098281610139,-135.11189664154628
TS298,5.0,5.3843407424025065,106.7135592466115,-134.15733060388672
TS298,5.0,5.3930673886624785,107.86536829936962,-133.20263660149757
TS298,5.0,5.40179403492245,109.01655946646918,-132.2476616852929
TS298,5.0,5.410520681182422,110.1672808587564,-131.29225274975832
TS298,5.0,5.419247327442394,111.31767924298488,-130.3362564423036
TS298,5.0,5.427973973702365,112.46790007505503,-129.37951907283278
TS298,5.0,5.436700619962337,113.61808752924169,-128.42188652346016
TS298,5.0,5.445427266222308,114.76838452329982,-127.46320415830597
TS298,5.0,5.45415391248228,115.9189327393276,-126.50331673330534
TS298,5.0,5.462880558742252,117.06987264024484,-125.5420683059732
TS298,5.0,5.471607205002223,118.22134348173512,-124.57930214506658
TS298,5.0,5.480333851262195,119.3734833194802,-123.61486064009463
TS298,5.0,5.489060497522167,120.5264290114973,-122.6485852106296
TS298,5.0,5.497787143782138,121.68031621537637,-121.68031621537642
TS298,5.0,5.50651379004211,122.83527938019097,-120.70989286096479
TS298,5.0,5.515240436302081,123.99145173283867,-119.73715311043554
TS298,5.0,5.523967082562053,125.1489652585487,-118.76193359139424
TS298,5.0,5.532693728822025,126.30795067526762,-117.78406950381863
TS298,5.0,5.541420375081996,127.468537401618,-116.80339452750853
TS298,5.0,5.550147021341968,128.63085351809679,-115.81974072917735
TS298,5.0,5.558873667601939,129.7950257211561,-114.83293846919545
TS298,5.0,5.567600313861911,130.9611792697875,-113.84281630799964
TS298,5.0,5.576326960121883,132.12943792419753,-112.84920091220114
TS298,5.0,5.585053606381854,133.2999238761411,-111.85191696042956
TS298,5.0,5.593780252641826,134.47275767044565,-110.85078704896708
TS298,5.0,5.602506898901797,135.6480581172294,-109.84563159724085
TS298,5.0,5.611233545161769,136.8259421942898,-108.83626875325426
TS298,5.0,5.619960191421741,138.0065249390985,-107.82251429905847
TS298,5.0,5.6286868376817125,139.1899193298129,-106.80418155637989
TS298,5.0,5.6374134839416845,140.3762361546756,-105.7810812925421
TS298,5.0,5.6461401302016565,141.5655838691373,-104.7530216268423
TS298,5.0,5.654866776461628,142.7580684400058,-103.71980793756417
TS298,5.0,5.6635934227216,143.95379317588302,-102.68124276983657
TS298,5.0,5.672320068981571,145.1528585431155,-101.63712574457726
TS298,5.0,5.681046715241543,146.35536196644796,-100.58725346878647
TS298,5.0,5.689773361501515,147.56139761352722,-99.53141944749576
TS298,5.0,5.698500007761486,148.77105616237108,-98.46941399770678
TS298,5.0,5.707226654021458,149.98442455087613,-97.40102416469806
TS298,5.0,5.715953300281429,151.20158570740153,-96.32603364112092
TS298,5.0,5.724679946541401,152.42261826143675,-95.24422268934684
TS298,5.0,5.733406592801373,153.64759623332054,-94.15536806758483
TS298,5.0,5.742133239061344,154.87658870195614,-93.05924296033432
TS298,5.0,5.750859885321316,156.10965944943823,-91.95561691380097
TS298,5.0,5.759586531581287,157.34686658148266,-90.84425577696325
TS298,5.0,5.768313177841259,158.58826212254152,-89.72492164904067
TS298,5.0,5.777039824101231,159.8338915844673,-88.59737283419074
TS298,5.0,5.785766470361202,161.08379350759523,-87.46136380432995
TS298,5.0,5.794493116621174,162.3379989731182,-86.3166451710584
TS298,5.0,5.803219762881146,163.59653108564498,-85.16296366775121
TS298,5.0,5.811946409141117,164.85940442486975,-84.00006214296563
TS298,5.0,5.820673055401089,166.126624465323,-82.82767956640924
TS298,5.0,5.82939970166106,167.3981869632383,-81.64555104881234
TS298,5.0,5.838126347921032,168.67407730965735,-80.45340787714449
TS298,5.0,5.846852994181004,169.95426984899538,-79.25097756672767
TS298,5.0,5.8555796404409755,171.2387271624258,-78.03798393189827
TS298,5.0,5.8643062867009474,172.5273993156019,-76.81414717698625
TS298,5.0,5.8730329329609186,173.82022307042203,-75.57918400948957
TS298,5.0,5.8817595792208905,175.1171210607797,-74.33280777742961
TS298,5.0,5.8904862254808625,176.41800093249918,-73.07472863299044
TS298,5.0,5.899212871740834,177.7227544479757,-71.80465372464401
TS298,5.0,5.907939518000806,179.03125655639337,-70.52228742006967
TS298,5.0,5.916666164260777,180.34336443080446,-69.2273315622712
TS298,5.0,5.925392810520749,181.65891647382549,-67.9194857613732
TS298,5.0,5.934119456780721,182.97773129422384,-66.59844772465685
TS298,5.0,5.942846103040692,184.29960665726844,-65.26391362744111
TS298,5.0,5.951572749300664,185.62431841237037,-63.91557852745236
TS298,5.0,5.960299395560636,186.9516194022681,-62.55313682533182
TS298,5.0,5.969026041820607,188.2812383588176,-61.1762827739025
TS298,5.0,5.977752688080579,189.61287879131874,-59.78471103876028
TS298,5.0,5.98647933434055,190.94621787425672,-58.37811731265043
TS298,5.0,5.995205980600522,192.2809053423646,-56.95619898593476
TS298,5.0,6.003932626860494,193.61656240199343,-55.51865587525386
TS298,5.0,6.012659273120465,194.95278066893593,-54.065191012210406
TS298,5.0,6.021385919380437,196.2891211440528,-52.59551149356375
TS298,5.0,6.030112565640408,197.6251132392981,-51.10932939400665
TS298,5.0,6.03883921190038,198.96025386802384,-49.60636274208663
TS298,5.0,6.047565858160352,200.2940066147227,-48.08633655924713
TS298,5.0,6.056292504420323,201.62580100064753,-46.54898396126232
TS298,5.0,6.065019150680295,202.95503186297583,-44.99404732054954
TS298,5.0,6.073745796940266,204.28105886634305,-43.42127948694138
TS298,5.0,6.082472443200238,205.6032061666246,-41.83044506348474
TS298,5.0,6.09119908946021,206.92076224773396,-40.22132173272684
TS298,5.0,6.0999257357201815,208.23297995290946,-38.59370162771966
TS298,5.0,6.1086523819801535,209.53907673240752,-36.947392740664796
TS298,5.0,6.1173790282401255,210.83823512966538,-35.28222036071995
TS298,5.0,6.126105674500097,212.12960352778796,-33.59802853101453
TS298,5.0,6.134832320760069,213.41229717758097,-31.894681513407093
TS298,5.0,6.14355896702004,214.68539952725294,-30.17206524797662
TS298,5.0,6.152285613280012,215.94796387228808,-28.430088792699475
TS298,5.0,6.161012259539984,217.19901534178976,-26.66868572728484
TS298,5.0,6.169738905799955,218.4375532347933,-24.887815503729314
TS298,5.0,6.178465552059927,219.66255371660066,-23.08746472488888
TS298,5.0,6.187192198319898,220.8729728810927,-21.267648331281283
TS298,5.0,6.19591884457987,222.0677501802443,-19.428410675478375
TS298,5.0,6.204645490839842,223.24581221670257,-17.569826462902707
TS298,5.0,6.213372137099813,224.40607688937425,-15.692001537624288
TS298,5.0,6.222098783359785,225.54745787555257,-13.79507349194978
TS298,5.0,6.230825429619756,226.6688694263125,-11.879212079230795
TS298,5.0,6.239552075879728,227.76923144485735,-9.944619410429631
TS298,5.0,6.2482787221397,228.84747481033727,-7.9915299166202995
TS298,5.0,6.257005368399671,229.9025469026024,-6.020210061747957
TS298,5.0,6.265732014659643,230.9334172765623,-4.030957792657571
TS298,5.0,6.274458660919615,231.93908342854039,-2.0241017165905753
TS298,5.0,6.283185307179586,232.91857659145091,-5.70485978569356e-14
TS298,10.0,0.0,265.36794748871654,0.0
TS298,10.0,0.008726646259971648,266.43805477246974,2.3251696784262923
TS298,10.0,0.017453292519943295,267.4744777506303,4.668784375778341
TS298,10.0,0.026179938779914945,268.47622474262573,7.030297364301801
TS298,10.0,0.03490658503988659,269.4423754812381,9.409135085489256
TS298,10.0,0.04363323129985824,270.3720871989313,11.804700263247783
TS298,10.0,0.05235987755982989,271.2646001710429,14.216375293066438
TS298,10.0,0.061086523819801536,272.1192426299357,16.643525872612233
TS298,10.0,0.06981317007977318,272.93543497283935,19.085504834065954
TS298,10.0,0.07853981633974483,273.712693196794,21.541656134150816
TS298,10.0,0.08726646259971647,274.45063150658666,24.011318954357115
TS298,10.0,0.09599310885968812,275.1489640555084,26.49383186144366
TS298,10.0,0.10471975511965978,275.8075057937623,28.988536976987014
TS298,10.0,0.11344640137963143,276.42617241498345,31.494784104596683
TS298,10.0,0.12217304763960307,277.0049794071203,34.0119347644214
TS298,10.0,0.1308996938995747,277.5440402294198,36.539366086699786
TS298,10.0,0.13962634015954636,278.04356365198805,39.0764745192779
TS298,10.0,0.14835298641951802,278.5038503079683,41.62267930811346
TS298,10.0,0.15707963267948966,278.92528852041215,44.17742571466529
TS298,10.0,0.16580627893946132,279.3083494761409,46.74018793956237
TS298,10.0,0.17453292519943295,279.6535818270782,49.31047172787635
TS298,10.0,0.1832595714594046,279.9616058055504,51.88781663749942
TS298,10.0,0.19198621771937624,280.2331069438593,54.471797958370686
TS298,10.0,0.2007128639793479,280.4688294900506,57.062028276424265
TS298,10.0,0.20943951023931956,280.6695696113476,59.658158681992965
TS298,10.0,0.2181661564992912,280.8361684743553,62.259879627858034
TS298,10.0,0.22689280275926285,280.9695052870796,64.8669214470724
TS298,10.0,0.23561944901923448,281.0704903823125,67.47905454502528
TS298,10.0,0.24434609527920614,281.14005841527364,70.09608928389534
TS298,10.0,0.2530727415391778,281.17916174086434,72.71787558063652
TS298,10.0,0.2617993877991494,281.188764027765,75.34430224194514
TS298,10.0,0.27052603405912107,281.1698341581548,77.97529606129068
TS298,10.0,0.2792526803190927,281.123340453312,80.61082070408963
TS298,10.0,0.2879793265790644,281.0502452569708,83.25087540751714
TS298,10.0,0.29670597283903605,280.95149990027187,85.89549352134289
TS298,10.0,0.30543261909900765,280.82804006457997,88.54474091562072
TS298,10.0,0.3141592653589793,280.6807815514915,91.19871428012536
TS298,10.0,0.32288591161895097,280.5106164630898,93.85753933919104
TS298,10.0,0.33161255787892263,280.3184097899806,96.52136900413836
TS298,10.0,0.34033920413889424,280.1049963998866,99.19038148384415
TS298,10.0,0.3490658503988659,279.87117841558313,101.8647783722779
TS298,10.0,0.35779249665883756,279.6177229677155,104.54478273005522
TS298,10.0,0.3665191429188092,279.3453603054961,107.2306371752898
TS298,10.0,0.3752457891787809,279.05478224639944,109.92260199730339
TS298,10.0,0.3839724354387525,278.74664094469136,112.62095330511123
TS298,10.0,0.39269908169872414,278.421547957878,115.32598122106417
TS298,10.0,0.4014257279586958,278.0800735898832,118.03798812861905
TS298,10.0,0.41015237421866746,277.72274648987474,120.7572869819357
TS298,10.0,0.4188790204786391,277.350053486114,123.48419968387473
TS298,10.0,0.4276056667386107,276.9624396349176,126.21905553799051
TS298,10.0,0.4363323129985824,276.5603084657441,128.96218977928515
TS298,10.0,0.44505895925855404,276.14402240449607,131.7139421877972
TS298,10.0,0.4537856055185257,275.71390335830444,134.47465578854354
TS298,10.0,0.4625122517784973,275.2702334462901,137.2446756408948
TS298,10.0,0.47123889803846897,274.81325586204883,140.02434772013788
TS298,10.0,0.4799655442984406,274.3431758548185,142.81401789374192
TS298,10.0,0.4886921905584123,273.8601618174637,145.6140309946842
TS298,10.0,0.49741883681838395,273.3643464704882,148.424729994088
TS298,10.0,0.5061454830783556,272.8558281322674,151.2464552753569
TS298,10.0,0.5148721293383273,272.3346720665373,154.07954401194013
TS298,10.0,0.5235987755982988,271.8009118988803,156.92432965080425
TS298,10.0,0.5323254218582705,271.2545510944809,159.78114150359767
TS298,10.0,0.5410520681182421,270.6955644897876,162.65030444734867
TS298,10.0,0.5497787143782138,270.12389987088545,165.53213873631066
TS298,10.0,0.5585053606381855,269.53947959135144,168.42695992622515
TS298,10.0,0.5672320068981571,268.94220222212414,171.3350789117902
TS298,10.0,0.5759586531581288,268.3319442254522,174.25680207745958
TS298,10.0,0.5846852994181004,267.7085616442955,177.1924315608259
TS298,10.0,0.5934119456780721,267.0718917976234,180.142265626716
TS298,10.0,0.6021385919380436,266.4217549708767,183.10659914870823
TS298,10.0,0.6108652381980153,265.7579560894358,186.08572419302797
TS298,10.0,0.619591884457987,265.08028636124607,189.07993069762992
TS298,10.0,0.6283185307179586,264.3885248727995,192.089507236692
TS298,10.0,0.6370451769779303,263.6824401204377,195.1147418576539
TS298,10.0,0.6457718232379019,262.9617914564239,198.15592297427455
TS298,10.0,0.6544984694978736,262.22633042642104,201.21334029488128
TS298,10.0,0.6632251157578453,261.4758019718913,204.2872857599555
TS298,10.0,0.6719517620178169,260.7099454674928,207.37805445735472
TS298,10.0,0.6806784082777885,259.9284955597694,210.48594547670052
TS298,10.0,0.6894050545377601,259.13118276929794,213.61126265665598
TS298,10.0,0.6981317007977318,258.31773381393805,216.75431516982619
TS298,10.0,0.7068583470577035,257.48787160591195,219.91541787970638
TS298,10.0,0.7155849933176751,256.64131487008444,223.09489139228273
TS298,10.0,0.7243116395776468,255.77777732497844,226.29306171137284
TS298,10.0,0.7330382858376184,254.89696636173315,229.51025939135502
TS298,10.0,0.7417649320975901,253.99858114931794,232.74681806331427
TS298,10.0,0.7504915783575618,253.08231008685868,236.00307219056543
TS298,10.0,0.7592182246175333,252.14782751585338,239.27935388667998
TS298,10.0,0.767944870877505,251.19478959635572,242.57598860322548
TS298,10.0,0.7766715171374766,250.22282924189778,245.89328946507757
TS298,10.0,0.7853981633974483,249.2315499980502,249.2315499980502
TS298,10.0,0.7941248096574199,248.22051873920847,252.59103495639448
TS298,10.0,0.8028514559173916,247.18925704763518,255.97196891619544
TS298,10.0,0.8115781021773633,246.13723112833551,259.37452225472657
TS298,10.0,0.8203047484373349,245.06384010348586,262.7987940854702
TS298,10.0,0.8290313946973066,243.96840252165782,266.24479166417507
TS298,10.0,0.8377580409572782,242.8501409110557,269.7124057238514
TS298,10.0,0.8464846872172498,241.70816420395175,273.2013811375314
TS298,10.0,0.8552113334772214,240.54144786356318,276.7112822494427
TS298,10.0,0.8639379797371931,239.34881155759,280.2414521617562
TS298,10.0,0.8726646259971648,238.128894248277,283.7909652208708
TS298,10.0,0.8813912722571364,236.88012661204266,287.3585719222235
TS298,10.0,0.8901179185171081,235.60070076862868,290.94263545684504
TS298,10.0,0.8988445647770797,234.2885373980993,294.541059171128
TS298,10.0,0.9075712110370514,232.94125046322964,298.1512043230029
TS298,10.0,0.9162978572970231,231.5561099458532,301.76979771784374
TS298,10.0,0.9250245035569946,230.1300032609262,305.39282912690015
TS298,10.0,0.9337511498169663,228.65939634433866,309.01543886688296
TS298,10.0,0.9424777960769379,227.1402958320186,312.63179659366426
TS298,10.0,0.9512044423369096,225.56821426772197,316.2349732807055
TS298,10.0,0.9599310885968813,223.9381408974606,319.8168095562432
TS298,10.0,0.9686577348568529,222.24452132039713,323.3677850941635
TS298,10.0,0.9773843811168246,220.4812500412034,326.8768955999862
TS298,10.0,0.9861110273767962,218.64168075240843,330.3315460718524
TS298,10.0,0.9948376736367679,216.71865987639617,333.7174713485117
TS298,10.0,1.0035643198967394,214.70458938125904,337.0186972926953
TS298,10.0,1.0122909661567112,212.5915249718544,340.2175579939514
TS298,10.0,1.0210176124166828,210.37131522590118,343.2947856748892
TS298,10.0,1.0297442586766545,208.03578585424776,346.2296899918907
TS298,10.0,1.038470904936626,205.5769707964832,349.00044150396593
TS298,10.0,1.0471975511965976,202.98738818692163,351.5844696354547
TS298,10.0,1.0559241974565694,200.26035438087337,353.9589780588745
TS298,10.0,1.064650843716541,197.39032351193825,356.1015700440123
TS298,10.0,1.0733774899765127,194.3732340679611,357.9909635305375
TS298,10.0,1.0821041362364843,191.20683864719186,359.6077617989795
TS298,10.0,1.090830782496456,187.89098951503726,360.93523267731337
TS298,10.0,1.0995574287564276,184.4278519444359,361.9600397338984
TS298,10.0,1.1082840750163994,180.822020399027,362.6728653409311
TS298,10.0,1.117010721276371,177.08051960343283,363.06886961177617
TS298,10.0,1.1257373675363425,173.21268282223343,363.1479414518436
TS298,10.0,1.1344640137963142,169.22991182145614,362.9147170583351
TS298,10.0,1.1431906600562858,165.1453350588739,362.3783643228471
TS298,10.0,1.1519173063162575,160.97339060650194,361.55215492225085
TS298,10.0,1.160643952576229,156.729366540827,360.4528655719805
TS298,10.0,1.1693705988362009,152.4289332442582,359.1000630034766
TS298,10.0,1.1780972450961724,148.0876993920166,357.5153322928363
TS298,10.0,1.1868238913561442,143.72081730783034,355.7215054808562
TS298,10.0,1.1955505376161157,139.3426552903366,353.74193862909
TS298,10.0,1.2042771838760873,134.96654595123258,351.59987295704934
TS298,10.0,1.213003830136059,130.6046118287029,349.3179020030183
TS298,10.0,1.2217304763960306,126.26766337228443,346.91755392264884
TS298,10.0,1.2304571226560024,121.96516019315025,344.4189874638029
TS298,10.0,1.239183768915974,117.70522419742538,341.84079247343413
TS298,10.0,1.2479104151759457,113.4946925691853,339.1998810326517
TS298,10.0,1.2566370614359172,109.33919912088686,336.51145310228037
TS298,10.0,1.265363707695889,105.24327384598843,333.7890203136252
TS298,10.0,1.2740903539558606,101.21045221268089,331.0444726378112
TS298,10.0,1.2828170002158321,97.24338753998434,328.28817455610147
TS298,10.0,1.2915436464758039,93.34396150339502,325.52907959226957
TS298,10.0,1.3002702927357754,89.51338931454518,322.77485434261024
TS298,10.0,1.3089969389957472,85.75231735900398,320.0320052505735
TS298,10.0,1.3177235852557188,82.06091205283445,317.3060032140285
TS298,10.0,1.3264502315156905,78.43893941256944,314.6014026427069
TS298,10.0,1.335176877775662,74.88583535896534,311.9219528037271
TS298,10.0,1.3439035240356338,71.40076713062447,309.27070023168113
TS298,10.0,1.3526301702956054,67.98268640661834,306.6500816761242
TS298,10.0,1.361356816555577,64.63037486066294,304.062007556354
TS298,10.0,1.3700834628155487,61.342482920934266,301.50793623219533
TS298,10.0,1.3788101090755203,58.117562511431856,298.9889396165922
TS298,10.0,1.387536755335492,54.95409452002429,296.5057607819483
TS298,10.0,1.3962634015954636,51.850511687709435,294.0588642723819
TS298,10.0,1.4049900478554354,48.805217552398126,291.64847984802395
TS298,10.0,1.413716694115407,45.81660201513686,289.2746403703339
TS298,10.0,1.4224433403753787,42.8830540314124,286.93721450038777
TS298,10.0,1.4311699866353502,40.002971867792866,284.63593483348063
TS298,10.0,1.4398966328953218,37.17477130624496,282.37042203902683
TS298,10.0,1.4486232791552935,34.396892125863744,280.14020551870584
TS298,10.0,1.457349925415265,31.667803144724367,277.94474104077767
TS298,10.0,1.4660765716752369,28.9860060630526,275.783425756188
TS298,10.0,1.4748032179352084,26.35003831262824,273.65561095349767
TS298,10.0,1.4835298641951802,23.75847508586571,271.5606128652975
TS298,10.0,1.4922565104551517,21.209930690908845,269.497721798763
TS298,10.0,1.5009831567151235,18.703059355836732,267.46620982729496
TS298,10.0,1.509709802975095,16.236555585254838,265.46533724857534
TS298,10.0,1.5184364492350666,13.809154155685667,263.4943579865476
TS298,10.0,1.5271630954950384,11.419629821891572,261.5525240904777
TS298,10.0,1.53588974175501,9.066796794185615,259.6390894630257
TS298,10.0,1.5446163880149817,6.749508036604383,257.7533129308139
TS298,10.0,1.5533430342749532,4.466654427249776,255.89446075500013
TS298,10.0,1.562069680534925,2.2171638149053328,254.06180866555366
TS298,10.0,1.5707963267948966,1.5446142086066404e-14,252.2546434910149
TS298,10.0,1.5795229730548683,-2.185838337065711,250.4722644452529
TS298,10.0,1.5882496193148399,-4.34131874143838,248.71398412390212
TS298,10.0,1.5969762655748114,-6.467376107912292,246.97912925556574
TS298,10.0,1.6057029118347832,-8.564913811286795,245.26704124635077
TS298,10.0,1.6144295580947547,-10.63480483310248,243.57707655070283
TS298,10.0,1.6231562043547265,-12.677892876910343,241.90860689670205
TS298,10.0,1.631882850614698,-14.694993465910674,240.2610193898689
TS298,10.0,1.6406094968746698,-16.686895018194598,238.63371651598976
TS298,10.0,1.6493361431346414,-18.65435989596771,237.0261160604526
TS298,10.0,1.6580627893946132,-20.598125426084586,235.43765095898496
TS298,10.0,1.6667894356545847,-22.518904889995458,233.86776909246782
TS298,10.0,1.6755160819145565,-24.417388481843343,232.3159330365941
TS298,10.0,1.684242728174528,-26.294244233962026,230.78161977551207
TS298,10.0,1.6929693744344996,-28.150118909444856,229.26432038719753
TS298,10.0,1.7016960206944713,-29.9856388617864,227.7635397071051
TS298,10.0,1.710422666954443,-31.80141086186658,226.2787959756259
TS298,10.0,1.7191493132144147,-33.5980228927573,224.8096204740041
TS298,10.0,1.7278759594743862,-35.376044912992384,223.3555571526181
TS298,10.0,1.736602605734358,-37.136029589069025,221.9161622548905
TS298,10.0,1.7453292519943295,-38.878512998038495,220.49100393954657
TS298,10.0,1.7540558982543013,-40.60401530111311,219.07966190347275
TS298,10.0,1.7627825445142729,-42.313041389258956,217.68172700703013
TS298,10.0,1.7715091907742444,-44.00608150177387,216.29680090333648
TS298,10.0,1.7802358370342162,-45.68361181886193,214.9244956727436
TS298,10.0,1.7889624832941877,-47.346095029218795,213.56443346348917
TS298,10.0,1.7976891295541595,-48.993980873636104,212.21624613929413
TS298,10.0,1.806415775814131,-50.62770666561708,210.8795749345
TS298,10.0,1.8151424220741028,-52.2476977899788,209.5540701171898
TS298,10.0,1.8238690683340744,-53.85436818038962,208.2393906606105
TS298,10.0,1.8325957145940461,-55.44812077676663,206.93520392310847
TS298,10.0,1.8413223608540177,-57.029347963425025,205.64118533669986
TS298,10.0,1.8500490071139892,-58.598431988843764,204.35701810432298
TS298,10.0,1.858775653373961,-60.155745367876975,203.08239290575807
TS298,10.0,1.8675022996339325,-61.70165126720984,201.81700761214867
TS298,10.0,1.8762289458939043,-63.23650387482466,200.56056700901505
TS298,10.0,1.8849555921538759,-64.76064875420919,199.31278252761877
TS298,10.0,1.8936822384138476,-66.27442318400868,198.07337198450568
TS298,10.0,1.9024088846738192,-67.77815648378994,196.84205932903686
TS298,10.0,1.911135530933791,-69.27217032655606,195.61857439869502
TS298,10.0,1.9198621771937625,-70.75677903861914,194.40265268194625
TS298,10.0,1.928588823453734,-72.23228988741039,193.1940350884211
TS298,10.0,1.9373154697137058,-73.69900335777727,191.99246772617735
TS298,10.0,1.9460421159736774,-75.15721341729112,190.7977016857994
TS298,10.0,1.9547687622336491,-76.60720777106226,189.6094928310869
TS298,10.0,1.9634954084936207,-78.04926810653325,188.42760159608642
TS298,10.0,1.9722220547535925,-79.48367032869804,187.25179278821847
TS298,10.0,1.980948701013564,-80.91068478617014,186.08183539725545
TS298,10.0,1.9896753472735358,-82.33057648850125,184.91750240990763
TS298,10.0,1.9984019935335073,-83.74360531512943,183.75857062977957
TS298,10.0,2.007128639793479,-85.15002621631659,182.60482050246134
TS298,10.0,2.0158552860534504,-86.55008940641325,181.45603594552503
TS298,10.0,2.0245819323134224,-87.94404054977136,180.31200418320157
TS298,10.0,2.033308578573394,-89.33212093960597,179.17251558551774
TS298,10.0,2.0420352248333655,-90.71456767009121,178.0373635116789
TS298,10.0,2.050761871093337,-92.09161380195582,176.90634415748832
TS298,10.0,2.059488517353309,-93.46348852183047,175.77925640659961
TS298,10.0,2.0682151636132806,-94.83041729558107,174.6559016854049
TS298,10.0,2.076941809873252,-96.19262201584876,173.5360838213645
TS298,10.0,2.0856684561332237,-97.55032114400066,172.4196089045936
TS298,10.0,2.0943951023931953,-98.90372984668312,171.30628515252167
TS298,10.0,2.1031217486531673,-100.25306012715416,170.19592277745042
TS298,10.0,2.111848394913139,-101.59852095155848,169.08833385683798
TS298,10.0,2.1205750411731104,-102.94031837029615,167.98333220614253
TS298,10.0,2.129301687433082,-104.27865563462132,166.88073325406566
TS298,10.0,2.138028333693054,-105.61373330859668,165.78035392003721
TS298,10.0,2.1467549799530254,-106.94574937651558,164.6820124937916
TS298,10.0,2.155481626212997,-108.2748993458924,163.58552851688526
TS298,10.0,2.1642082724729685,-109.60137634610795,162.49072266601522
TS298,10.0,2.17293491873294,-110.92537122278681,161.39741663799748
TS298,10.0,2.181661564992912,-112.2470726279695,160.30543303627195
TS298,10.0,2.1903882112528836,-113.56666710613077,159.21459525880184
TS298,10.0,2.199114857512855,-114.88433917608448,158.12472738724088
TS298,10.0,2.2078415037728267,-116.2002714088006,157.035654077246
TS298,10.0,2.2165681500327987,-117.51464450114972,155.9472004498141
TS298,10.0,2.2252947962927703,-118.827637345577,154.85919198352917
TS298,10.0,2.234021442552742,-120.13942709569491,153.77145440760515
TS298,10.0,2.2427480888127134,-121.45018922776997,152.6838135956177
TS298,10.0,2.251474735072685,-122.76009759806684,151.59609545981817
TS298,10.0,2.260201381332657,-124.06932449599815,150.50812584592921
TS298,10.0,2.2689280275926285,-125.37804069301427,149.4197304283228
TS298,10.0,2.2776546738526,-126.68641548715362,148.33073460548673
TS298,10.0,2.2863813201125716,-127.9946167431568,147.24096339568888
TS298,10.0,2.2951079663725436,-129.302810928034,146.15024133275193
TS298,10.0,2.303834612632515,-130.61116314195758,145.05839236185548
TS298,10.0,2.3125612588924866,-131.91983714433496,143.9652397352866
TS298,10.0,2.321287905152458,-133.22899537489886,142.87060590806473
TS298,10.0,2.3300145514124297,-134.53879896963312,141.77431243337026
TS298,10.0,2.3387411976724017,-135.84940777133323,140.6761798577117
TS298,10.0,2.3474678439323733,-137.16098033457922,139.57602761577212
TS298,10.0,2.356194490192345,-138.47367392487948,138.47367392487948
TS298,10.0,2.3649211364523164,-139.78764451171725,137.36893567905358
TS298,10.0,2.3736477827122884,-141.10304675521286,136.26162834258673
TS298,10.0,2.38237442897226,-142.42003398608577,135.15156584312433
TS298,10.0,2.3911010752322315,-143.73875817857828,134.03856046421743
TS298,10.0,2.399827721492203,-145.05936991597096,132.9224227373294
TS298,10.0,2.4085543677521746,-146.38201834829601,131.8029613332864
TS298,10.0,2.4172810140121466,-147.7068511418205,130.67998295317253
TS298,10.0,2.426007660272118,-149.03401441984303,129.55329221868183
TS298,10.0,2.4347343065320897,-150.3636526943127,128.42269156194925
TS298,10.0,2.443460952792061,-151.69590878774412,127.28798111489846
TS298,10.0,2.452187599052033,-153.03092374486877,126.14895859815788
TS298,10.0,2.4609142453120048,-154.36883673342132,125.00541920961147
TS298,10.0,2.4696408915719763,-155.70978493342486,123.85715551266924
TS298,10.0,2.478367537831948,-157.0539034142932,122.70395732436158
TS298,10.0,2.4870941840919194,-158.4013249990297,121.5456116033819
TS298,10.0,2.4958208303518914,-159.75218011475656,120.38190233822583
TS298,10.0,2.504547476611863,-161.1065966287623,119.21261043559988
TS298,10.0,2.5132741228718345,-162.46469966921046,118.03751360929992
TS298,10.0,2.522000769131806,-163.8266114296017,116.85638626979126
TS298,10.0,2.530727415391778,-165.19245095603537,115.6689994147537
TS298,10.0,2.5394540616517496,-166.56233391626358,114.47512052089162
TS298,10.0,2.548180707911721,-167.93637234948383,113.27451343734786
TS298,10.0,2.5569073541716927,-169.31467439576204,112.06693828110475
TS298,10.0,2.5656340004316642,-170.6973440039294,110.85215133479936
TS298,10.0,2.5743606466916362,-172.0844806167469,109.62990494743293
TS298,10.0,2.5830872929516078,-173.4761788320804,108.39994743850866
TS298,10.0,2.5918139392115793,-174.87252803878582,107.16202300619032
TS298,10.0,2.600540585471551,-176.27361202595705,105.91587164014061
TS298,10.0,2.609267231731523,-177.67950856414993,104.66122903976509
TS298,10.0,2.6179938779914944,-179.0902889571602,103.39782653866428
TS298,10.0,2.626720524251466,-180.5060175629046,102.12539103617495
TS298,10.0,2.6354471705114375,-181.9267512819281,100.8436449369694
TS298,10.0,2.644173816771409,-183.35253901205144,99.55230609977222
TS298,10.0,2.652900463031381,-184.78342106766743,98.25108779635315
TS298,10.0,2.6616271092913526,-186.2194285622044,96.93969868205835
TS298,10.0,2.670353755551324,-187.66058275230327,95.6178427792538
TS298,10.0,2.6790804018112957,-189.10689434229252,94.28521947517062
TS298,10.0,2.6878070480712677,-190.5583627476139,92.94152353576611
TS298,10.0,2.6965336943312392,-192.01497531593435,91.58644513734185
TS298,10.0,2.705260340591211,-193.47670650479765,90.21966991779419
TS298,10.0,2.7139869868511823,-194.94351701481102,88.84087904951258
TS298,10.0,2.722713633111154,-196.41535287754562,87.4497493360819
TS298,10.0,2.731440279371126,-197.89214449754806,86.0459533350911
TS298,10.0,2.7401669256310974,-199.37380564812597,84.62915950949773
TS298,10.0,2.748893571891069,-200.86023242088655,83.19903241014329
TS298,10.0,2.7576202181510405,-202.35130212937366,81.75523289216042
TS298,10.0,2.7663468644110125,-203.84687216758442,80.29741836815151
TS298,10.0,2.775073510670984,-205.34677882464015,78.82524310115143
TS298,10.0,2.7838001569309556,-206.85083605746013,77.33835854050739
TS298,10.0,2.792526803190927,-208.35883422393334,75.83641370391788
TS298,10.0,2.8012534494508987,-209.8705387798171,74.31905560895741
TS298,10.0,2.8099800957108707,-211.38568894341557,72.78592975747785
TS298,10.0,2.8187067419708423,-212.9039963330072,71.23668067631075
TS298,10.0,2.827433388230814,-214.42514358300485,69.67095251768728
TS298,10.0,2.8361600344907854,-215.94878294594994,68.08838972274857
TS298,10.0,2.8448866807507573,-217.47453488865807,66.4886377514146
TS298,10.0,2.853613327010729,-219.0019866921531,64.87134388172166
TS298,10.0,2.8623399732707004,-220.5306910664454,63.23615808150439
TS298,10.0,2.871066619530672,-222.06016479271446,61.582733954992165
TS298,10.0,2.8797932657906435,-223.58988740705007,59.910729766484785
TS298,10.0,2.8885199120506155,-225.1192999415643,58.219809542776446
TS298,10.0,2.897246558310587,-226.6478037403938,56.50964425538557
TS298,10.0,2.9059732045705586,-228.17475936985144,54.77991308291804
TS298,10.0,2.91469985083053,-229.69948564371325,53.03030475303638
TS298,10.0,2.923426497090502,-231.22125878632596,51.2605189625104
TS298,10.0,2.9321531433504737,-232.73931175783096,49.4702678726919
TS298,10.0,2.9408797896104453,-234.25283376728444,47.659277676471646
TS298,10.0,2.949606435870417,-235.76097000074788,45.82729023135378
TS298,10.0,2.9583330821303884,-237.26282159247305,43.97406475171005
TS298,10.0,2.9670597283903604,-238.75744586803162,42.09937955157476
TS298,10.0,2.975786374650332,-240.2438568885729,40.20303382751696
TS298,10.0,2.9845130209103035,-241.72102632525943,38.28484946919875
TS298,10.0,2.993239667170275,-243.1878846922377,36.344672883231205
TS298,10.0,3.001966313430247,-244.64332296518185,34.38237681389336
TS298,10.0,3.0106929596902186,-246.08619461041988,32.39786214223973
TS298,10.0,3.01941960595019,-247.51531804684578,30.391059643124755
TS298,10.0,3.0281462522101616,-248.92947955918152,28.361931677787418
TS298,10.0,3.036872898470133,-250.32743667663658,26.310473797915005
TS298,10.0,3.045599544730105,-251.70792202559875,24.23671623562515
TS298,10.0,3.0543261909900767,-253.06964765868184,22.14072525263456
TS298,10.0,3.0630528372500483,-254.41130985528986,20.022604321098218
TS298,10.0,3.07177948351002,-255.73159438089314,17.882495108286857
TS298,10.0,3.080506129769992,-257.0291821835683,15.720578237483183
TS298,10.0,3.0892327760299634,-258.3027554971621,13.537073798296621
TS298,10.0,3.097959422289935,-259.55100431088954,11.332241581064734
TS298,10.0,3.1066860685499065,-260.77263315549135,9.10638101217905
TS298,10.0,3.115412714809878,-261.9663681465083,6.859830770049285
TS298,10.0,3.12413936106985,-263.1309642160691,4.592968065015966
TS298,10.0,3.1328660073298216,-264.26521245613543,2.306207570801483
TS298,10.0,3.141592653589793,-265.3679474887166,3.249820074883597e-14
TS298,10.0,3.1503192998497647,-266.4380547724697,-2.325169678426233
TS298,10.0,3.1590459461097367,-267.47447775063034,-4.668784375778376
TS298,10.0,3.167772592369708,-268.47622474262573,-7.030297364301807
TS298,10.0,3.1764992386296798,-269.44237548123806,-9.409135085489234
TS298,10.0,3.1852258848896513,-270.3720871989313,-11.804700263247735
TS298,10.0,3.193952531149623,-271.26460017104284,-14.216375293066362
TS298,10.0,3.202679177409595,-272.1192426299357,-16.64352587261225
TS298,10.0,3.2114058236695664,-272.93543497283935,-19.085504834065944
TS298,10.0,3.220132469929538,-273.71269319679396,-21.54165613415078
TS298,10.0,3.2288591161895095,-274.45063150658666,-24.011318954357055
TS298,10.0,3.2375857624494815,-275.1489640555083,-26.493831861443695
TS298,10.0,3.246312408709453,-275.8075057937623,-28.98853697698702
TS298,10.0,3.2550390549694246,-276.4261724149834,-31.49478410459665
TS298,10.0,3.263765701229396,-277.0049794071203,-34.01193476442134
TS298,10.0,3.2724923474893677,-277.54404022941975,-36.53936608669971
TS298,10.0,3.2812189937493397,-278.04356365198805,-39.07647451927793
TS298,10.0,3.2899456400093112,-278.5038503079683,-41.622679308113455
TS298,10.0,3.2986722862692828,-278.9252885204121,-44.17742571466524
TS298,10.0,3.3073989325292543,-279.30834947614085,-46.7401879395623
TS298,10.0,3.3161255787892263,-279.6535818270782,-49.31047172787638
TS298,10.0,3.324852225049198,-279.9616058055504,-51.88781663749942
TS298,10.0,3.3335788713091694,-280.2331069438593,-54.471797958370665
TS298,10.0,3.342305517569141,-280.4688294900506,-57.06202827642419
TS298,10.0,3.351032163829113,-280.66956961134764,-59.65815868199304
TS298,10.0,3.3597588100890845,-280.8361684743553,-62.259879627858055
TS298,10.0,3.368485456349056,-280.9695052870796,-64.86692144707239
TS298,10.0,3.3772121026090276,-281.0704903823125,-67.47905454502525
TS298,10.0,3.385938748868999,-281.14005841527364,-70.09608928389528
TS298,10.0,3.394665395128971,-281.1791617408644,-72.71787558063656
TS298,10.0,3.4033920413889427,-281.188764027765,-75.34430224194517
TS298,10.0,3.4121186876489142,-281.16983415815486,-77.97529606129066
TS298,10.0,3.420845333908886,-281.12334045331204,-80.6108207040896
TS298,10.0,3.429571980168858,-281.0502452569708,-83.25087540751719
TS298,10.0,3.4382986264288293,-280.95149990027187,-85.89549352134289
TS298,10.0,3.447025272688801,-280.82804006457997,-88.54474091562071
TS298,10.0,3.4557519189487724,-280.68078155149146,-91.1987142801253
TS298,10.0,3.464478565208744,-280.5106164630897,-93.85753933919094
TS298,10.0,3.473205211468716,-280.3184097899806,-96.52136900413838
TS298,10.0,3.4819318577286875,-280.1049963998866,-99.19038148384416
TS298,10.0,3.490658503988659,-279.87117841558313,-101.86477837227788
TS298,10.0,3.4993851502486306,-279.61772296771557,-104.54478273005518
TS298,10.0,3.5081117965086026,-279.34536030549606,-107.23063717528983
TS298,10.0,3.516838442768574,-279.05478224639944,-109.92260199730342
TS298,10.0,3.5255650890285457,-278.74664094469136,-112.62095330511123
TS298,10.0,3.5342917352885173,-278.42154795787803,-115.32598122106414
TS298,10.0,3.543018381548489,-278.0800735898832,-118.03798812861899
TS298,10.0,3.551745027808461,-277.72274648987474,-120.75728698193575
TS298,10.0,3.5604716740684323,-277.350053486114,-123.48419968387473
TS298,10.0,3.569198320328404,-276.9624396349176,-126.21905553799049
TS298,10.0,3.5779249665883754,-276.560308465744,-128.96218977928507
TS298,10.0,3.5866516128483474,-276.14402240449607,-131.71394218779724
TS298,10.0,3.595378259108319,-275.7139033583044,-134.47465578854357
TS298,10.0,3.6041049053682905,-275.2702334462901,-137.2446756408948
TS298,10.0,3.612831551628262,-274.81325586204883,-140.02434772013785
TS298,10.0,3.6215581978882336,-274.34317585481847,-142.8140178937418
TS298,10.0,3.6302848441482056,-273.86016181746373,-145.61403099468427
TS298,10.0,3.639011490408177,-273.3643464704882,-148.424729994088
TS298,10.0,3.6477381366681487,-272.85582813226745,-151.24645527535685
TS298,10.0,3.6564647829281203,-272.33467206653734,-154.07954401194004
TS298,10.0,3.6651914291880923,-271.8009118988803,-156.92432965080434
TS298,10.0,3.673918075448064,-271.25455109448086,-159.78114150359772
TS298,10.0,3.6826447217080354,-270.6955644897876,-162.65030444734867
TS298,10.0,3.691371367968007,-270.1238998708854,-165.5321387363106
TS298,10.0,3.7000980142279785,-269.5394795913514,-168.4269599262251
TS298,10.0,3.7088246604879505,-268.9422022221242,-171.33507891179025
TS298,10.0,3.717551306747922,-268.3319442254522,-174.25680207745958
TS298,10.0,3.7262779530078936,-267.7085616442955,-177.1924315608259
TS298,10.0,3.735004599267865,-267.0718917976234,-180.14226562671593
TS298,10.0,3.743731245527837,-266.4217549708768,-183.10659914870837
TS298,10.0,3.7524578917878086,-265.7579560894358,-186.08572419302803
TS298,10.0,3.76118453804778,-265.08028636124607,-189.07993069762992
TS298,10.0,3.7699111843077517,-264.3885248727995,-192.08950723669196
TS298,10.0,3.7786378305677233,-263.6824401204378,-195.11474185765383
TS298,10.0,3.7873644768276953,-262.96179145642384,-198.15592297427455
TS298,10.0,3.796091123087667,-262.22633042642104,-201.21334029488128
TS298,10.0,3.8048177693476384,-261.4758019718913,-204.28728575995544
TS298,10.0,3.81354441560761,-260.70994546749273,-207.3780544573546
TS298,10.0,3.822271061867582,-259.9284955597694,-210.48594547670064
TS298,10.0,3.8309977081275535,-259.13118276929794,-213.61126265665598
TS298,10.0,3.839724354387525,-258.31773381393805,-216.75431516982619
TS298,10.0,3.8484510006474966,-257.48787160591195,-219.91541787970633
TS298,10.0,3.857177646907468,-256.64131487008444,-223.09489139228262
TS298,10.0,3.86590429316744,-255.77777732497844,-226.29306171137284
TS298,10.0,3.8746309394274117,-254.89696636173315,-229.51025939135502
TS298,10.0,3.883357585687383,-253.99858114931803,-232.74681806331432
TS298,10.0,3.8920842319473548,-253.08231008685868,-236.00307219056535
TS298,10.0,3.9008108782073267,-252.14782751585338,-239.27935388668013
TS298,10.0,3.9095375244672983,-251.1947895963557,-242.57598860322548
TS298,10.0,3.91826417072727,-250.22282924189778,-245.89328946507757
TS298,10.0,3.9269908169872414,-249.23154999805024,-249.23154999805018
TS298,10.0,3.935717463247213,-248.22051873920847,-252.5910349563943
TS298,10.0,3.944444109507185,-247.18925704763518,-255.97196891619544
TS298,10.0,3.9531707557671565,-246.13723112833551,-259.37452225472657
TS298,10.0,3.961897402027128,-245.06384010348583,-262.7987940854701
TS298,10.0,3.9706240482870996,-243.96840252165788,-266.244791664175
TS298,10.0,3.9793506945470716,-242.85014091105572,-269.71240572385153
TS298,10.0,3.988077340807043,-241.7081642039517,-273.2013811375315
TS298,10.0,3.9968039870670147,-240.54144786356318,-276.7112822494427
TS298,10.0,4.005530633326987,-239.34881155758998,-280.24145216175634
TS298,10.0,4.014257279586958,-238.128894248277,-283.7909652208707
TS298,10.0,4.02298392584693,-236.88012661204263,-287.3585719222236
TS298,10.0,4.031710572106901,-235.60070076862868,-290.94263545684476
TS298,10.0,4.040437218366873,-234.28853739809927,-294.54105917112787
TS298,10.0,4.049163864626845,-232.94125046322966,-298.15120432300307
TS298,10.0,4.057890510886816,-231.55610994585325,-301.76979771784363
TS298,10.0,4.066617157146788,-230.13000326092617,-305.39282912690015
TS298,10.0,4.075343803406759,-228.65939634433875,-309.01543886688285
TS298,10.0,4.084070449666731,-227.14029583201867,-312.6317965936642
TS298,10.0,4.092797095926703,-225.56821426772194,-316.2349732807057
TS298,10.0,4.101523742186674,-223.93814089746073,-319.8168095562431
TS298,10.0,4.110250388446646,-222.24452132039713,-323.3677850941635
TS298,10.0,4.118977034706618,-220.48125004120334,-326.87689559998626
TS298,10.0,4.127703680966589,-218.64168075240843,-330.3315460718522
TS298,10.0,4.136430327226561,-216.71865987639612,-333.71747134851176
TS298,10.0,4.145156973486532,-214.70458938125913,-337.0186972926952
TS298,10.0,4.153883619746504,-212.59152497185445,-340.21755799395135
TS298,10.0,4.162610266006476,-210.37131522590113,-343.2947856748894
TS298,10.0,4.171336912266447,-208.03578585424785,-346.22968999189067
TS298,10.0,4.180063558526419,-205.57697079648315,-349.00044150396593
TS298,10.0,4.1887902047863905,-202.98738818692175,-351.58446963545464
TS298,10.0,4.1975168510463625,-200.2603543808734,-353.95897805887444
TS298,10.0,4.2062434973063345,-197.39032351193813,-356.1015700440123
TS298,10.0,4.214970143566306,-194.37323406796122,-357.99096353053744
TS298,10.0,4.223696789826278,-191.20683864719183,-359.60776179897954
TS298,10.0,4.232423436086249,-187.89098951503746,-360.9352326773133
TS298,10.0,4.241150082346221,-184.42785194443593,-361.9600397338983
TS298,10.0,4.249876728606193,-180.822020399027,-362.67286534093114
TS298,10.0,4.258603374866164,-177.08051960343298,-363.06886961177617
TS298,10.0,4.267330021126136,-173.21268282223343,-363.1479414518437
TS298,10.0,4.276056667386108,-169.229911821456,-362.91471705833504
TS298,10.0,4.284783313646079,-165.14533505887402,-362.3783643228472
TS298,10.0,4.293509959906051,-160.97339060650188,-361.55215492225085
TS298,10.0,4.302236606166022,-156.7293665408272,-360.45286557198057
TS298,10.0,4.310963252425994,-152.42893324425822,-359.1000630034765
TS298,10.0,4.319689898685966,-148.0876993920164,-357.5153322928362
TS298,10.0,4.328416544945937,-143.72081730783052,-355.72150548085625
TS298,10.0,4.337143191205909,-139.34265529033655,-353.74193862909
TS298,10.0,4.34586983746588,-134.96654595123277,-351.5998729570495
TS298,10.0,4.354596483725852,-130.60461182870299,-349.31790200301833
TS298,10.0,4.363323129985824,-126.26766337228433,-346.9175539226489
TS298,10.0,4.372049776245795,-121.96516019315044,-344.41898746380303
TS298,10.0,4.380776422505767,-117.70522419742534,-341.8407924734342
TS298,10.0,4.389503068765738,-113.49469256918556,-339.1998810326519
TS298,10.0,4.39822971502571,-109.3391991208869,-336.51145310228037
TS298,10.0,4.406956361285682,-105.2432738459884,-333.7890203136252
TS298,10.0,4.4156830075456535,-101.21045221268103,-331.0444726378113
TS298,10.0,4.4244096538056255,-97.2433875399843,-328.28817455610147
TS298,10.0,4.4331363000655974,-93.34396150339491,-325.52907959226957
TS298,10.0,4.4418629463255686,-89.51338931454521,-322.7748543426102
TS298,10.0,4.4505895925855405,-85.75231735900392,-320.03200525057343
TS298,10.0,4.459316238845512,-82.0609120528346,-317.30600321402864
TS298,10.0,4.468042885105484,-78.43893941256947,-314.6014026427069
TS298,10.0,4.476769531365456,-74.8858353589652,-311.9219528037269
TS298,10.0,4.485496177625427,-71.4007671306246,-309.2707002316812
TS298,10.0,4.494222823885399,-67.98268640661831,-306.6500816761242
TS298,10.0,4.50294947014537,-64.63037486066305,-304.06200755635405
TS298,10.0,4.511676116405342,-61.3424829209343,-301.50793623219533
TS298,10.0,4.520402762665314,-58.11756251143176,-298.9889396165921
TS298,10.0,4.529129408925285,-54.95409452002442,-296.5057607819484
TS298,10.0,4.537856055185257,-51.8505116877094,-294.05886427238187
TS298,10.0,4.546582701445229,-48.805217552398034,-291.64847984802395
TS298,10.0,4.5553093477052,-45.8166020151369,-289.2746403703339
TS298,10.0,4.564035993965172,-42.88305403141237,-286.9372145003877
TS298,10.0,4.572762640225143,-40.002971867792986,-284.6359348334807
TS298,10.0,4.581489286485115,-37.174771306244935,-282.3704220390268
TS298,10.0,4.590215932745087,-34.39689212586364,-280.14020551870567
TS298,10.0,4.598942579005058,-31.667803144724406,-277.9447410407777
TS298,10.0,4.60766922526503,-28.986006063052567,-275.78342575618797
TS298,10.0,4.616395871525001,-26.35003831262834,-273.6556109534977
TS298,10.0,4.625122517784973,-23.758475085865747,-271.56061286529757
TS298,10.0,4.633849164044945,-21.209930690908756,-269.49772179876294
TS298,10.0,4.642575810304916,-18.70305935583683,-267.466209827295
TS298,10.0,4.651302456564888,-16.236555585254806,-265.46533724857534
TS298,10.0,4.6600291028248595,-13.809154155685762,-263.4943579865477
TS298,10.0,4.6687557490848315,-11.419629821891606,-261.5525240904777
TS298,10.0,4.6774823953448035,-9.06679679418553,-259.63908946302564
TS298,10.0,4.686209041604775,-6.749508036604474,-257.75331293081393
TS298,10.0,4.694935687864747,-4.46665442724975,-255.89446075500013
TS298,10.0,4.703662334124719,-2.2171638149052506,-254.06180866555357
TS298,10.0,4.71238898038469,-4.633842625819922e-14,-252.25464349101492
TS298,10.0,4.721115626644662,2.1858383370657353,-250.47226444525285
TS298,10.0,4.729842272904633,4.341318741438295,-248.7139841239022
TS298,10.0,4.738568919164605,6.467376107912314,-246.97912925556568
TS298,10.0,4.747295565424577,8.564913811286873,-245.26704124635071
TS298,10.0,4.756022211684548,10.63480483310245,-243.57707655070283
TS298,10.0,4.76474885794452,12.677892876910365,-241.908606896702
TS298,10.0,4.773475504204491,14.694993465910596,-240.26101938986895
TS298,10.0,4.782202150464463,16.686895018194573,-238.6337165159898
TS298,10.0,4.790928796724435,18.654359895967783,-237.02611606045255
TS298,10.0,4.799655442984406,20.59812542608451,-235.43765095898502
TS298,10.0,4.808382089244378,22.51890488999548,-233.86776909246782
TS298,10.0,4.817108735504349,24.41738848184322,-232.31593303659417
TS298,10.0,4.825835381764321,26.29424423396199,-230.78161977551204
TS298,10.0,4.834562028024293,28.15011890944493,-229.2643203871975
TS298,10.0,4.843288674284264,29.985638861786324,-227.76353970710514
TS298,10.0,4.852015320544236,31.8014108618666,-226.27879597562588
TS298,10.0,4.860741966804208,33.59802289275736,-224.80962047400405
TS298,10.0,4.869468613064179,35.37604491299235,-223.3555571526181
TS298,10.0,4.878195259324151,37.13602958906905,-221.9161622548905
TS298,10.0,4.886921905584122,38.87851299803843,-220.49100393954666
TS298,10.0,4.895648551844094,40.60401530111309,-219.07966190347278
TS298,10.0,4.904375198104066,42.31304138925903,-217.6817270070301
TS298,10.0,4.9131018443640375,44.00608150177385,-216.2968009033365
TS298,10.0,4.9218284906240095,45.68361181886195,-214.92449567274357
TS298,10.0,4.930555136883981,47.34609502921872,-213.5644334634892
TS298,10.0,4.939281783143953,48.99398087363608,-212.21624613929413
TS298,10.0,4.948008429403925,50.62770666561715,-210.87957493449994
TS298,10.0,4.956735075663896,52.24769778997873,-209.55407011718987
TS298,10.0,4.965461721923868,53.85436818038963,-208.2393906606105
TS298,10.0,4.974188368183839,55.448120776766515,-206.93520392310853
TS298,10.0,4.982915014443811,57.029347963425,-205.6411853366999
TS298,10.0,4.991641660703783,58.59843198884383,-204.35701810432295
TS298,10.0,5.000368306963754,60.15574536787692,-203.08239290575813
TS298,10.0,5.009094953223726,61.701651267209854,-201.81700761214867
TS298,10.0,5.017821599483698,63.23650387482473,-200.56056700901502
TS298,10.0,5.026548245743669,64.76064875420916,-199.31278252761877
TS298,10.0,5.035274892003641,66.2744231840087,-198.07337198450568
TS298,10.0,5.044001538263612,67.77815648378987,-196.8420593290369
TS298,10.0,5.052728184523584,69.27217032655602,-195.61857439869502
TS298,10.0,5.061454830783556,70.75677903861919,-194.4026526819462
TS298,10.0,5.070181477043527,72.23228988741037,-193.1940350884211
TS298,10.0,5.078908123303499,73.69900335777729,-191.99246772617732
TS298,10.0,5.08763476956347,75.15721341729106,-190.79770168579947
TS298,10.0,5.096361415823442,76.60720777106225,-189.6094928310869
TS298,10.0,5.105088062083414,78.04926810653329,-188.4276015960864
TS298,10.0,5.113814708343385,79.48367032869797,-187.2517927882185
TS298,10.0,5.122541354603357,80.91068478617017,-186.08183539725545
TS298,10.0,5.1312680008633285,82.33057648850117,-184.91750240990768
TS298,10.0,5.1399946471233005,83.7436053151294,-183.7585706297796
TS298,10.0,5.1487212933832724,85.15002621631665,-182.60482050246128
TS298,10.0,5.1574479396432436,86.55008940641322,-181.45603594552503
TS298,10.0,5.1661745859032155,87.94404054977133,-180.3120041832016
TS298,10.0,5.1749012321631875,89.33212093960603,-179.17251558551774
TS298,10.0,5.183627878423159,90.71456767009118,-178.03736351167893
TS298,10.0,5.192354524683131,92.09161380195586,-176.90634415748826
TS298,10.0,5.201081170943102,93.46348852183039,-175.7792564065997
TS298,10.0,5.209807817203074,94.83041729558104,-174.6559016854049
TS298,10.0,5.218534463463046,96.1926220158488,-173.53608382136446
TS298,10.0,5.227261109723017,97.5503211440006,-172.41960890459356
TS298,10.0,5.235987755982989,98.90372984668316,-171.30628515252158
TS298,10.0,5.24471440224296,100.25306012715407,-170.1959227774505
TS298,10.0,5.253441048502932,101.59852095155847,-169.088333856838
TS298,10.0,5.262167694762904,102.9403183702962,-167.9833322061425
TS298,10.0,5.270894341022875,104.27865563462129,-166.88073325406566
TS298,10.0,5.279620987282847,105.61373330859666,-165.78035392003724
TS298,10.0,5.288347633542818,106.9457493765155,-164.68201249379166
TS298,10.0,5.29707427980279,108.27489934589236,-163.58552851688526
TS298,10.0,5.305800926062762,109.60137634610803,-162.4907226660152
TS298,10.0,5.314527572322733,110.9253712227868,-161.3974166379975
TS298,10.0,5.323254218582705,112.24707262796947,-160.30543303627198
TS298,10.0,5.331980864842677,113.56666710613081,-159.21459525880178
TS298,10.0,5.340707511102648,114.8843391760845,-158.12472738724094
TS298,10.0,5.34943415736262,116.20027140880065,-157.03565407724597
TS298,10.0,5.358160803622591,117.51464450114963,-155.94720044981415
TS298,10.0,5.366887449882563,118.82763734557699,-154.85919198352917
TS298,10.0,5.375614096142535,120.13942709569496,-153.77145440760512
TS298,10.0,5.3843407424025065,121.45018922776994,-152.6838135956177
TS298,10.0,5.3930673886624785,122.76009759806688,-151.59609545981814
TS298,10.0,5.40179403492245,124.06932449599805,-150.50812584592927
TS298,10.0,5.410520681182422,125.37804069301426,-149.41973042832282
TS298,10.0,5.419247327442394,126.6864154871537,-148.3307346054867
TS298,10.0,5.427973973702365,127.99461674315677,-147.2409633956889
TS298,10.0,5.436700619962337,129.302810928034,-146.15024133275196
TS298,10.0,5.445427266222308,130.6111631419575,-145.05839236185554
TS298,10.0,5.45415391248228,131.91983714433493,-143.96523973528662
TS298,10.0,5.462880558742252,133.22899537489891,-142.8706059080647
TS298,10.0,5.471607205002223,134.53879896963312,-141.77431243337026
TS298,10.0,5.480333851262195,135.8494077713332,-140.6761798577117
TS298,10.0,5.489060497522167,137.16098033457928,-139.57602761577206
TS298,10.0,5.497787143782138,138.47367392487945,-138.4736739248795
TS298,10.0,5.50651379004211,139.78764451171728,-137.36893567905355
TS298,10.0,5.515240436302081,141.10304675521272,-136.2616283425868
TS298,10.0,5.523967082562053,142.42003398608574,-135.15156584312433
TS298,10.0,5.532693728822025,143.7387581785783,-134.0385604642174
TS298,10.0,5.541420375081996,145.05936991597093,-132.9224227373294
TS298,10.0,5.550147021341968,146.38201834829604,-131.80296133328636
TS298,10.0,5.558873667601939,147.7068511418204,-130.67998295317258
TS298,10.0,5.567600313861911,149.03401441984303,-129.55329221868186
TS298,10.0,5.576326960121883,150.36365269431275,-128.4226915619492
TS298,10.0,5.585053606381854,151.69590878774412,-127.28798111489849
TS298,10.0,5.593780252641826,153.03092374486874,-126.14895859815789
TS298,10.0,5.602506898901797,154.36883673342126,-125.00541920961156
TS298,10.0,5.611233545161769,155.70978493342486,-123.85715551266925
TS298,10.0,5.619960191421741,157.05390341429325,-122.70395732436155
TS298,10.0,5.6286868376817125,158.40132499902967,-121.54561160338193
TS298,10.0,5.6374134839416845,159.75218011475653,-120.38190233822584
TS298,10.0,5.6461401302016565,161.10659662876236,-119.21261043559984
TS298,10.0,5.654866776461628,162.46469966921046,-118.03751360929995
TS298,10.0,5.6635934227216,163.82661142960174,-116.8563862697912
TS298,10.0,5.672320068981571,165.1924509560353,-115.6689994147538
TS298,10.0,5.681046715241543,166.56233391626355,-114.47512052089164
TS298,10.0,5.689773361501515,167.93637234948386,-113.27451343734779
TS298,10.0,5.698500007761486,169.314674395762,-112.06693828110478
TS298,10.0,5.707226654021458,170.69734400392946,-110.85215133479932
TS298,10.0,5.715953300281429,172.08448061674682,-109.629904947433
TS298,10.0,5.724679946541401,173.47617883208036,-108.39994743850869
TS298,10.0,5.733406592801373,174.87252803878587,-107.16202300619028
TS298,10.0,5.742133239061344,176.27361202595702,-105.91587164014064
TS298,10.0,5.750859885321316,177.67950856414987,-104.66122903976509
TS298,10.0,5.759586531581287,179.09028895716008,-103.39782653866436
TS298,10.0,5.768313177841259,180.50601756290456,-102.12539103617497
TS298,10.0,5.777039824101231,181.92675128192812,-100.84364493696935
TS298,10.0,5.785766470361202,183.3525390120514,-99.55230609977225
TS298,10.0,5.794493116621174,184.7834210676674,-98.25108779635315
TS298,10.0,5.803219762881146,186.21942856220448,-96.93969868205834
TS298,10.0,5.811946409141117,187.66058275230324,-95.61784277925382
TS298,10.0,5.820673055401089,189.1068943422926,-94.28521947517058
TS298,10.0,5.82939970166106,190.55836274761384,-92.94152353576621
TS298,10.0,5.838126347921032,192.01497531593435,-91.58644513734188
TS298,10.0,5.846852994181004,193.4767065047977,-90.21966991779415
TS298,10.0,5.8555796404409755,194.94351701481102,-88.8408790495126
TS298,10.0,5.8643062867009474,196.41535287754567,-87.44974933608184
TS298,10.0,5.8730329329609186,197.89214449754795,-86.04595333509118
TS298,10.0,5.8817595792208905,199.37380564812594,-84.62915950949775
TS298,10.0,5.8904862254808625,200.86023242088663,-83.19903241014325
TS298,10.0,5.899212871740834,202.35130212937366,-81.75523289216045
TS298,10.0,5.907939518000806,203.8468721675844,-80.29741836815153
TS298,10.0,5.916666164260777,205.34677882464,-78.82524310115153
TS298,10.0,5.925392810520749,206.85083605746013,-77.33835854050741
TS298,10.0,5.934119456780721,208.35883422393346,-75.83641370391786
TS298,10.0,5.942846103040692,209.87053877981708,-74.31905560895743
TS298,10.0,5.951572749300664,211.38568894341557,-72.78592975747786
TS298,10.0,5.960299395560636,212.90399633300723,-71.2366806763107
TS298,10.0,5.969026041820607,214.42514358300485,-69.67095251768731
TS298,10.0,5.977752688080579,215.94878294595003,-68.08838972274852
TS298,10.0,5.98647933434055,217.47453488865793,-66.4886377514147
TS298,10.0,5.995205980600522,219.00198669215308,-64.87134388172167
TS298,10.0,6.003932626860494,220.53069106644548,-63.23615808150435
TS298,10.0,6.012659273120465,222.06016479271446,-61.582733954992186
TS298,10.0,6.021385919380437,223.58988740705016,-59.91072976648472
TS298,10.0,6.030112565640408,225.11929994156415,-58.21980954277655
TS298,10.0,6.03883921190038,226.64780374039378,-56.509644255385595
TS298,10.0,6.047565858160352,228.17475936985153,-54.77991308291798
TS298,10.0,6.056292504420323,229.6994856437132,-53.0303047530364
TS298,10.0,6.065019150680295,231.22125878632593,-51.26051896251043
TS298,10.0,6.073745796940266,232.7393117578309,-49.47026787269202
TS298,10.0,6.082472443200238,234.25283376728444,-47.659277676471675
TS298,10.0,6.09119908946021,235.7609700007479,-45.827290231353714
TS298,10.0,6.0999257357201815,237.26282159247302,-43.974064751710074
TS298,10.0,6.1086523819801535,238.7574458680316,-42.099379551574785
TS298,10.0,6.1173790282401255,240.24385688857296,-40.2030338275169
TS298,10.0,6.126105674500097,241.72102632525943,-38.284849469198775
TS298,10.0,6.134832320760069,243.18788469223773,-36.344672883231134
TS298,10.0,6.14355896702004,244.64332296518177,-34.38237681389349
TS298,10.0,6.152285613280012,246.0861946104198,-32.397862142239745
TS298,10.0,6.161012259539984,247.5153180468458,-30.391059643124674
TS298,10.0,6.169738905799955,248.92947955918152,-28.36193167778745
TS298,10.0,6.178465552059927,250.32743667663664,-26.31047379791493
TS298,10.0,6.187192198319898,251.7079220255986,-24.23671623562528
TS298,10.0,6.19591884457987,253.06964765868182,-22.140725252634592
TS298,10.0,6.204645490839842,254.4113098552899,-20.022604321098136
TS298,10.0,6.213372137099813,255.73159438089314,-17.882495108286886
TS298,10.0,6.222098783359785,257.02918218356825,-15.720578237483213
TS298,10.0,6.230825429619756,258.30275549716197,-13.537073798296761
TS298,10.0,6.239552075879728,259.55100431088954,-11.332241581064766
TS298,10.0,6.2482787221397,260.77263315549135,-9.106381012178966
TS298,10.0,6.257005368399671,261.9663681465083,-6.859830770049317
TS298,10.0,6.265732014659643,263.1309642160691,-4.592968065015998
TS298,10.0,6.274458660919615,264.26521245613554,-2.3062075708013987
TS298,10.0,6.283185307179586,265.36794748871654,-6.499640149767192e-14
